python : C:\Users\imia/.cache/torch/hub/facebookresearch_dinov2_main\dinov2\layers\swiglu_ffn.py:51: UserWarning: xForm
ers is not available (SwiGLU)
At line:15 char:3246
+ ... mix05.log ; python scripts/m0_baseline.py --dataset gyudet --max-test ...
+                 ~~~~~~~~~~~~~~~~~~~~~~~~~~~~~~~~~~~~~~~~~~~~~~~~~~~~~~~~~
    + CategoryInfo          : NotSpecified: (C:\Users\imia/....ilable (SwiGLU):String) [], RemoteException
    + FullyQualifiedErrorId : NativeCommandError
 
  warnings.warn("xFormers is not available (SwiGLU)")
C:\Users\imia/.cache/torch/hub/facebookresearch_dinov2_main\dinov2\layers\attention.py:33: UserWarning: xFormers is not
 available (Attention)
  warnings.warn("xFormers is not available (Attention)")
C:\Users\imia/.cache/torch/hub/facebookresearch_dinov2_main\dinov2\layers\block.py:40: UserWarning: xFormers is not ava
ilable (Block)
  warnings.warn("xFormers is not available (Block)")
[shead] U70 focus_topk=0.1 focus_score_only=True
[disc] 加载预训练头 d:\CGAIC\demo5\outputs\m0\disc_pretrain.pt
    [extract] 20/100 (3s)
    [extract] 40/100 (7s)
    [extract] 60/100 (13s)
    [extract] 80/100 (19s)
    [extract] 100/100 (24s)
  [fit] init_normal 提取 100 张完成 (24s)
    [extract] 20/30 (5s)
  [fit] init_defect 提取 30 张完成 (32s)
  [fit] 槽位 sem 完成 (34s)
  [fit] 槽位 disc 完成 (34s)
[shead] epoch 10/100 loss_n=6.1205 loss_a=6.5558
[shead] epoch 20/100 loss_n=6.3431 loss_a=5.6712
[shead] epoch 30/100 loss_n=6.1176 loss_a=5.0779
[shead] epoch 40/100 loss_n=4.3938 loss_a=4.0080
[shead] epoch 50/100 loss_n=1.8055 loss_a=1.9236
[shead] epoch 60/100 loss_n=0.5471 loss_a=0.9219
[shead] epoch 70/100 loss_n=0.5994 loss_a=0.7577
[shead] epoch 80/100 loss_n=0.2129 loss_a=0.2740
[shead] epoch 90/100 loss_n=0.2280 loss_a=0.2104
[shead] epoch 100/100 loss_n=1.0433 loss_a=0.0992
[shead] fit 完成: normal=96 pseudo=288 real_defect=30 pos_total=318 X=414 batch=32 lr=0.001
  [fit] 槽位 shead 完成 (47s)
  [fit] 槽位 blob 完成 (47s)
D:\CGAIC\demo5\scripts\..\src\slots\..\..\..\demo4\src\features\traditional.py:247: FutureWarning: Parameter `min_size`
 is deprecated since version 0.26.0 and will be removed in 2.0.0 (or later). To avoid this warning, please use the para
meter `max_size` instead. For more details, see the documentation of `remove_small_objects`. Note that the new threshol
d removes objects smaller than **or equal to** its value, while the previous parameter only removed smaller ones.
  bw = morphology.remove_small_objects(bw.astype(bool), min_size=50)
  [fit] 槽位 trad 完成 (63s)
  [fit] 槽位 layout 完成 (65s)
  [fit] 槽位 inp 完成 (65s)
D:\CGAIC\demo5\scripts\..\src\slots\..\..\..\demo4\src\features\traditional.py:247: FutureWarning: Parameter `min_size`
 is deprecated since version 0.26.0 and will be removed in 2.0.0 (or later). To avoid this warning, please use the para
meter `max_size` instead. For more details, see the documentation of `remove_small_objects`. Note that the new threshol
d removes objects smaller than **or equal to** its value, while the previous parameter only removed smaller ones.
  bw = morphology.remove_small_objects(bw.astype(bool), min_size=50)
D:\CGAIC\demo5\scripts\..\src\slots\..\..\..\demo4\src\features\traditional.py:247: FutureWarning: Parameter `min_size`
 is deprecated since version 0.26.0 and will be removed in 2.0.0 (or later). To avoid this warning, please use the para
meter `max_size` instead. For more details, see the documentation of `remove_small_objects`. Note that the new threshol
d removes objects smaller than **or equal to** its value, while the previous parameter only removed smaller ones.
  bw = morphology.remove_small_objects(bw.astype(bool), min_size=50)
D:\CGAIC\demo5\scripts\..\src\slots\..\..\..\demo4\src\features\traditional.py:247: FutureWarning: Parameter `min_size`
 is deprecated since version 0.26.0 and will be removed in 2.0.0 (or later). To avoid this warning, please use the para
meter `max_size` instead. For more details, see the documentation of `remove_small_objects`. Note that the new threshol
d removes objects smaller than **or equal to** its value, while the previous parameter only removed smaller ones.
  bw = morphology.remove_small_objects(bw.astype(bool), min_size=50)
D:\CGAIC\demo5\scripts\..\src\slots\..\..\..\demo4\src\features\traditional.py:247: FutureWarning: Parameter `min_size`
 is deprecated since version 0.26.0 and will be removed in 2.0.0 (or later). To avoid this warning, please use the para
meter `max_size` instead. For more details, see the documentation of `remove_small_objects`. Note that the new threshol
d removes objects smaller than **or equal to** its value, while the previous parameter only removed smaller ones.
  bw = morphology.remove_small_objects(bw.astype(bool), min_size=50)
D:\CGAIC\demo5\scripts\..\src\slots\..\..\..\demo4\src\features\traditional.py:247: FutureWarning: Parameter `min_size`
 is deprecated since version 0.26.0 and will be removed in 2.0.0 (or later). To avoid this warning, please use the para
meter `max_size` instead. For more details, see the documentation of `remove_small_objects`. Note that the new threshol
d removes objects smaller than **or equal to** its value, while the previous parameter only removed smaller ones.
  bw = morphology.remove_small_objects(bw.astype(bool), min_size=50)
D:\CGAIC\demo5\scripts\..\src\slots\..\..\..\demo4\src\features\traditional.py:247: FutureWarning: Parameter `min_size`
 is deprecated since version 0.26.0 and will be removed in 2.0.0 (or later). To avoid this warning, please use the para
meter `max_size` instead. For more details, see the documentation of `remove_small_objects`. Note that the new threshol
d removes objects smaller than **or equal to** its value, while the previous parameter only removed smaller ones.
  bw = morphology.remove_small_objects(bw.astype(bool), min_size=50)
D:\CGAIC\demo5\scripts\..\src\slots\..\..\..\demo4\src\features\traditional.py:247: FutureWarning: Parameter `min_size`
 is deprecated since version 0.26.0 and will be removed in 2.0.0 (or later). To avoid this warning, please use the para
meter `max_size` instead. For more details, see the documentation of `remove_small_objects`. Note that the new threshol
d removes objects smaller than **or equal to** its value, while the previous parameter only removed smaller ones.
  bw = morphology.remove_small_objects(bw.astype(bool), min_size=50)
D:\CGAIC\demo5\scripts\..\src\slots\..\..\..\demo4\src\features\traditional.py:247: FutureWarning: Parameter `min_size`
 is deprecated since version 0.26.0 and will be removed in 2.0.0 (or later). To avoid this warning, please use the para
meter `max_size` instead. For more details, see the documentation of `remove_small_objects`. Note that the new threshol
d removes objects smaller than **or equal to** its value, while the previous parameter only removed smaller ones.
  bw = morphology.remove_small_objects(bw.astype(bool), min_size=50)
D:\CGAIC\demo5\scripts\..\src\slots\..\..\..\demo4\src\features\traditional.py:247: FutureWarning: Parameter `min_size`
 is deprecated since version 0.26.0 and will be removed in 2.0.0 (or later). To avoid this warning, please use the para
meter `max_size` instead. For more details, see the documentation of `remove_small_objects`. Note that the new threshol
d removes objects smaller than **or equal to** its value, while the previous parameter only removed smaller ones.
  bw = morphology.remove_small_objects(bw.astype(bool), min_size=50)
D:\CGAIC\demo5\scripts\..\src\slots\..\..\..\demo4\src\features\traditional.py:247: FutureWarning: Parameter `min_size`
 is deprecated since version 0.26.0 and will be removed in 2.0.0 (or later). To avoid this warning, please use the para
meter `max_size` instead. For more details, see the documentation of `remove_small_objects`. Note that the new threshol
d removes objects smaller than **or equal to** its value, while the previous parameter only removed smaller ones.
  bw = morphology.remove_small_objects(bw.astype(bool), min_size=50)
D:\CGAIC\demo5\scripts\..\src\slots\..\..\..\demo4\src\features\traditional.py:247: FutureWarning: Parameter `min_size`
 is deprecated since version 0.26.0 and will be removed in 2.0.0 (or later). To avoid this warning, please use the para
meter `max_size` instead. For more details, see the documentation of `remove_small_objects`. Note that the new threshol
d removes objects smaller than **or equal to** its value, while the previous parameter only removed smaller ones.
  bw = morphology.remove_small_objects(bw.astype(bool), min_size=50)
D:\CGAIC\demo5\scripts\..\src\slots\..\..\..\demo4\src\features\traditional.py:247: FutureWarning: Parameter `min_size`
 is deprecated since version 0.26.0 and will be removed in 2.0.0 (or later). To avoid this warning, please use the para
meter `max_size` instead. For more details, see the documentation of `remove_small_objects`. Note that the new threshol
d removes objects smaller than **or equal to** its value, while the previous parameter only removed smaller ones.
  bw = morphology.remove_small_objects(bw.astype(bool), min_size=50)
D:\CGAIC\demo5\scripts\..\src\slots\..\..\..\demo4\src\features\traditional.py:247: FutureWarning: Parameter `min_size`
 is deprecated since version 0.26.0 and will be removed in 2.0.0 (or later). To avoid this warning, please use the para
meter `max_size` instead. For more details, see the documentation of `remove_small_objects`. Note that the new threshol
d removes objects smaller than **or equal to** its value, while the previous parameter only removed smaller ones.
  bw = morphology.remove_small_objects(bw.astype(bool), min_size=50)
D:\CGAIC\demo5\scripts\..\src\slots\..\..\..\demo4\src\features\traditional.py:247: FutureWarning: Parameter `min_size`
 is deprecated since version 0.26.0 and will be removed in 2.0.0 (or later). To avoid this warning, please use the para
meter `max_size` instead. For more details, see the documentation of `remove_small_objects`. Note that the new threshol
d removes objects smaller than **or equal to** its value, while the previous parameter only removed smaller ones.
  bw = morphology.remove_small_objects(bw.astype(bool), min_size=50)
D:\CGAIC\demo5\scripts\..\src\slots\..\..\..\demo4\src\features\traditional.py:247: FutureWarning: Parameter `min_size`
 is deprecated since version 0.26.0 and will be removed in 2.0.0 (or later). To avoid this warning, please use the para
meter `max_size` instead. For more details, see the documentation of `remove_small_objects`. Note that the new threshol
d removes objects smaller than **or equal to** its value, while the previous parameter only removed smaller ones.
  bw = morphology.remove_small_objects(bw.astype(bool), min_size=50)
D:\CGAIC\demo5\scripts\..\src\slots\..\..\..\demo4\src\features\traditional.py:247: FutureWarning: Parameter `min_size`
 is deprecated since version 0.26.0 and will be removed in 2.0.0 (or later). To avoid this warning, please use the para
meter `max_size` instead. For more details, see the documentation of `remove_small_objects`. Note that the new threshol
d removes objects smaller than **or equal to** its value, while the previous parameter only removed smaller ones.
  bw = morphology.remove_small_objects(bw.astype(bool), min_size=50)
D:\CGAIC\demo5\scripts\..\src\slots\..\..\..\demo4\src\features\traditional.py:247: FutureWarning: Parameter `min_size`
 is deprecated since version 0.26.0 and will be removed in 2.0.0 (or later). To avoid this warning, please use the para
meter `max_size` instead. For more details, see the documentation of `remove_small_objects`. Note that the new threshol
d removes objects smaller than **or equal to** its value, while the previous parameter only removed smaller ones.
  bw = morphology.remove_small_objects(bw.astype(bool), min_size=50)
D:\CGAIC\demo5\scripts\..\src\slots\..\..\..\demo4\src\features\traditional.py:247: FutureWarning: Parameter `min_size`
 is deprecated since version 0.26.0 and will be removed in 2.0.0 (or later). To avoid this warning, please use the para
meter `max_size` instead. For more details, see the documentation of `remove_small_objects`. Note that the new threshol
d removes objects smaller than **or equal to** its value, while the previous parameter only removed smaller ones.
  bw = morphology.remove_small_objects(bw.astype(bool), min_size=50)
D:\CGAIC\demo5\scripts\..\src\slots\..\..\..\demo4\src\features\traditional.py:247: FutureWarning: Parameter `min_size`
 is deprecated since version 0.26.0 and will be removed in 2.0.0 (or later). To avoid this warning, please use the para
meter `max_size` instead. For more details, see the documentation of `remove_small_objects`. Note that the new threshol
d removes objects smaller than **or equal to** its value, while the previous parameter only removed smaller ones.
  bw = morphology.remove_small_objects(bw.astype(bool), min_size=50)
D:\CGAIC\demo5\scripts\..\src\slots\..\..\..\demo4\src\features\traditional.py:247: FutureWarning: Parameter `min_size`
 is deprecated since version 0.26.0 and will be removed in 2.0.0 (or later). To avoid this warning, please use the para
meter `max_size` instead. For more details, see the documentation of `remove_small_objects`. Note that the new threshol
d removes objects smaller than **or equal to** its value, while the previous parameter only removed smaller ones.
  bw = morphology.remove_small_objects(bw.astype(bool), min_size=50)
D:\CGAIC\demo5\scripts\..\src\slots\..\..\..\demo4\src\features\traditional.py:247: FutureWarning: Parameter `min_size`
 is deprecated since version 0.26.0 and will be removed in 2.0.0 (or later). To avoid this warning, please use the para
meter `max_size` instead. For more details, see the documentation of `remove_small_objects`. Note that the new threshol
d removes objects smaller than **or equal to** its value, while the previous parameter only removed smaller ones.
  bw = morphology.remove_small_objects(bw.astype(bool), min_size=50)
[route] base=0.8933 router=0.9497 enabled=True (margin=0.005)
[consensus] (报告) base=0.8933 consensus=0.8957 启用=是 blend=0.5
  [eval] 20/150 (17s)
D:\CGAIC\demo5\scripts\..\src\slots\..\..\..\demo4\src\features\traditional.py:247: FutureWarning: Parameter `min_size`
 is deprecated since version 0.26.0 and will be removed in 2.0.0 (or later). To avoid this warning, please use the para
meter `max_size` instead. For more details, see the documentation of `remove_small_objects`. Note that the new threshol
d removes objects smaller than **or equal to** its value, while the previous parameter only removed smaller ones.
  bw = morphology.remove_small_objects(bw.astype(bool), min_size=50)
D:\CGAIC\demo5\scripts\..\src\slots\..\..\..\demo4\src\features\traditional.py:247: FutureWarning: Parameter `min_size`
 is deprecated since version 0.26.0 and will be removed in 2.0.0 (or later). To avoid this warning, please use the para
meter `max_size` instead. For more details, see the documentation of `remove_small_objects`. Note that the new threshol
d removes objects smaller than **or equal to** its value, while the previous parameter only removed smaller ones.
  bw = morphology.remove_small_objects(bw.astype(bool), min_size=50)
D:\CGAIC\demo5\scripts\..\src\slots\..\..\..\demo4\src\features\traditional.py:247: FutureWarning: Parameter `min_size`
 is deprecated since version 0.26.0 and will be removed in 2.0.0 (or later). To avoid this warning, please use the para
meter `max_size` instead. For more details, see the documentation of `remove_small_objects`. Note that the new threshol
d removes objects smaller than **or equal to** its value, while the previous parameter only removed smaller ones.
  bw = morphology.remove_small_objects(bw.astype(bool), min_size=50)
D:\CGAIC\demo5\scripts\..\src\slots\..\..\..\demo4\src\features\traditional.py:247: FutureWarning: Parameter `min_size`
 is deprecated since version 0.26.0 and will be removed in 2.0.0 (or later). To avoid this warning, please use the para
meter `max_size` instead. For more details, see the documentation of `remove_small_objects`. Note that the new threshol
d removes objects smaller than **or equal to** its value, while the previous parameter only removed smaller ones.
  bw = morphology.remove_small_objects(bw.astype(bool), min_size=50)
D:\CGAIC\demo5\scripts\..\src\slots\..\..\..\demo4\src\features\traditional.py:247: FutureWarning: Parameter `min_size`
 is deprecated since version 0.26.0 and will be removed in 2.0.0 (or later). To avoid this warning, please use the para
meter `max_size` instead. For more details, see the documentation of `remove_small_objects`. Note that the new threshol
d removes objects smaller than **or equal to** its value, while the previous parameter only removed smaller ones.
  bw = morphology.remove_small_objects(bw.astype(bool), min_size=50)
D:\CGAIC\demo5\scripts\..\src\slots\..\..\..\demo4\src\features\traditional.py:247: FutureWarning: Parameter `min_size`
 is deprecated since version 0.26.0 and will be removed in 2.0.0 (or later). To avoid this warning, please use the para
meter `max_size` instead. For more details, see the documentation of `remove_small_objects`. Note that the new threshol
d removes objects smaller than **or equal to** its value, while the previous parameter only removed smaller ones.
  bw = morphology.remove_small_objects(bw.astype(bool), min_size=50)
D:\CGAIC\demo5\scripts\..\src\slots\..\..\..\demo4\src\features\traditional.py:247: FutureWarning: Parameter `min_size`
 is deprecated since version 0.26.0 and will be removed in 2.0.0 (or later). To avoid this warning, please use the para
meter `max_size` instead. For more details, see the documentation of `remove_small_objects`. Note that the new threshol
d removes objects smaller than **or equal to** its value, while the previous parameter only removed smaller ones.
  bw = morphology.remove_small_objects(bw.astype(bool), min_size=50)
D:\CGAIC\demo5\scripts\..\src\slots\..\..\..\demo4\src\features\traditional.py:247: FutureWarning: Parameter `min_size`
 is deprecated since version 0.26.0 and will be removed in 2.0.0 (or later). To avoid this warning, please use the para
meter `max_size` instead. For more details, see the documentation of `remove_small_objects`. Note that the new threshol
d removes objects smaller than **or equal to** its value, while the previous parameter only removed smaller ones.
  bw = morphology.remove_small_objects(bw.astype(bool), min_size=50)
D:\CGAIC\demo5\scripts\..\src\slots\..\..\..\demo4\src\features\traditional.py:247: FutureWarning: Parameter `min_size`
 is deprecated since version 0.26.0 and will be removed in 2.0.0 (or later). To avoid this warning, please use the para
meter `max_size` instead. For more details, see the documentation of `remove_small_objects`. Note that the new threshol
d removes objects smaller than **or equal to** its value, while the previous parameter only removed smaller ones.
  bw = morphology.remove_small_objects(bw.astype(bool), min_size=50)
D:\CGAIC\demo5\scripts\..\src\slots\..\..\..\demo4\src\features\traditional.py:247: FutureWarning: Parameter `min_size`
 is deprecated since version 0.26.0 and will be removed in 2.0.0 (or later). To avoid this warning, please use the para
meter `max_size` instead. For more details, see the documentation of `remove_small_objects`. Note that the new threshol
d removes objects smaller than **or equal to** its value, while the previous parameter only removed smaller ones.
  bw = morphology.remove_small_objects(bw.astype(bool), min_size=50)
D:\CGAIC\demo5\scripts\..\src\slots\..\..\..\demo4\src\features\traditional.py:247: FutureWarning: Parameter `min_size`
 is deprecated since version 0.26.0 and will be removed in 2.0.0 (or later). To avoid this warning, please use the para
meter `max_size` instead. For more details, see the documentation of `remove_small_objects`. Note that the new threshol
d removes objects smaller than **or equal to** its value, while the previous parameter only removed smaller ones.
  bw = morphology.remove_small_objects(bw.astype(bool), min_size=50)
D:\CGAIC\demo5\scripts\..\src\slots\..\..\..\demo4\src\features\traditional.py:247: FutureWarning: Parameter `min_size`
 is deprecated since version 0.26.0 and will be removed in 2.0.0 (or later). To avoid this warning, please use the para
meter `max_size` instead. For more details, see the documentation of `remove_small_objects`. Note that the new threshol
d removes objects smaller than **or equal to** its value, while the previous parameter only removed smaller ones.
  bw = morphology.remove_small_objects(bw.astype(bool), min_size=50)
D:\CGAIC\demo5\scripts\..\src\slots\..\..\..\demo4\src\features\traditional.py:247: FutureWarning: Parameter `min_size`
 is deprecated since version 0.26.0 and will be removed in 2.0.0 (or later). To avoid this warning, please use the para
meter `max_size` instead. For more details, see the documentation of `remove_small_objects`. Note that the new threshol
d removes objects smaller than **or equal to** its value, while the previous parameter only removed smaller ones.
  bw = morphology.remove_small_objects(bw.astype(bool), min_size=50)
D:\CGAIC\demo5\scripts\..\src\slots\..\..\..\demo4\src\features\traditional.py:247: FutureWarning: Parameter `min_size`
 is deprecated since version 0.26.0 and will be removed in 2.0.0 (or later). To avoid this warning, please use the para
meter `max_size` instead. For more details, see the documentation of `remove_small_objects`. Note that the new threshol
d removes objects smaller than **or equal to** its value, while the previous parameter only removed smaller ones.
  bw = morphology.remove_small_objects(bw.astype(bool), min_size=50)
D:\CGAIC\demo5\scripts\..\src\slots\..\..\..\demo4\src\features\traditional.py:247: FutureWarning: Parameter `min_size`
 is deprecated since version 0.26.0 and will be removed in 2.0.0 (or later). To avoid this warning, please use the para
meter `max_size` instead. For more details, see the documentation of `remove_small_objects`. Note that the new threshol
d removes objects smaller than **or equal to** its value, while the previous parameter only removed smaller ones.
  bw = morphology.remove_small_objects(bw.astype(bool), min_size=50)
D:\CGAIC\demo5\scripts\..\src\slots\..\..\..\demo4\src\features\traditional.py:247: FutureWarning: Parameter `min_size`
 is deprecated since version 0.26.0 and will be removed in 2.0.0 (or later). To avoid this warning, please use the para
meter `max_size` instead. For more details, see the documentation of `remove_small_objects`. Note that the new threshol
d removes objects smaller than **or equal to** its value, while the previous parameter only removed smaller ones.
  bw = morphology.remove_small_objects(bw.astype(bool), min_size=50)
D:\CGAIC\demo5\scripts\..\src\slots\..\..\..\demo4\src\features\traditional.py:247: FutureWarning: Parameter `min_size`
 is deprecated since version 0.26.0 and will be removed in 2.0.0 (or later). To avoid this warning, please use the para
meter `max_size` instead. For more details, see the documentation of `remove_small_objects`. Note that the new threshol
d removes objects smaller than **or equal to** its value, while the previous parameter only removed smaller ones.
  bw = morphology.remove_small_objects(bw.astype(bool), min_size=50)
D:\CGAIC\demo5\scripts\..\src\slots\..\..\..\demo4\src\features\traditional.py:247: FutureWarning: Parameter `min_size`
 is deprecated since version 0.26.0 and will be removed in 2.0.0 (or later). To avoid this warning, please use the para
meter `max_size` instead. For more details, see the documentation of `remove_small_objects`. Note that the new threshol
d removes objects smaller than **or equal to** its value, while the previous parameter only removed smaller ones.
  bw = morphology.remove_small_objects(bw.astype(bool), min_size=50)
D:\CGAIC\demo5\scripts\..\src\slots\..\..\..\demo4\src\features\traditional.py:247: FutureWarning: Parameter `min_size`
 is deprecated since version 0.26.0 and will be removed in 2.0.0 (or later). To avoid this warning, please use the para
meter `max_size` instead. For more details, see the documentation of `remove_small_objects`. Note that the new threshol
d removes objects smaller than **or equal to** its value, while the previous parameter only removed smaller ones.
  bw = morphology.remove_small_objects(bw.astype(bool), min_size=50)
D:\CGAIC\demo5\scripts\..\src\slots\..\..\..\demo4\src\features\traditional.py:247: FutureWarning: Parameter `min_size`
 is deprecated since version 0.26.0 and will be removed in 2.0.0 (or later). To avoid this warning, please use the para
meter `max_size` instead. For more details, see the documentation of `remove_small_objects`. Note that the new threshol
d removes objects smaller than **or equal to** its value, while the previous parameter only removed smaller ones.
  bw = morphology.remove_small_objects(bw.astype(bool), min_size=50)
  [eval] 40/150 (32s)
D:\CGAIC\demo5\scripts\..\src\slots\..\..\..\demo4\src\features\traditional.py:247: FutureWarning: Parameter `min_size`
 is deprecated since version 0.26.0 and will be removed in 2.0.0 (or later). To avoid this warning, please use the para
meter `max_size` instead. For more details, see the documentation of `remove_small_objects`. Note that the new threshol
d removes objects smaller than **or equal to** its value, while the previous parameter only removed smaller ones.
  bw = morphology.remove_small_objects(bw.astype(bool), min_size=50)
D:\CGAIC\demo5\scripts\..\src\slots\..\..\..\demo4\src\features\traditional.py:247: FutureWarning: Parameter `min_size`
 is deprecated since version 0.26.0 and will be removed in 2.0.0 (or later). To avoid this warning, please use the para
meter `max_size` instead. For more details, see the documentation of `remove_small_objects`. Note that the new threshol
d removes objects smaller than **or equal to** its value, while the previous parameter only removed smaller ones.
  bw = morphology.remove_small_objects(bw.astype(bool), min_size=50)
D:\CGAIC\demo5\scripts\..\src\slots\..\..\..\demo4\src\features\traditional.py:247: FutureWarning: Parameter `min_size`
 is deprecated since version 0.26.0 and will be removed in 2.0.0 (or later). To avoid this warning, please use the para
meter `max_size` instead. For more details, see the documentation of `remove_small_objects`. Note that the new threshol
d removes objects smaller than **or equal to** its value, while the previous parameter only removed smaller ones.
  bw = morphology.remove_small_objects(bw.astype(bool), min_size=50)
D:\CGAIC\demo5\scripts\..\src\slots\..\..\..\demo4\src\features\traditional.py:247: FutureWarning: Parameter `min_size`
 is deprecated since version 0.26.0 and will be removed in 2.0.0 (or later). To avoid this warning, please use the para
meter `max_size` instead. For more details, see the documentation of `remove_small_objects`. Note that the new threshol
d removes objects smaller than **or equal to** its value, while the previous parameter only removed smaller ones.
  bw = morphology.remove_small_objects(bw.astype(bool), min_size=50)
D:\CGAIC\demo5\scripts\..\src\slots\..\..\..\demo4\src\features\traditional.py:247: FutureWarning: Parameter `min_size`
 is deprecated since version 0.26.0 and will be removed in 2.0.0 (or later). To avoid this warning, please use the para
meter `max_size` instead. For more details, see the documentation of `remove_small_objects`. Note that the new threshol
d removes objects smaller than **or equal to** its value, while the previous parameter only removed smaller ones.
  bw = morphology.remove_small_objects(bw.astype(bool), min_size=50)
D:\CGAIC\demo5\scripts\..\src\slots\..\..\..\demo4\src\features\traditional.py:247: FutureWarning: Parameter `min_size`
 is deprecated since version 0.26.0 and will be removed in 2.0.0 (or later). To avoid this warning, please use the para
meter `max_size` instead. For more details, see the documentation of `remove_small_objects`. Note that the new threshol
d removes objects smaller than **or equal to** its value, while the previous parameter only removed smaller ones.
  bw = morphology.remove_small_objects(bw.astype(bool), min_size=50)
D:\CGAIC\demo5\scripts\..\src\slots\..\..\..\demo4\src\features\traditional.py:247: FutureWarning: Parameter `min_size`
 is deprecated since version 0.26.0 and will be removed in 2.0.0 (or later). To avoid this warning, please use the para
meter `max_size` instead. For more details, see the documentation of `remove_small_objects`. Note that the new threshol
d removes objects smaller than **or equal to** its value, while the previous parameter only removed smaller ones.
  bw = morphology.remove_small_objects(bw.astype(bool), min_size=50)
D:\CGAIC\demo5\scripts\..\src\slots\..\..\..\demo4\src\features\traditional.py:247: FutureWarning: Parameter `min_size`
 is deprecated since version 0.26.0 and will be removed in 2.0.0 (or later). To avoid this warning, please use the para
meter `max_size` instead. For more details, see the documentation of `remove_small_objects`. Note that the new threshol
d removes objects smaller than **or equal to** its value, while the previous parameter only removed smaller ones.
  bw = morphology.remove_small_objects(bw.astype(bool), min_size=50)
D:\CGAIC\demo5\scripts\..\src\slots\..\..\..\demo4\src\features\traditional.py:247: FutureWarning: Parameter `min_size`
 is deprecated since version 0.26.0 and will be removed in 2.0.0 (or later). To avoid this warning, please use the para
meter `max_size` instead. For more details, see the documentation of `remove_small_objects`. Note that the new threshol
d removes objects smaller than **or equal to** its value, while the previous parameter only removed smaller ones.
  bw = morphology.remove_small_objects(bw.astype(bool), min_size=50)
D:\CGAIC\demo5\scripts\..\src\slots\..\..\..\demo4\src\features\traditional.py:247: FutureWarning: Parameter `min_size`
 is deprecated since version 0.26.0 and will be removed in 2.0.0 (or later). To avoid this warning, please use the para
meter `max_size` instead. For more details, see the documentation of `remove_small_objects`. Note that the new threshol
d removes objects smaller than **or equal to** its value, while the previous parameter only removed smaller ones.
  bw = morphology.remove_small_objects(bw.astype(bool), min_size=50)
D:\CGAIC\demo5\scripts\..\src\slots\..\..\..\demo4\src\features\traditional.py:247: FutureWarning: Parameter `min_size`
 is deprecated since version 0.26.0 and will be removed in 2.0.0 (or later). To avoid this warning, please use the para
meter `max_size` instead. For more details, see the documentation of `remove_small_objects`. Note that the new threshol
d removes objects smaller than **or equal to** its value, while the previous parameter only removed smaller ones.
  bw = morphology.remove_small_objects(bw.astype(bool), min_size=50)
D:\CGAIC\demo5\scripts\..\src\slots\..\..\..\demo4\src\features\traditional.py:247: FutureWarning: Parameter `min_size`
 is deprecated since version 0.26.0 and will be removed in 2.0.0 (or later). To avoid this warning, please use the para
meter `max_size` instead. For more details, see the documentation of `remove_small_objects`. Note that the new threshol
d removes objects smaller than **or equal to** its value, while the previous parameter only removed smaller ones.
  bw = morphology.remove_small_objects(bw.astype(bool), min_size=50)
D:\CGAIC\demo5\scripts\..\src\slots\..\..\..\demo4\src\features\traditional.py:247: FutureWarning: Parameter `min_size`
 is deprecated since version 0.26.0 and will be removed in 2.0.0 (or later). To avoid this warning, please use the para
meter `max_size` instead. For more details, see the documentation of `remove_small_objects`. Note that the new threshol
d removes objects smaller than **or equal to** its value, while the previous parameter only removed smaller ones.
  bw = morphology.remove_small_objects(bw.astype(bool), min_size=50)
D:\CGAIC\demo5\scripts\..\src\slots\..\..\..\demo4\src\features\traditional.py:247: FutureWarning: Parameter `min_size`
 is deprecated since version 0.26.0 and will be removed in 2.0.0 (or later). To avoid this warning, please use the para
meter `max_size` instead. For more details, see the documentation of `remove_small_objects`. Note that the new threshol
d removes objects smaller than **or equal to** its value, while the previous parameter only removed smaller ones.
  bw = morphology.remove_small_objects(bw.astype(bool), min_size=50)
D:\CGAIC\demo5\scripts\..\src\slots\..\..\..\demo4\src\features\traditional.py:247: FutureWarning: Parameter `min_size`
 is deprecated since version 0.26.0 and will be removed in 2.0.0 (or later). To avoid this warning, please use the para
meter `max_size` instead. For more details, see the documentation of `remove_small_objects`. Note that the new threshol
d removes objects smaller than **or equal to** its value, while the previous parameter only removed smaller ones.
  bw = morphology.remove_small_objects(bw.astype(bool), min_size=50)
D:\CGAIC\demo5\scripts\..\src\slots\..\..\..\demo4\src\features\traditional.py:247: FutureWarning: Parameter `min_size`
 is deprecated since version 0.26.0 and will be removed in 2.0.0 (or later). To avoid this warning, please use the para
meter `max_size` instead. For more details, see the documentation of `remove_small_objects`. Note that the new threshol
d removes objects smaller than **or equal to** its value, while the previous parameter only removed smaller ones.
  bw = morphology.remove_small_objects(bw.astype(bool), min_size=50)
D:\CGAIC\demo5\scripts\..\src\slots\..\..\..\demo4\src\features\traditional.py:247: FutureWarning: Parameter `min_size`
 is deprecated since version 0.26.0 and will be removed in 2.0.0 (or later). To avoid this warning, please use the para
meter `max_size` instead. For more details, see the documentation of `remove_small_objects`. Note that the new threshol
d removes objects smaller than **or equal to** its value, while the previous parameter only removed smaller ones.
  bw = morphology.remove_small_objects(bw.astype(bool), min_size=50)
D:\CGAIC\demo5\scripts\..\src\slots\..\..\..\demo4\src\features\traditional.py:247: FutureWarning: Parameter `min_size`
 is deprecated since version 0.26.0 and will be removed in 2.0.0 (or later). To avoid this warning, please use the para
meter `max_size` instead. For more details, see the documentation of `remove_small_objects`. Note that the new threshol
d removes objects smaller than **or equal to** its value, while the previous parameter only removed smaller ones.
  bw = morphology.remove_small_objects(bw.astype(bool), min_size=50)
D:\CGAIC\demo5\scripts\..\src\slots\..\..\..\demo4\src\features\traditional.py:247: FutureWarning: Parameter `min_size`
 is deprecated since version 0.26.0 and will be removed in 2.0.0 (or later). To avoid this warning, please use the para
meter `max_size` instead. For more details, see the documentation of `remove_small_objects`. Note that the new threshol
d removes objects smaller than **or equal to** its value, while the previous parameter only removed smaller ones.
  bw = morphology.remove_small_objects(bw.astype(bool), min_size=50)
D:\CGAIC\demo5\scripts\..\src\slots\..\..\..\demo4\src\features\traditional.py:247: FutureWarning: Parameter `min_size`
 is deprecated since version 0.26.0 and will be removed in 2.0.0 (or later). To avoid this warning, please use the para
meter `max_size` instead. For more details, see the documentation of `remove_small_objects`. Note that the new threshol
d removes objects smaller than **or equal to** its value, while the previous parameter only removed smaller ones.
  bw = morphology.remove_small_objects(bw.astype(bool), min_size=50)
  [eval] 60/150 (46s)
D:\CGAIC\demo5\scripts\..\src\slots\..\..\..\demo4\src\features\traditional.py:247: FutureWarning: Parameter `min_size`
 is deprecated since version 0.26.0 and will be removed in 2.0.0 (or later). To avoid this warning, please use the para
meter `max_size` instead. For more details, see the documentation of `remove_small_objects`. Note that the new threshol
d removes objects smaller than **or equal to** its value, while the previous parameter only removed smaller ones.
  bw = morphology.remove_small_objects(bw.astype(bool), min_size=50)
D:\CGAIC\demo5\scripts\..\src\slots\..\..\..\demo4\src\features\traditional.py:247: FutureWarning: Parameter `min_size`
 is deprecated since version 0.26.0 and will be removed in 2.0.0 (or later). To avoid this warning, please use the para
meter `max_size` instead. For more details, see the documentation of `remove_small_objects`. Note that the new threshol
d removes objects smaller than **or equal to** its value, while the previous parameter only removed smaller ones.
  bw = morphology.remove_small_objects(bw.astype(bool), min_size=50)
D:\CGAIC\demo5\scripts\..\src\slots\..\..\..\demo4\src\features\traditional.py:247: FutureWarning: Parameter `min_size`
 is deprecated since version 0.26.0 and will be removed in 2.0.0 (or later). To avoid this warning, please use the para
meter `max_size` instead. For more details, see the documentation of `remove_small_objects`. Note that the new threshol
d removes objects smaller than **or equal to** its value, while the previous parameter only removed smaller ones.
  bw = morphology.remove_small_objects(bw.astype(bool), min_size=50)
D:\CGAIC\demo5\scripts\..\src\slots\..\..\..\demo4\src\features\traditional.py:247: FutureWarning: Parameter `min_size`
 is deprecated since version 0.26.0 and will be removed in 2.0.0 (or later). To avoid this warning, please use the para
meter `max_size` instead. For more details, see the documentation of `remove_small_objects`. Note that the new threshol
d removes objects smaller than **or equal to** its value, while the previous parameter only removed smaller ones.
  bw = morphology.remove_small_objects(bw.astype(bool), min_size=50)
D:\CGAIC\demo5\scripts\..\src\slots\..\..\..\demo4\src\features\traditional.py:247: FutureWarning: Parameter `min_size`
 is deprecated since version 0.26.0 and will be removed in 2.0.0 (or later). To avoid this warning, please use the para
meter `max_size` instead. For more details, see the documentation of `remove_small_objects`. Note that the new threshol
d removes objects smaller than **or equal to** its value, while the previous parameter only removed smaller ones.
  bw = morphology.remove_small_objects(bw.astype(bool), min_size=50)
D:\CGAIC\demo5\scripts\..\src\slots\..\..\..\demo4\src\features\traditional.py:247: FutureWarning: Parameter `min_size`
 is deprecated since version 0.26.0 and will be removed in 2.0.0 (or later). To avoid this warning, please use the para
meter `max_size` instead. For more details, see the documentation of `remove_small_objects`. Note that the new threshol
d removes objects smaller than **or equal to** its value, while the previous parameter only removed smaller ones.
  bw = morphology.remove_small_objects(bw.astype(bool), min_size=50)
D:\CGAIC\demo5\scripts\..\src\slots\..\..\..\demo4\src\features\traditional.py:247: FutureWarning: Parameter `min_size`
 is deprecated since version 0.26.0 and will be removed in 2.0.0 (or later). To avoid this warning, please use the para
meter `max_size` instead. For more details, see the documentation of `remove_small_objects`. Note that the new threshol
d removes objects smaller than **or equal to** its value, while the previous parameter only removed smaller ones.
  bw = morphology.remove_small_objects(bw.astype(bool), min_size=50)
D:\CGAIC\demo5\scripts\..\src\slots\..\..\..\demo4\src\features\traditional.py:247: FutureWarning: Parameter `min_size`
 is deprecated since version 0.26.0 and will be removed in 2.0.0 (or later). To avoid this warning, please use the para
meter `max_size` instead. For more details, see the documentation of `remove_small_objects`. Note that the new threshol
d removes objects smaller than **or equal to** its value, while the previous parameter only removed smaller ones.
  bw = morphology.remove_small_objects(bw.astype(bool), min_size=50)
D:\CGAIC\demo5\scripts\..\src\slots\..\..\..\demo4\src\features\traditional.py:247: FutureWarning: Parameter `min_size`
 is deprecated since version 0.26.0 and will be removed in 2.0.0 (or later). To avoid this warning, please use the para
meter `max_size` instead. For more details, see the documentation of `remove_small_objects`. Note that the new threshol
d removes objects smaller than **or equal to** its value, while the previous parameter only removed smaller ones.
  bw = morphology.remove_small_objects(bw.astype(bool), min_size=50)
D:\CGAIC\demo5\scripts\..\src\slots\..\..\..\demo4\src\features\traditional.py:247: FutureWarning: Parameter `min_size`
 is deprecated since version 0.26.0 and will be removed in 2.0.0 (or later). To avoid this warning, please use the para
meter `max_size` instead. For more details, see the documentation of `remove_small_objects`. Note that the new threshol
d removes objects smaller than **or equal to** its value, while the previous parameter only removed smaller ones.
  bw = morphology.remove_small_objects(bw.astype(bool), min_size=50)
D:\CGAIC\demo5\scripts\..\src\slots\..\..\..\demo4\src\features\traditional.py:247: FutureWarning: Parameter `min_size`
 is deprecated since version 0.26.0 and will be removed in 2.0.0 (or later). To avoid this warning, please use the para
meter `max_size` instead. For more details, see the documentation of `remove_small_objects`. Note that the new threshol
d removes objects smaller than **or equal to** its value, while the previous parameter only removed smaller ones.
  bw = morphology.remove_small_objects(bw.astype(bool), min_size=50)
D:\CGAIC\demo5\scripts\..\src\slots\..\..\..\demo4\src\features\traditional.py:247: FutureWarning: Parameter `min_size`
 is deprecated since version 0.26.0 and will be removed in 2.0.0 (or later). To avoid this warning, please use the para
meter `max_size` instead. For more details, see the documentation of `remove_small_objects`. Note that the new threshol
d removes objects smaller than **or equal to** its value, while the previous parameter only removed smaller ones.
  bw = morphology.remove_small_objects(bw.astype(bool), min_size=50)
D:\CGAIC\demo5\scripts\..\src\slots\..\..\..\demo4\src\features\traditional.py:247: FutureWarning: Parameter `min_size`
 is deprecated since version 0.26.0 and will be removed in 2.0.0 (or later). To avoid this warning, please use the para
meter `max_size` instead. For more details, see the documentation of `remove_small_objects`. Note that the new threshol
d removes objects smaller than **or equal to** its value, while the previous parameter only removed smaller ones.
  bw = morphology.remove_small_objects(bw.astype(bool), min_size=50)
D:\CGAIC\demo5\scripts\..\src\slots\..\..\..\demo4\src\features\traditional.py:247: FutureWarning: Parameter `min_size`
 is deprecated since version 0.26.0 and will be removed in 2.0.0 (or later). To avoid this warning, please use the para
meter `max_size` instead. For more details, see the documentation of `remove_small_objects`. Note that the new threshol
d removes objects smaller than **or equal to** its value, while the previous parameter only removed smaller ones.
  bw = morphology.remove_small_objects(bw.astype(bool), min_size=50)
D:\CGAIC\demo5\scripts\..\src\slots\..\..\..\demo4\src\features\traditional.py:247: FutureWarning: Parameter `min_size`
 is deprecated since version 0.26.0 and will be removed in 2.0.0 (or later). To avoid this warning, please use the para
meter `max_size` instead. For more details, see the documentation of `remove_small_objects`. Note that the new threshol
d removes objects smaller than **or equal to** its value, while the previous parameter only removed smaller ones.
  bw = morphology.remove_small_objects(bw.astype(bool), min_size=50)
D:\CGAIC\demo5\scripts\..\src\slots\..\..\..\demo4\src\features\traditional.py:247: FutureWarning: Parameter `min_size`
 is deprecated since version 0.26.0 and will be removed in 2.0.0 (or later). To avoid this warning, please use the para
meter `max_size` instead. For more details, see the documentation of `remove_small_objects`. Note that the new threshol
d removes objects smaller than **or equal to** its value, while the previous parameter only removed smaller ones.
  bw = morphology.remove_small_objects(bw.astype(bool), min_size=50)
D:\CGAIC\demo5\scripts\..\src\slots\..\..\..\demo4\src\features\traditional.py:247: FutureWarning: Parameter `min_size`
 is deprecated since version 0.26.0 and will be removed in 2.0.0 (or later). To avoid this warning, please use the para
meter `max_size` instead. For more details, see the documentation of `remove_small_objects`. Note that the new threshol
d removes objects smaller than **or equal to** its value, while the previous parameter only removed smaller ones.
  bw = morphology.remove_small_objects(bw.astype(bool), min_size=50)
D:\CGAIC\demo5\scripts\..\src\slots\..\..\..\demo4\src\features\traditional.py:247: FutureWarning: Parameter `min_size`
 is deprecated since version 0.26.0 and will be removed in 2.0.0 (or later). To avoid this warning, please use the para
meter `max_size` instead. For more details, see the documentation of `remove_small_objects`. Note that the new threshol
d removes objects smaller than **or equal to** its value, while the previous parameter only removed smaller ones.
  bw = morphology.remove_small_objects(bw.astype(bool), min_size=50)
D:\CGAIC\demo5\scripts\..\src\slots\..\..\..\demo4\src\features\traditional.py:247: FutureWarning: Parameter `min_size`
 is deprecated since version 0.26.0 and will be removed in 2.0.0 (or later). To avoid this warning, please use the para
meter `max_size` instead. For more details, see the documentation of `remove_small_objects`. Note that the new threshol
d removes objects smaller than **or equal to** its value, while the previous parameter only removed smaller ones.
  bw = morphology.remove_small_objects(bw.astype(bool), min_size=50)
D:\CGAIC\demo5\scripts\..\src\slots\..\..\..\demo4\src\features\traditional.py:247: FutureWarning: Parameter `min_size`
 is deprecated since version 0.26.0 and will be removed in 2.0.0 (or later). To avoid this warning, please use the para
meter `max_size` instead. For more details, see the documentation of `remove_small_objects`. Note that the new threshol
d removes objects smaller than **or equal to** its value, while the previous parameter only removed smaller ones.
  bw = morphology.remove_small_objects(bw.astype(bool), min_size=50)
  [eval] 80/150 (62s)
D:\CGAIC\demo5\scripts\..\src\slots\..\..\..\demo4\src\features\traditional.py:247: FutureWarning: Parameter `min_size`
 is deprecated since version 0.26.0 and will be removed in 2.0.0 (or later). To avoid this warning, please use the para
meter `max_size` instead. For more details, see the documentation of `remove_small_objects`. Note that the new threshol
d removes objects smaller than **or equal to** its value, while the previous parameter only removed smaller ones.
  bw = morphology.remove_small_objects(bw.astype(bool), min_size=50)
D:\CGAIC\demo5\scripts\..\src\slots\..\..\..\demo4\src\features\traditional.py:247: FutureWarning: Parameter `min_size`
 is deprecated since version 0.26.0 and will be removed in 2.0.0 (or later). To avoid this warning, please use the para
meter `max_size` instead. For more details, see the documentation of `remove_small_objects`. Note that the new threshol
d removes objects smaller than **or equal to** its value, while the previous parameter only removed smaller ones.
  bw = morphology.remove_small_objects(bw.astype(bool), min_size=50)
D:\CGAIC\demo5\scripts\..\src\slots\..\..\..\demo4\src\features\traditional.py:247: FutureWarning: Parameter `min_size`
 is deprecated since version 0.26.0 and will be removed in 2.0.0 (or later). To avoid this warning, please use the para
meter `max_size` instead. For more details, see the documentation of `remove_small_objects`. Note that the new threshol
d removes objects smaller than **or equal to** its value, while the previous parameter only removed smaller ones.
  bw = morphology.remove_small_objects(bw.astype(bool), min_size=50)
D:\CGAIC\demo5\scripts\..\src\slots\..\..\..\demo4\src\features\traditional.py:247: FutureWarning: Parameter `min_size`
 is deprecated since version 0.26.0 and will be removed in 2.0.0 (or later). To avoid this warning, please use the para
meter `max_size` instead. For more details, see the documentation of `remove_small_objects`. Note that the new threshol
d removes objects smaller than **or equal to** its value, while the previous parameter only removed smaller ones.
  bw = morphology.remove_small_objects(bw.astype(bool), min_size=50)
D:\CGAIC\demo5\scripts\..\src\slots\..\..\..\demo4\src\features\traditional.py:247: FutureWarning: Parameter `min_size`
 is deprecated since version 0.26.0 and will be removed in 2.0.0 (or later). To avoid this warning, please use the para
meter `max_size` instead. For more details, see the documentation of `remove_small_objects`. Note that the new threshol
d removes objects smaller than **or equal to** its value, while the previous parameter only removed smaller ones.
  bw = morphology.remove_small_objects(bw.astype(bool), min_size=50)
D:\CGAIC\demo5\scripts\..\src\slots\..\..\..\demo4\src\features\traditional.py:247: FutureWarning: Parameter `min_size`
 is deprecated since version 0.26.0 and will be removed in 2.0.0 (or later). To avoid this warning, please use the para
meter `max_size` instead. For more details, see the documentation of `remove_small_objects`. Note that the new threshol
d removes objects smaller than **or equal to** its value, while the previous parameter only removed smaller ones.
  bw = morphology.remove_small_objects(bw.astype(bool), min_size=50)
D:\CGAIC\demo5\scripts\..\src\slots\..\..\..\demo4\src\features\traditional.py:247: FutureWarning: Parameter `min_size`
 is deprecated since version 0.26.0 and will be removed in 2.0.0 (or later). To avoid this warning, please use the para
meter `max_size` instead. For more details, see the documentation of `remove_small_objects`. Note that the new threshol
d removes objects smaller than **or equal to** its value, while the previous parameter only removed smaller ones.
  bw = morphology.remove_small_objects(bw.astype(bool), min_size=50)
D:\CGAIC\demo5\scripts\..\src\slots\..\..\..\demo4\src\features\traditional.py:247: FutureWarning: Parameter `min_size`
 is deprecated since version 0.26.0 and will be removed in 2.0.0 (or later). To avoid this warning, please use the para
meter `max_size` instead. For more details, see the documentation of `remove_small_objects`. Note that the new threshol
d removes objects smaller than **or equal to** its value, while the previous parameter only removed smaller ones.
  bw = morphology.remove_small_objects(bw.astype(bool), min_size=50)
D:\CGAIC\demo5\scripts\..\src\slots\..\..\..\demo4\src\features\traditional.py:247: FutureWarning: Parameter `min_size`
 is deprecated since version 0.26.0 and will be removed in 2.0.0 (or later). To avoid this warning, please use the para
meter `max_size` instead. For more details, see the documentation of `remove_small_objects`. Note that the new threshol
d removes objects smaller than **or equal to** its value, while the previous parameter only removed smaller ones.
  bw = morphology.remove_small_objects(bw.astype(bool), min_size=50)
D:\CGAIC\demo5\scripts\..\src\slots\..\..\..\demo4\src\features\traditional.py:247: FutureWarning: Parameter `min_size`
 is deprecated since version 0.26.0 and will be removed in 2.0.0 (or later). To avoid this warning, please use the para
meter `max_size` instead. For more details, see the documentation of `remove_small_objects`. Note that the new threshol
d removes objects smaller than **or equal to** its value, while the previous parameter only removed smaller ones.
  bw = morphology.remove_small_objects(bw.astype(bool), min_size=50)
D:\CGAIC\demo5\scripts\..\src\slots\..\..\..\demo4\src\features\traditional.py:247: FutureWarning: Parameter `min_size`
 is deprecated since version 0.26.0 and will be removed in 2.0.0 (or later). To avoid this warning, please use the para
meter `max_size` instead. For more details, see the documentation of `remove_small_objects`. Note that the new threshol
d removes objects smaller than **or equal to** its value, while the previous parameter only removed smaller ones.
  bw = morphology.remove_small_objects(bw.astype(bool), min_size=50)
D:\CGAIC\demo5\scripts\..\src\slots\..\..\..\demo4\src\features\traditional.py:247: FutureWarning: Parameter `min_size`
 is deprecated since version 0.26.0 and will be removed in 2.0.0 (or later). To avoid this warning, please use the para
meter `max_size` instead. For more details, see the documentation of `remove_small_objects`. Note that the new threshol
d removes objects smaller than **or equal to** its value, while the previous parameter only removed smaller ones.
  bw = morphology.remove_small_objects(bw.astype(bool), min_size=50)
D:\CGAIC\demo5\scripts\..\src\slots\..\..\..\demo4\src\features\traditional.py:247: FutureWarning: Parameter `min_size`
 is deprecated since version 0.26.0 and will be removed in 2.0.0 (or later). To avoid this warning, please use the para
meter `max_size` instead. For more details, see the documentation of `remove_small_objects`. Note that the new threshol
d removes objects smaller than **or equal to** its value, while the previous parameter only removed smaller ones.
  bw = morphology.remove_small_objects(bw.astype(bool), min_size=50)
D:\CGAIC\demo5\scripts\..\src\slots\..\..\..\demo4\src\features\traditional.py:247: FutureWarning: Parameter `min_size`
 is deprecated since version 0.26.0 and will be removed in 2.0.0 (or later). To avoid this warning, please use the para
meter `max_size` instead. For more details, see the documentation of `remove_small_objects`. Note that the new threshol
d removes objects smaller than **or equal to** its value, while the previous parameter only removed smaller ones.
  bw = morphology.remove_small_objects(bw.astype(bool), min_size=50)
D:\CGAIC\demo5\scripts\..\src\slots\..\..\..\demo4\src\features\traditional.py:247: FutureWarning: Parameter `min_size`
 is deprecated since version 0.26.0 and will be removed in 2.0.0 (or later). To avoid this warning, please use the para
meter `max_size` instead. For more details, see the documentation of `remove_small_objects`. Note that the new threshol
d removes objects smaller than **or equal to** its value, while the previous parameter only removed smaller ones.
  bw = morphology.remove_small_objects(bw.astype(bool), min_size=50)
D:\CGAIC\demo5\scripts\..\src\slots\..\..\..\demo4\src\features\traditional.py:247: FutureWarning: Parameter `min_size`
 is deprecated since version 0.26.0 and will be removed in 2.0.0 (or later). To avoid this warning, please use the para
meter `max_size` instead. For more details, see the documentation of `remove_small_objects`. Note that the new threshol
d removes objects smaller than **or equal to** its value, while the previous parameter only removed smaller ones.
  bw = morphology.remove_small_objects(bw.astype(bool), min_size=50)
D:\CGAIC\demo5\scripts\..\src\slots\..\..\..\demo4\src\features\traditional.py:247: FutureWarning: Parameter `min_size`
 is deprecated since version 0.26.0 and will be removed in 2.0.0 (or later). To avoid this warning, please use the para
meter `max_size` instead. For more details, see the documentation of `remove_small_objects`. Note that the new threshol
d removes objects smaller than **or equal to** its value, while the previous parameter only removed smaller ones.
  bw = morphology.remove_small_objects(bw.astype(bool), min_size=50)
D:\CGAIC\demo5\scripts\..\src\slots\..\..\..\demo4\src\features\traditional.py:247: FutureWarning: Parameter `min_size`
 is deprecated since version 0.26.0 and will be removed in 2.0.0 (or later). To avoid this warning, please use the para
meter `max_size` instead. For more details, see the documentation of `remove_small_objects`. Note that the new threshol
d removes objects smaller than **or equal to** its value, while the previous parameter only removed smaller ones.
  bw = morphology.remove_small_objects(bw.astype(bool), min_size=50)
D:\CGAIC\demo5\scripts\..\src\slots\..\..\..\demo4\src\features\traditional.py:247: FutureWarning: Parameter `min_size`
 is deprecated since version 0.26.0 and will be removed in 2.0.0 (or later). To avoid this warning, please use the para
meter `max_size` instead. For more details, see the documentation of `remove_small_objects`. Note that the new threshol
d removes objects smaller than **or equal to** its value, while the previous parameter only removed smaller ones.
  bw = morphology.remove_small_objects(bw.astype(bool), min_size=50)
D:\CGAIC\demo5\scripts\..\src\slots\..\..\..\demo4\src\features\traditional.py:247: FutureWarning: Parameter `min_size`
 is deprecated since version 0.26.0 and will be removed in 2.0.0 (or later). To avoid this warning, please use the para
meter `max_size` instead. For more details, see the documentation of `remove_small_objects`. Note that the new threshol
d removes objects smaller than **or equal to** its value, while the previous parameter only removed smaller ones.
  bw = morphology.remove_small_objects(bw.astype(bool), min_size=50)
  [eval] 100/150 (76s)
D:\CGAIC\demo5\scripts\..\src\slots\..\..\..\demo4\src\features\traditional.py:247: FutureWarning: Parameter `min_size`
 is deprecated since version 0.26.0 and will be removed in 2.0.0 (or later). To avoid this warning, please use the para
meter `max_size` instead. For more details, see the documentation of `remove_small_objects`. Note that the new threshol
d removes objects smaller than **or equal to** its value, while the previous parameter only removed smaller ones.
  bw = morphology.remove_small_objects(bw.astype(bool), min_size=50)
D:\CGAIC\demo5\scripts\..\src\slots\..\..\..\demo4\src\features\traditional.py:247: FutureWarning: Parameter `min_size`
 is deprecated since version 0.26.0 and will be removed in 2.0.0 (or later). To avoid this warning, please use the para
meter `max_size` instead. For more details, see the documentation of `remove_small_objects`. Note that the new threshol
d removes objects smaller than **or equal to** its value, while the previous parameter only removed smaller ones.
  bw = morphology.remove_small_objects(bw.astype(bool), min_size=50)
D:\CGAIC\demo5\scripts\..\src\slots\..\..\..\demo4\src\features\traditional.py:247: FutureWarning: Parameter `min_size`
 is deprecated since version 0.26.0 and will be removed in 2.0.0 (or later). To avoid this warning, please use the para
meter `max_size` instead. For more details, see the documentation of `remove_small_objects`. Note that the new threshol
d removes objects smaller than **or equal to** its value, while the previous parameter only removed smaller ones.
  bw = morphology.remove_small_objects(bw.astype(bool), min_size=50)
D:\CGAIC\demo5\scripts\..\src\slots\..\..\..\demo4\src\features\traditional.py:247: FutureWarning: Parameter `min_size`
 is deprecated since version 0.26.0 and will be removed in 2.0.0 (or later). To avoid this warning, please use the para
meter `max_size` instead. For more details, see the documentation of `remove_small_objects`. Note that the new threshol
d removes objects smaller than **or equal to** its value, while the previous parameter only removed smaller ones.
  bw = morphology.remove_small_objects(bw.astype(bool), min_size=50)
D:\CGAIC\demo5\scripts\..\src\slots\..\..\..\demo4\src\features\traditional.py:247: FutureWarning: Parameter `min_size`
 is deprecated since version 0.26.0 and will be removed in 2.0.0 (or later). To avoid this warning, please use the para
meter `max_size` instead. For more details, see the documentation of `remove_small_objects`. Note that the new threshol
d removes objects smaller than **or equal to** its value, while the previous parameter only removed smaller ones.
  bw = morphology.remove_small_objects(bw.astype(bool), min_size=50)
D:\CGAIC\demo5\scripts\..\src\slots\..\..\..\demo4\src\features\traditional.py:247: FutureWarning: Parameter `min_size`
 is deprecated since version 0.26.0 and will be removed in 2.0.0 (or later). To avoid this warning, please use the para
meter `max_size` instead. For more details, see the documentation of `remove_small_objects`. Note that the new threshol
d removes objects smaller than **or equal to** its value, while the previous parameter only removed smaller ones.
  bw = morphology.remove_small_objects(bw.astype(bool), min_size=50)
D:\CGAIC\demo5\scripts\..\src\slots\..\..\..\demo4\src\features\traditional.py:247: FutureWarning: Parameter `min_size`
 is deprecated since version 0.26.0 and will be removed in 2.0.0 (or later). To avoid this warning, please use the para
meter `max_size` instead. For more details, see the documentation of `remove_small_objects`. Note that the new threshol
d removes objects smaller than **or equal to** its value, while the previous parameter only removed smaller ones.
  bw = morphology.remove_small_objects(bw.astype(bool), min_size=50)
D:\CGAIC\demo5\scripts\..\src\slots\..\..\..\demo4\src\features\traditional.py:247: FutureWarning: Parameter `min_size`
 is deprecated since version 0.26.0 and will be removed in 2.0.0 (or later). To avoid this warning, please use the para
meter `max_size` instead. For more details, see the documentation of `remove_small_objects`. Note that the new threshol
d removes objects smaller than **or equal to** its value, while the previous parameter only removed smaller ones.
  bw = morphology.remove_small_objects(bw.astype(bool), min_size=50)
D:\CGAIC\demo5\scripts\..\src\slots\..\..\..\demo4\src\features\traditional.py:247: FutureWarning: Parameter `min_size`
 is deprecated since version 0.26.0 and will be removed in 2.0.0 (or later). To avoid this warning, please use the para
meter `max_size` instead. For more details, see the documentation of `remove_small_objects`. Note that the new threshol
d removes objects smaller than **or equal to** its value, while the previous parameter only removed smaller ones.
  bw = morphology.remove_small_objects(bw.astype(bool), min_size=50)
D:\CGAIC\demo5\scripts\..\src\slots\..\..\..\demo4\src\features\traditional.py:247: FutureWarning: Parameter `min_size`
 is deprecated since version 0.26.0 and will be removed in 2.0.0 (or later). To avoid this warning, please use the para
meter `max_size` instead. For more details, see the documentation of `remove_small_objects`. Note that the new threshol
d removes objects smaller than **or equal to** its value, while the previous parameter only removed smaller ones.
  bw = morphology.remove_small_objects(bw.astype(bool), min_size=50)
D:\CGAIC\demo5\scripts\..\src\slots\..\..\..\demo4\src\features\traditional.py:247: FutureWarning: Parameter `min_size`
 is deprecated since version 0.26.0 and will be removed in 2.0.0 (or later). To avoid this warning, please use the para
meter `max_size` instead. For more details, see the documentation of `remove_small_objects`. Note that the new threshol
d removes objects smaller than **or equal to** its value, while the previous parameter only removed smaller ones.
  bw = morphology.remove_small_objects(bw.astype(bool), min_size=50)
D:\CGAIC\demo5\scripts\..\src\slots\..\..\..\demo4\src\features\traditional.py:247: FutureWarning: Parameter `min_size`
 is deprecated since version 0.26.0 and will be removed in 2.0.0 (or later). To avoid this warning, please use the para
meter `max_size` instead. For more details, see the documentation of `remove_small_objects`. Note that the new threshol
d removes objects smaller than **or equal to** its value, while the previous parameter only removed smaller ones.
  bw = morphology.remove_small_objects(bw.astype(bool), min_size=50)
D:\CGAIC\demo5\scripts\..\src\slots\..\..\..\demo4\src\features\traditional.py:247: FutureWarning: Parameter `min_size`
 is deprecated since version 0.26.0 and will be removed in 2.0.0 (or later). To avoid this warning, please use the para
meter `max_size` instead. For more details, see the documentation of `remove_small_objects`. Note that the new threshol
d removes objects smaller than **or equal to** its value, while the previous parameter only removed smaller ones.
  bw = morphology.remove_small_objects(bw.astype(bool), min_size=50)
D:\CGAIC\demo5\scripts\..\src\slots\..\..\..\demo4\src\features\traditional.py:247: FutureWarning: Parameter `min_size`
 is deprecated since version 0.26.0 and will be removed in 2.0.0 (or later). To avoid this warning, please use the para
meter `max_size` instead. For more details, see the documentation of `remove_small_objects`. Note that the new threshol
d removes objects smaller than **or equal to** its value, while the previous parameter only removed smaller ones.
  bw = morphology.remove_small_objects(bw.astype(bool), min_size=50)
D:\CGAIC\demo5\scripts\..\src\slots\..\..\..\demo4\src\features\traditional.py:247: FutureWarning: Parameter `min_size`
 is deprecated since version 0.26.0 and will be removed in 2.0.0 (or later). To avoid this warning, please use the para
meter `max_size` instead. For more details, see the documentation of `remove_small_objects`. Note that the new threshol
d removes objects smaller than **or equal to** its value, while the previous parameter only removed smaller ones.
  bw = morphology.remove_small_objects(bw.astype(bool), min_size=50)
D:\CGAIC\demo5\scripts\..\src\slots\..\..\..\demo4\src\features\traditional.py:247: FutureWarning: Parameter `min_size`
 is deprecated since version 0.26.0 and will be removed in 2.0.0 (or later). To avoid this warning, please use the para
meter `max_size` instead. For more details, see the documentation of `remove_small_objects`. Note that the new threshol
d removes objects smaller than **or equal to** its value, while the previous parameter only removed smaller ones.
  bw = morphology.remove_small_objects(bw.astype(bool), min_size=50)
D:\CGAIC\demo5\scripts\..\src\slots\..\..\..\demo4\src\features\traditional.py:247: FutureWarning: Parameter `min_size`
 is deprecated since version 0.26.0 and will be removed in 2.0.0 (or later). To avoid this warning, please use the para
meter `max_size` instead. For more details, see the documentation of `remove_small_objects`. Note that the new threshol
d removes objects smaller than **or equal to** its value, while the previous parameter only removed smaller ones.
  bw = morphology.remove_small_objects(bw.astype(bool), min_size=50)
D:\CGAIC\demo5\scripts\..\src\slots\..\..\..\demo4\src\features\traditional.py:247: FutureWarning: Parameter `min_size`
 is deprecated since version 0.26.0 and will be removed in 2.0.0 (or later). To avoid this warning, please use the para
meter `max_size` instead. For more details, see the documentation of `remove_small_objects`. Note that the new threshol
d removes objects smaller than **or equal to** its value, while the previous parameter only removed smaller ones.
  bw = morphology.remove_small_objects(bw.astype(bool), min_size=50)
D:\CGAIC\demo5\scripts\..\src\slots\..\..\..\demo4\src\features\traditional.py:247: FutureWarning: Parameter `min_size`
 is deprecated since version 0.26.0 and will be removed in 2.0.0 (or later). To avoid this warning, please use the para
meter `max_size` instead. For more details, see the documentation of `remove_small_objects`. Note that the new threshol
d removes objects smaller than **or equal to** its value, while the previous parameter only removed smaller ones.
  bw = morphology.remove_small_objects(bw.astype(bool), min_size=50)
D:\CGAIC\demo5\scripts\..\src\slots\..\..\..\demo4\src\features\traditional.py:247: FutureWarning: Parameter `min_size`
 is deprecated since version 0.26.0 and will be removed in 2.0.0 (or later). To avoid this warning, please use the para
meter `max_size` instead. For more details, see the documentation of `remove_small_objects`. Note that the new threshol
d removes objects smaller than **or equal to** its value, while the previous parameter only removed smaller ones.
  bw = morphology.remove_small_objects(bw.astype(bool), min_size=50)
  [eval] 120/150 (95s)
D:\CGAIC\demo5\scripts\..\src\slots\..\..\..\demo4\src\features\traditional.py:247: FutureWarning: Parameter `min_size`
 is deprecated since version 0.26.0 and will be removed in 2.0.0 (or later). To avoid this warning, please use the para
meter `max_size` instead. For more details, see the documentation of `remove_small_objects`. Note that the new threshol
d removes objects smaller than **or equal to** its value, while the previous parameter only removed smaller ones.
  bw = morphology.remove_small_objects(bw.astype(bool), min_size=50)
D:\CGAIC\demo5\scripts\..\src\slots\..\..\..\demo4\src\features\traditional.py:247: FutureWarning: Parameter `min_size`
 is deprecated since version 0.26.0 and will be removed in 2.0.0 (or later). To avoid this warning, please use the para
meter `max_size` instead. For more details, see the documentation of `remove_small_objects`. Note that the new threshol
d removes objects smaller than **or equal to** its value, while the previous parameter only removed smaller ones.
  bw = morphology.remove_small_objects(bw.astype(bool), min_size=50)
D:\CGAIC\demo5\scripts\..\src\slots\..\..\..\demo4\src\features\traditional.py:247: FutureWarning: Parameter `min_size`
 is deprecated since version 0.26.0 and will be removed in 2.0.0 (or later). To avoid this warning, please use the para
meter `max_size` instead. For more details, see the documentation of `remove_small_objects`. Note that the new threshol
d removes objects smaller than **or equal to** its value, while the previous parameter only removed smaller ones.
  bw = morphology.remove_small_objects(bw.astype(bool), min_size=50)
D:\CGAIC\demo5\scripts\..\src\slots\..\..\..\demo4\src\features\traditional.py:247: FutureWarning: Parameter `min_size`
 is deprecated since version 0.26.0 and will be removed in 2.0.0 (or later). To avoid this warning, please use the para
meter `max_size` instead. For more details, see the documentation of `remove_small_objects`. Note that the new threshol
d removes objects smaller than **or equal to** its value, while the previous parameter only removed smaller ones.
  bw = morphology.remove_small_objects(bw.astype(bool), min_size=50)
D:\CGAIC\demo5\scripts\..\src\slots\..\..\..\demo4\src\features\traditional.py:247: FutureWarning: Parameter `min_size`
 is deprecated since version 0.26.0 and will be removed in 2.0.0 (or later). To avoid this warning, please use the para
meter `max_size` instead. For more details, see the documentation of `remove_small_objects`. Note that the new threshol
d removes objects smaller than **or equal to** its value, while the previous parameter only removed smaller ones.
  bw = morphology.remove_small_objects(bw.astype(bool), min_size=50)
D:\CGAIC\demo5\scripts\..\src\slots\..\..\..\demo4\src\features\traditional.py:247: FutureWarning: Parameter `min_size`
 is deprecated since version 0.26.0 and will be removed in 2.0.0 (or later). To avoid this warning, please use the para
meter `max_size` instead. For more details, see the documentation of `remove_small_objects`. Note that the new threshol
d removes objects smaller than **or equal to** its value, while the previous parameter only removed smaller ones.
  bw = morphology.remove_small_objects(bw.astype(bool), min_size=50)
D:\CGAIC\demo5\scripts\..\src\slots\..\..\..\demo4\src\features\traditional.py:247: FutureWarning: Parameter `min_size`
 is deprecated since version 0.26.0 and will be removed in 2.0.0 (or later). To avoid this warning, please use the para
meter `max_size` instead. For more details, see the documentation of `remove_small_objects`. Note that the new threshol
d removes objects smaller than **or equal to** its value, while the previous parameter only removed smaller ones.
  bw = morphology.remove_small_objects(bw.astype(bool), min_size=50)
D:\CGAIC\demo5\scripts\..\src\slots\..\..\..\demo4\src\features\traditional.py:247: FutureWarning: Parameter `min_size`
 is deprecated since version 0.26.0 and will be removed in 2.0.0 (or later). To avoid this warning, please use the para
meter `max_size` instead. For more details, see the documentation of `remove_small_objects`. Note that the new threshol
d removes objects smaller than **or equal to** its value, while the previous parameter only removed smaller ones.
  bw = morphology.remove_small_objects(bw.astype(bool), min_size=50)
D:\CGAIC\demo5\scripts\..\src\slots\..\..\..\demo4\src\features\traditional.py:247: FutureWarning: Parameter `min_size`
 is deprecated since version 0.26.0 and will be removed in 2.0.0 (or later). To avoid this warning, please use the para
meter `max_size` instead. For more details, see the documentation of `remove_small_objects`. Note that the new threshol
d removes objects smaller than **or equal to** its value, while the previous parameter only removed smaller ones.
  bw = morphology.remove_small_objects(bw.astype(bool), min_size=50)
D:\CGAIC\demo5\scripts\..\src\slots\..\..\..\demo4\src\features\traditional.py:247: FutureWarning: Parameter `min_size`
 is deprecated since version 0.26.0 and will be removed in 2.0.0 (or later). To avoid this warning, please use the para
meter `max_size` instead. For more details, see the documentation of `remove_small_objects`. Note that the new threshol
d removes objects smaller than **or equal to** its value, while the previous parameter only removed smaller ones.
  bw = morphology.remove_small_objects(bw.astype(bool), min_size=50)
D:\CGAIC\demo5\scripts\..\src\slots\..\..\..\demo4\src\features\traditional.py:247: FutureWarning: Parameter `min_size`
 is deprecated since version 0.26.0 and will be removed in 2.0.0 (or later). To avoid this warning, please use the para
meter `max_size` instead. For more details, see the documentation of `remove_small_objects`. Note that the new threshol
d removes objects smaller than **or equal to** its value, while the previous parameter only removed smaller ones.
  bw = morphology.remove_small_objects(bw.astype(bool), min_size=50)
D:\CGAIC\demo5\scripts\..\src\slots\..\..\..\demo4\src\features\traditional.py:247: FutureWarning: Parameter `min_size`
 is deprecated since version 0.26.0 and will be removed in 2.0.0 (or later). To avoid this warning, please use the para
meter `max_size` instead. For more details, see the documentation of `remove_small_objects`. Note that the new threshol
d removes objects smaller than **or equal to** its value, while the previous parameter only removed smaller ones.
  bw = morphology.remove_small_objects(bw.astype(bool), min_size=50)
D:\CGAIC\demo5\scripts\..\src\slots\..\..\..\demo4\src\features\traditional.py:247: FutureWarning: Parameter `min_size`
 is deprecated since version 0.26.0 and will be removed in 2.0.0 (or later). To avoid this warning, please use the para
meter `max_size` instead. For more details, see the documentation of `remove_small_objects`. Note that the new threshol
d removes objects smaller than **or equal to** its value, while the previous parameter only removed smaller ones.
  bw = morphology.remove_small_objects(bw.astype(bool), min_size=50)
D:\CGAIC\demo5\scripts\..\src\slots\..\..\..\demo4\src\features\traditional.py:247: FutureWarning: Parameter `min_size`
 is deprecated since version 0.26.0 and will be removed in 2.0.0 (or later). To avoid this warning, please use the para
meter `max_size` instead. For more details, see the documentation of `remove_small_objects`. Note that the new threshol
d removes objects smaller than **or equal to** its value, while the previous parameter only removed smaller ones.
  bw = morphology.remove_small_objects(bw.astype(bool), min_size=50)
D:\CGAIC\demo5\scripts\..\src\slots\..\..\..\demo4\src\features\traditional.py:247: FutureWarning: Parameter `min_size`
 is deprecated since version 0.26.0 and will be removed in 2.0.0 (or later). To avoid this warning, please use the para
meter `max_size` instead. For more details, see the documentation of `remove_small_objects`. Note that the new threshol
d removes objects smaller than **or equal to** its value, while the previous parameter only removed smaller ones.
  bw = morphology.remove_small_objects(bw.astype(bool), min_size=50)
D:\CGAIC\demo5\scripts\..\src\slots\..\..\..\demo4\src\features\traditional.py:247: FutureWarning: Parameter `min_size`
 is deprecated since version 0.26.0 and will be removed in 2.0.0 (or later). To avoid this warning, please use the para
meter `max_size` instead. For more details, see the documentation of `remove_small_objects`. Note that the new threshol
d removes objects smaller than **or equal to** its value, while the previous parameter only removed smaller ones.
  bw = morphology.remove_small_objects(bw.astype(bool), min_size=50)
D:\CGAIC\demo5\scripts\..\src\slots\..\..\..\demo4\src\features\traditional.py:247: FutureWarning: Parameter `min_size`
 is deprecated since version 0.26.0 and will be removed in 2.0.0 (or later). To avoid this warning, please use the para
meter `max_size` instead. For more details, see the documentation of `remove_small_objects`. Note that the new threshol
d removes objects smaller than **or equal to** its value, while the previous parameter only removed smaller ones.
  bw = morphology.remove_small_objects(bw.astype(bool), min_size=50)
D:\CGAIC\demo5\scripts\..\src\slots\..\..\..\demo4\src\features\traditional.py:247: FutureWarning: Parameter `min_size`
 is deprecated since version 0.26.0 and will be removed in 2.0.0 (or later). To avoid this warning, please use the para
meter `max_size` instead. For more details, see the documentation of `remove_small_objects`. Note that the new threshol
d removes objects smaller than **or equal to** its value, while the previous parameter only removed smaller ones.
  bw = morphology.remove_small_objects(bw.astype(bool), min_size=50)
D:\CGAIC\demo5\scripts\..\src\slots\..\..\..\demo4\src\features\traditional.py:247: FutureWarning: Parameter `min_size`
 is deprecated since version 0.26.0 and will be removed in 2.0.0 (or later). To avoid this warning, please use the para
meter `max_size` instead. For more details, see the documentation of `remove_small_objects`. Note that the new threshol
d removes objects smaller than **or equal to** its value, while the previous parameter only removed smaller ones.
  bw = morphology.remove_small_objects(bw.astype(bool), min_size=50)
D:\CGAIC\demo5\scripts\..\src\slots\..\..\..\demo4\src\features\traditional.py:247: FutureWarning: Parameter `min_size`
 is deprecated since version 0.26.0 and will be removed in 2.0.0 (or later). To avoid this warning, please use the para
meter `max_size` instead. For more details, see the documentation of `remove_small_objects`. Note that the new threshol
d removes objects smaller than **or equal to** its value, while the previous parameter only removed smaller ones.
  bw = morphology.remove_small_objects(bw.astype(bool), min_size=50)
  [eval] 140/150 (109s)
D:\CGAIC\demo5\scripts\..\src\slots\..\..\..\demo4\src\features\traditional.py:247: FutureWarning: Parameter `min_size`
 is deprecated since version 0.26.0 and will be removed in 2.0.0 (or later). To avoid this warning, please use the para
meter `max_size` instead. For more details, see the documentation of `remove_small_objects`. Note that the new threshol
d removes objects smaller than **or equal to** its value, while the previous parameter only removed smaller ones.
  bw = morphology.remove_small_objects(bw.astype(bool), min_size=50)
D:\CGAIC\demo5\scripts\..\src\slots\..\..\..\demo4\src\features\traditional.py:247: FutureWarning: Parameter `min_size`
 is deprecated since version 0.26.0 and will be removed in 2.0.0 (or later). To avoid this warning, please use the para
meter `max_size` instead. For more details, see the documentation of `remove_small_objects`. Note that the new threshol
d removes objects smaller than **or equal to** its value, while the previous parameter only removed smaller ones.
  bw = morphology.remove_small_objects(bw.astype(bool), min_size=50)
D:\CGAIC\demo5\scripts\..\src\slots\..\..\..\demo4\src\features\traditional.py:247: FutureWarning: Parameter `min_size`
 is deprecated since version 0.26.0 and will be removed in 2.0.0 (or later). To avoid this warning, please use the para
meter `max_size` instead. For more details, see the documentation of `remove_small_objects`. Note that the new threshol
d removes objects smaller than **or equal to** its value, while the previous parameter only removed smaller ones.
  bw = morphology.remove_small_objects(bw.astype(bool), min_size=50)
D:\CGAIC\demo5\scripts\..\src\slots\..\..\..\demo4\src\features\traditional.py:247: FutureWarning: Parameter `min_size`
 is deprecated since version 0.26.0 and will be removed in 2.0.0 (or later). To avoid this warning, please use the para
meter `max_size` instead. For more details, see the documentation of `remove_small_objects`. Note that the new threshol
d removes objects smaller than **or equal to** its value, while the previous parameter only removed smaller ones.
  bw = morphology.remove_small_objects(bw.astype(bool), min_size=50)
D:\CGAIC\demo5\scripts\..\src\slots\..\..\..\demo4\src\features\traditional.py:247: FutureWarning: Parameter `min_size`
 is deprecated since version 0.26.0 and will be removed in 2.0.0 (or later). To avoid this warning, please use the para
meter `max_size` instead. For more details, see the documentation of `remove_small_objects`. Note that the new threshol
d removes objects smaller than **or equal to** its value, while the previous parameter only removed smaller ones.
  bw = morphology.remove_small_objects(bw.astype(bool), min_size=50)
D:\CGAIC\demo5\scripts\..\src\slots\..\..\..\demo4\src\features\traditional.py:247: FutureWarning: Parameter `min_size`
 is deprecated since version 0.26.0 and will be removed in 2.0.0 (or later). To avoid this warning, please use the para
meter `max_size` instead. For more details, see the documentation of `remove_small_objects`. Note that the new threshol
d removes objects smaller than **or equal to** its value, while the previous parameter only removed smaller ones.
  bw = morphology.remove_small_objects(bw.astype(bool), min_size=50)
D:\CGAIC\demo5\scripts\..\src\slots\..\..\..\demo4\src\features\traditional.py:247: FutureWarning: Parameter `min_size`
 is deprecated since version 0.26.0 and will be removed in 2.0.0 (or later). To avoid this warning, please use the para
meter `max_size` instead. For more details, see the documentation of `remove_small_objects`. Note that the new threshol
d removes objects smaller than **or equal to** its value, while the previous parameter only removed smaller ones.
  bw = morphology.remove_small_objects(bw.astype(bool), min_size=50)
D:\CGAIC\demo5\scripts\..\src\slots\..\..\..\demo4\src\features\traditional.py:247: FutureWarning: Parameter `min_size`
 is deprecated since version 0.26.0 and will be removed in 2.0.0 (or later). To avoid this warning, please use the para
meter `max_size` instead. For more details, see the documentation of `remove_small_objects`. Note that the new threshol
d removes objects smaller than **or equal to** its value, while the previous parameter only removed smaller ones.
  bw = morphology.remove_small_objects(bw.astype(bool), min_size=50)
D:\CGAIC\demo5\scripts\..\src\slots\..\..\..\demo4\src\features\traditional.py:247: FutureWarning: Parameter `min_size`
 is deprecated since version 0.26.0 and will be removed in 2.0.0 (or later). To avoid this warning, please use the para
meter `max_size` instead. For more details, see the documentation of `remove_small_objects`. Note that the new threshol
d removes objects smaller than **or equal to** its value, while the previous parameter only removed smaller ones.
  bw = morphology.remove_small_objects(bw.astype(bool), min_size=50)
D:\CGAIC\demo5\scripts\..\src\slots\..\..\..\demo4\src\features\traditional.py:247: FutureWarning: Parameter `min_size`
 is deprecated since version 0.26.0 and will be removed in 2.0.0 (or later). To avoid this warning, please use the para
meter `max_size` instead. For more details, see the documentation of `remove_small_objects`. Note that the new threshol
d removes objects smaller than **or equal to** its value, while the previous parameter only removed smaller ones.
  bw = morphology.remove_small_objects(bw.astype(bool), min_size=50)
D:\CGAIC\demo5\scripts\..\src\slots\..\..\..\demo4\src\features\traditional.py:247: FutureWarning: Parameter `min_size`
 is deprecated since version 0.26.0 and will be removed in 2.0.0 (or later). To avoid this warning, please use the para
meter `max_size` instead. For more details, see the documentation of `remove_small_objects`. Note that the new threshol
d removes objects smaller than **or equal to** its value, while the previous parameter only removed smaller ones.
  bw = morphology.remove_small_objects(bw.astype(bool), min_size=50)
D:\CGAIC\demo5\scripts\..\src\slots\..\..\..\demo4\src\features\traditional.py:247: FutureWarning: Parameter `min_size`
 is deprecated since version 0.26.0 and will be removed in 2.0.0 (or later). To avoid this warning, please use the para
meter `max_size` instead. For more details, see the documentation of `remove_small_objects`. Note that the new threshol
d removes objects smaller than **or equal to** its value, while the previous parameter only removed smaller ones.
  bw = morphology.remove_small_objects(bw.astype(bool), min_size=50)
D:\CGAIC\demo5\scripts\..\src\slots\..\..\..\demo4\src\features\traditional.py:247: FutureWarning: Parameter `min_size`
 is deprecated since version 0.26.0 and will be removed in 2.0.0 (or later). To avoid this warning, please use the para
meter `max_size` instead. For more details, see the documentation of `remove_small_objects`. Note that the new threshol
d removes objects smaller than **or equal to** its value, while the previous parameter only removed smaller ones.
  bw = morphology.remove_small_objects(bw.astype(bool), min_size=50)
D:\CGAIC\demo5\scripts\..\src\slots\..\..\..\demo4\src\features\traditional.py:247: FutureWarning: Parameter `min_size`
 is deprecated since version 0.26.0 and will be removed in 2.0.0 (or later). To avoid this warning, please use the para
meter `max_size` instead. For more details, see the documentation of `remove_small_objects`. Note that the new threshol
d removes objects smaller than **or equal to** its value, while the previous parameter only removed smaller ones.
  bw = morphology.remove_small_objects(bw.astype(bool), min_size=50)
D:\CGAIC\demo5\scripts\..\src\slots\..\..\..\demo4\src\features\traditional.py:247: FutureWarning: Parameter `min_size`
 is deprecated since version 0.26.0 and will be removed in 2.0.0 (or later). To avoid this warning, please use the para
meter `max_size` instead. For more details, see the documentation of `remove_small_objects`. Note that the new threshol
d removes objects smaller than **or equal to** its value, while the previous parameter only removed smaller ones.
  bw = morphology.remove_small_objects(bw.astype(bool), min_size=50)
D:\CGAIC\demo5\scripts\..\src\slots\..\..\..\demo4\src\features\traditional.py:247: FutureWarning: Parameter `min_size`
 is deprecated since version 0.26.0 and will be removed in 2.0.0 (or later). To avoid this warning, please use the para
meter `max_size` instead. For more details, see the documentation of `remove_small_objects`. Note that the new threshol
d removes objects smaller than **or equal to** its value, while the previous parameter only removed smaller ones.
  bw = morphology.remove_small_objects(bw.astype(bool), min_size=50)
D:\CGAIC\demo5\scripts\..\src\slots\..\..\..\demo4\src\features\traditional.py:247: FutureWarning: Parameter `min_size`
 is deprecated since version 0.26.0 and will be removed in 2.0.0 (or later). To avoid this warning, please use the para
meter `max_size` instead. For more details, see the documentation of `remove_small_objects`. Note that the new threshol
d removes objects smaller than **or equal to** its value, while the previous parameter only removed smaller ones.
  bw = morphology.remove_small_objects(bw.astype(bool), min_size=50)
D:\CGAIC\demo5\scripts\..\src\slots\..\..\..\demo4\src\features\traditional.py:247: FutureWarning: Parameter `min_size`
 is deprecated since version 0.26.0 and will be removed in 2.0.0 (or later). To avoid this warning, please use the para
meter `max_size` instead. For more details, see the documentation of `remove_small_objects`. Note that the new threshol
d removes objects smaller than **or equal to** its value, while the previous parameter only removed smaller ones.
  bw = morphology.remove_small_objects(bw.astype(bool), min_size=50)
D:\CGAIC\demo5\scripts\..\src\slots\..\..\..\demo4\src\features\traditional.py:247: FutureWarning: Parameter `min_size`
 is deprecated since version 0.26.0 and will be removed in 2.0.0 (or later). To avoid this warning, please use the para
meter `max_size` instead. For more details, see the documentation of `remove_small_objects`. Note that the new threshol
d removes objects smaller than **or equal to** its value, while the previous parameter only removed smaller ones.
  bw = morphology.remove_small_objects(bw.astype(bool), min_size=50)
D:\CGAIC\demo5\scripts\..\src\slots\..\..\..\demo4\src\features\traditional.py:247: FutureWarning: Parameter `min_size`
 is deprecated since version 0.26.0 and will be removed in 2.0.0 (or later). To avoid this warning, please use the para
meter `max_size` instead. For more details, see the documentation of `remove_small_objects`. Note that the new threshol
d removes objects smaller than **or equal to** its value, while the previous parameter only removed smaller ones.
  bw = morphology.remove_small_objects(bw.astype(bool), min_size=50)
D:\CGAIC\demo5\scripts\..\src\slots\..\..\..\demo4\src\features\traditional.py:247: FutureWarning: Parameter `min_size`
 is deprecated since version 0.26.0 and will be removed in 2.0.0 (or later). To avoid this warning, please use the para
meter `max_size` instead. For more details, see the documentation of `remove_small_objects`. Note that the new threshol
d removes objects smaller than **or equal to** its value, while the previous parameter only removed smaller ones.
  bw = morphology.remove_small_objects(bw.astype(bool), min_size=50)
D:\CGAIC\demo5\scripts\..\src\slots\..\..\..\demo4\src\features\traditional.py:247: FutureWarning: Parameter `min_size`
 is deprecated since version 0.26.0 and will be removed in 2.0.0 (or later). To avoid this warning, please use the para
meter `max_size` instead. For more details, see the documentation of `remove_small_objects`. Note that the new threshol
d removes objects smaller than **or equal to** its value, while the previous parameter only removed smaller ones.
  bw = morphology.remove_small_objects(bw.astype(bool), min_size=50)
D:\CGAIC\demo5\scripts\..\src\slots\..\..\..\demo4\src\features\traditional.py:247: FutureWarning: Parameter `min_size`
 is deprecated since version 0.26.0 and will be removed in 2.0.0 (or later). To avoid this warning, please use the para
meter `max_size` instead. For more details, see the documentation of `remove_small_objects`. Note that the new threshol
d removes objects smaller than **or equal to** its value, while the previous parameter only removed smaller ones.
  bw = morphology.remove_small_objects(bw.astype(bool), min_size=50)
D:\CGAIC\demo5\scripts\..\src\slots\..\..\..\demo4\src\features\traditional.py:247: FutureWarning: Parameter `min_size`
 is deprecated since version 0.26.0 and will be removed in 2.0.0 (or later). To avoid this warning, please use the para
meter `max_size` instead. For more details, see the documentation of `remove_small_objects`. Note that the new threshol
d removes objects smaller than **or equal to** its value, while the previous parameter only removed smaller ones.
  bw = morphology.remove_small_objects(bw.astype(bool), min_size=50)
D:\CGAIC\demo5\scripts\..\src\slots\..\..\..\demo4\src\features\traditional.py:247: FutureWarning: Parameter `min_size`
 is deprecated since version 0.26.0 and will be removed in 2.0.0 (or later). To avoid this warning, please use the para
meter `max_size` instead. For more details, see the documentation of `remove_small_objects`. Note that the new threshol
d removes objects smaller than **or equal to** its value, while the previous parameter only removed smaller ones.
  bw = morphology.remove_small_objects(bw.astype(bool), min_size=50)
D:\CGAIC\demo5\scripts\..\src\slots\..\..\..\demo4\src\features\traditional.py:247: FutureWarning: Parameter `min_size`
 is deprecated since version 0.26.0 and will be removed in 2.0.0 (or later). To avoid this warning, please use the para
meter `max_size` instead. For more details, see the documentation of `remove_small_objects`. Note that the new threshol
d removes objects smaller than **or equal to** its value, while the previous parameter only removed smaller ones.
  bw = morphology.remove_small_objects(bw.astype(bool), min_size=50)
D:\CGAIC\demo5\scripts\..\src\slots\..\..\..\demo4\src\features\traditional.py:247: FutureWarning: Parameter `min_size`
 is deprecated since version 0.26.0 and will be removed in 2.0.0 (or later). To avoid this warning, please use the para
meter `max_size` instead. For more details, see the documentation of `remove_small_objects`. Note that the new threshol
d removes objects smaller than **or equal to** its value, while the previous parameter only removed smaller ones.
  bw = morphology.remove_small_objects(bw.astype(bool), min_size=50)
D:\CGAIC\demo5\scripts\..\src\slots\..\..\..\demo4\src\features\traditional.py:247: FutureWarning: Parameter `min_size`
 is deprecated since version 0.26.0 and will be removed in 2.0.0 (or later). To avoid this warning, please use the para
meter `max_size` instead. For more details, see the documentation of `remove_small_objects`. Note that the new threshol
d removes objects smaller than **or equal to** its value, while the previous parameter only removed smaller ones.
  bw = morphology.remove_small_objects(bw.astype(bool), min_size=50)
D:\CGAIC\demo5\scripts\..\src\slots\..\..\..\demo4\src\features\traditional.py:247: FutureWarning: Parameter `min_size`
 is deprecated since version 0.26.0 and will be removed in 2.0.0 (or later). To avoid this warning, please use the para
meter `max_size` instead. For more details, see the documentation of `remove_small_objects`. Note that the new threshol
d removes objects smaller than **or equal to** its value, while the previous parameter only removed smaller ones.
  bw = morphology.remove_small_objects(bw.astype(bool), min_size=50)
D:\CGAIC\demo5\scripts\..\src\slots\..\..\..\demo4\src\features\traditional.py:247: FutureWarning: Parameter `min_size`
 is deprecated since version 0.26.0 and will be removed in 2.0.0 (or later). To avoid this warning, please use the para
meter `max_size` instead. For more details, see the documentation of `remove_small_objects`. Note that the new threshol
d removes objects smaller than **or equal to** its value, while the previous parameter only removed smaller ones.
  bw = morphology.remove_small_objects(bw.astype(bool), min_size=50)
  [eval] 20/150 (20s)
D:\CGAIC\demo5\scripts\..\src\slots\..\..\..\demo4\src\features\traditional.py:247: FutureWarning: Parameter `min_size`
 is deprecated since version 0.26.0 and will be removed in 2.0.0 (or later). To avoid this warning, please use the para
meter `max_size` instead. For more details, see the documentation of `remove_small_objects`. Note that the new threshol
d removes objects smaller than **or equal to** its value, while the previous parameter only removed smaller ones.
  bw = morphology.remove_small_objects(bw.astype(bool), min_size=50)
D:\CGAIC\demo5\scripts\..\src\slots\..\..\..\demo4\src\features\traditional.py:247: FutureWarning: Parameter `min_size`
 is deprecated since version 0.26.0 and will be removed in 2.0.0 (or later). To avoid this warning, please use the para
meter `max_size` instead. For more details, see the documentation of `remove_small_objects`. Note that the new threshol
d removes objects smaller than **or equal to** its value, while the previous parameter only removed smaller ones.
  bw = morphology.remove_small_objects(bw.astype(bool), min_size=50)
D:\CGAIC\demo5\scripts\..\src\slots\..\..\..\demo4\src\features\traditional.py:247: FutureWarning: Parameter `min_size`
 is deprecated since version 0.26.0 and will be removed in 2.0.0 (or later). To avoid this warning, please use the para
meter `max_size` instead. For more details, see the documentation of `remove_small_objects`. Note that the new threshol
d removes objects smaller than **or equal to** its value, while the previous parameter only removed smaller ones.
  bw = morphology.remove_small_objects(bw.astype(bool), min_size=50)
D:\CGAIC\demo5\scripts\..\src\slots\..\..\..\demo4\src\features\traditional.py:247: FutureWarning: Parameter `min_size`
 is deprecated since version 0.26.0 and will be removed in 2.0.0 (or later). To avoid this warning, please use the para
meter `max_size` instead. For more details, see the documentation of `remove_small_objects`. Note that the new threshol
d removes objects smaller than **or equal to** its value, while the previous parameter only removed smaller ones.
  bw = morphology.remove_small_objects(bw.astype(bool), min_size=50)
D:\CGAIC\demo5\scripts\..\src\slots\..\..\..\demo4\src\features\traditional.py:247: FutureWarning: Parameter `min_size`
 is deprecated since version 0.26.0 and will be removed in 2.0.0 (or later). To avoid this warning, please use the para
meter `max_size` instead. For more details, see the documentation of `remove_small_objects`. Note that the new threshol
d removes objects smaller than **or equal to** its value, while the previous parameter only removed smaller ones.
  bw = morphology.remove_small_objects(bw.astype(bool), min_size=50)
D:\CGAIC\demo5\scripts\..\src\slots\..\..\..\demo4\src\features\traditional.py:247: FutureWarning: Parameter `min_size`
 is deprecated since version 0.26.0 and will be removed in 2.0.0 (or later). To avoid this warning, please use the para
meter `max_size` instead. For more details, see the documentation of `remove_small_objects`. Note that the new threshol
d removes objects smaller than **or equal to** its value, while the previous parameter only removed smaller ones.
  bw = morphology.remove_small_objects(bw.astype(bool), min_size=50)
D:\CGAIC\demo5\scripts\..\src\slots\..\..\..\demo4\src\features\traditional.py:247: FutureWarning: Parameter `min_size`
 is deprecated since version 0.26.0 and will be removed in 2.0.0 (or later). To avoid this warning, please use the para
meter `max_size` instead. For more details, see the documentation of `remove_small_objects`. Note that the new threshol
d removes objects smaller than **or equal to** its value, while the previous parameter only removed smaller ones.
  bw = morphology.remove_small_objects(bw.astype(bool), min_size=50)
D:\CGAIC\demo5\scripts\..\src\slots\..\..\..\demo4\src\features\traditional.py:247: FutureWarning: Parameter `min_size`
 is deprecated since version 0.26.0 and will be removed in 2.0.0 (or later). To avoid this warning, please use the para
meter `max_size` instead. For more details, see the documentation of `remove_small_objects`. Note that the new threshol
d removes objects smaller than **or equal to** its value, while the previous parameter only removed smaller ones.
  bw = morphology.remove_small_objects(bw.astype(bool), min_size=50)
D:\CGAIC\demo5\scripts\..\src\slots\..\..\..\demo4\src\features\traditional.py:247: FutureWarning: Parameter `min_size`
 is deprecated since version 0.26.0 and will be removed in 2.0.0 (or later). To avoid this warning, please use the para
meter `max_size` instead. For more details, see the documentation of `remove_small_objects`. Note that the new threshol
d removes objects smaller than **or equal to** its value, while the previous parameter only removed smaller ones.
  bw = morphology.remove_small_objects(bw.astype(bool), min_size=50)
D:\CGAIC\demo5\scripts\..\src\slots\..\..\..\demo4\src\features\traditional.py:247: FutureWarning: Parameter `min_size`
 is deprecated since version 0.26.0 and will be removed in 2.0.0 (or later). To avoid this warning, please use the para
meter `max_size` instead. For more details, see the documentation of `remove_small_objects`. Note that the new threshol
d removes objects smaller than **or equal to** its value, while the previous parameter only removed smaller ones.
  bw = morphology.remove_small_objects(bw.astype(bool), min_size=50)
D:\CGAIC\demo5\scripts\..\src\slots\..\..\..\demo4\src\features\traditional.py:247: FutureWarning: Parameter `min_size`
 is deprecated since version 0.26.0 and will be removed in 2.0.0 (or later). To avoid this warning, please use the para
meter `max_size` instead. For more details, see the documentation of `remove_small_objects`. Note that the new threshol
d removes objects smaller than **or equal to** its value, while the previous parameter only removed smaller ones.
  bw = morphology.remove_small_objects(bw.astype(bool), min_size=50)
D:\CGAIC\demo5\scripts\..\src\slots\..\..\..\demo4\src\features\traditional.py:247: FutureWarning: Parameter `min_size`
 is deprecated since version 0.26.0 and will be removed in 2.0.0 (or later). To avoid this warning, please use the para
meter `max_size` instead. For more details, see the documentation of `remove_small_objects`. Note that the new threshol
d removes objects smaller than **or equal to** its value, while the previous parameter only removed smaller ones.
  bw = morphology.remove_small_objects(bw.astype(bool), min_size=50)
D:\CGAIC\demo5\scripts\..\src\slots\..\..\..\demo4\src\features\traditional.py:247: FutureWarning: Parameter `min_size`
 is deprecated since version 0.26.0 and will be removed in 2.0.0 (or later). To avoid this warning, please use the para
meter `max_size` instead. For more details, see the documentation of `remove_small_objects`. Note that the new threshol
d removes objects smaller than **or equal to** its value, while the previous parameter only removed smaller ones.
  bw = morphology.remove_small_objects(bw.astype(bool), min_size=50)
D:\CGAIC\demo5\scripts\..\src\slots\..\..\..\demo4\src\features\traditional.py:247: FutureWarning: Parameter `min_size`
 is deprecated since version 0.26.0 and will be removed in 2.0.0 (or later). To avoid this warning, please use the para
meter `max_size` instead. For more details, see the documentation of `remove_small_objects`. Note that the new threshol
d removes objects smaller than **or equal to** its value, while the previous parameter only removed smaller ones.
  bw = morphology.remove_small_objects(bw.astype(bool), min_size=50)
D:\CGAIC\demo5\scripts\..\src\slots\..\..\..\demo4\src\features\traditional.py:247: FutureWarning: Parameter `min_size`
 is deprecated since version 0.26.0 and will be removed in 2.0.0 (or later). To avoid this warning, please use the para
meter `max_size` instead. For more details, see the documentation of `remove_small_objects`. Note that the new threshol
d removes objects smaller than **or equal to** its value, while the previous parameter only removed smaller ones.
  bw = morphology.remove_small_objects(bw.astype(bool), min_size=50)
D:\CGAIC\demo5\scripts\..\src\slots\..\..\..\demo4\src\features\traditional.py:247: FutureWarning: Parameter `min_size`
 is deprecated since version 0.26.0 and will be removed in 2.0.0 (or later). To avoid this warning, please use the para
meter `max_size` instead. For more details, see the documentation of `remove_small_objects`. Note that the new threshol
d removes objects smaller than **or equal to** its value, while the previous parameter only removed smaller ones.
  bw = morphology.remove_small_objects(bw.astype(bool), min_size=50)
D:\CGAIC\demo5\scripts\..\src\slots\..\..\..\demo4\src\features\traditional.py:247: FutureWarning: Parameter `min_size`
 is deprecated since version 0.26.0 and will be removed in 2.0.0 (or later). To avoid this warning, please use the para
meter `max_size` instead. For more details, see the documentation of `remove_small_objects`. Note that the new threshol
d removes objects smaller than **or equal to** its value, while the previous parameter only removed smaller ones.
  bw = morphology.remove_small_objects(bw.astype(bool), min_size=50)
D:\CGAIC\demo5\scripts\..\src\slots\..\..\..\demo4\src\features\traditional.py:247: FutureWarning: Parameter `min_size`
 is deprecated since version 0.26.0 and will be removed in 2.0.0 (or later). To avoid this warning, please use the para
meter `max_size` instead. For more details, see the documentation of `remove_small_objects`. Note that the new threshol
d removes objects smaller than **or equal to** its value, while the previous parameter only removed smaller ones.
  bw = morphology.remove_small_objects(bw.astype(bool), min_size=50)
D:\CGAIC\demo5\scripts\..\src\slots\..\..\..\demo4\src\features\traditional.py:247: FutureWarning: Parameter `min_size`
 is deprecated since version 0.26.0 and will be removed in 2.0.0 (or later). To avoid this warning, please use the para
meter `max_size` instead. For more details, see the documentation of `remove_small_objects`. Note that the new threshol
d removes objects smaller than **or equal to** its value, while the previous parameter only removed smaller ones.
  bw = morphology.remove_small_objects(bw.astype(bool), min_size=50)
D:\CGAIC\demo5\scripts\..\src\slots\..\..\..\demo4\src\features\traditional.py:247: FutureWarning: Parameter `min_size`
 is deprecated since version 0.26.0 and will be removed in 2.0.0 (or later). To avoid this warning, please use the para
meter `max_size` instead. For more details, see the documentation of `remove_small_objects`. Note that the new threshol
d removes objects smaller than **or equal to** its value, while the previous parameter only removed smaller ones.
  bw = morphology.remove_small_objects(bw.astype(bool), min_size=50)
  [eval] 40/150 (37s)
D:\CGAIC\demo5\scripts\..\src\slots\..\..\..\demo4\src\features\traditional.py:247: FutureWarning: Parameter `min_size`
 is deprecated since version 0.26.0 and will be removed in 2.0.0 (or later). To avoid this warning, please use the para
meter `max_size` instead. For more details, see the documentation of `remove_small_objects`. Note that the new threshol
d removes objects smaller than **or equal to** its value, while the previous parameter only removed smaller ones.
  bw = morphology.remove_small_objects(bw.astype(bool), min_size=50)
D:\CGAIC\demo5\scripts\..\src\slots\..\..\..\demo4\src\features\traditional.py:247: FutureWarning: Parameter `min_size`
 is deprecated since version 0.26.0 and will be removed in 2.0.0 (or later). To avoid this warning, please use the para
meter `max_size` instead. For more details, see the documentation of `remove_small_objects`. Note that the new threshol
d removes objects smaller than **or equal to** its value, while the previous parameter only removed smaller ones.
  bw = morphology.remove_small_objects(bw.astype(bool), min_size=50)
D:\CGAIC\demo5\scripts\..\src\slots\..\..\..\demo4\src\features\traditional.py:247: FutureWarning: Parameter `min_size`
 is deprecated since version 0.26.0 and will be removed in 2.0.0 (or later). To avoid this warning, please use the para
meter `max_size` instead. For more details, see the documentation of `remove_small_objects`. Note that the new threshol
d removes objects smaller than **or equal to** its value, while the previous parameter only removed smaller ones.
  bw = morphology.remove_small_objects(bw.astype(bool), min_size=50)
D:\CGAIC\demo5\scripts\..\src\slots\..\..\..\demo4\src\features\traditional.py:247: FutureWarning: Parameter `min_size`
 is deprecated since version 0.26.0 and will be removed in 2.0.0 (or later). To avoid this warning, please use the para
meter `max_size` instead. For more details, see the documentation of `remove_small_objects`. Note that the new threshol
d removes objects smaller than **or equal to** its value, while the previous parameter only removed smaller ones.
  bw = morphology.remove_small_objects(bw.astype(bool), min_size=50)
D:\CGAIC\demo5\scripts\..\src\slots\..\..\..\demo4\src\features\traditional.py:247: FutureWarning: Parameter `min_size`
 is deprecated since version 0.26.0 and will be removed in 2.0.0 (or later). To avoid this warning, please use the para
meter `max_size` instead. For more details, see the documentation of `remove_small_objects`. Note that the new threshol
d removes objects smaller than **or equal to** its value, while the previous parameter only removed smaller ones.
  bw = morphology.remove_small_objects(bw.astype(bool), min_size=50)
D:\CGAIC\demo5\scripts\..\src\slots\..\..\..\demo4\src\features\traditional.py:247: FutureWarning: Parameter `min_size`
 is deprecated since version 0.26.0 and will be removed in 2.0.0 (or later). To avoid this warning, please use the para
meter `max_size` instead. For more details, see the documentation of `remove_small_objects`. Note that the new threshol
d removes objects smaller than **or equal to** its value, while the previous parameter only removed smaller ones.
  bw = morphology.remove_small_objects(bw.astype(bool), min_size=50)
D:\CGAIC\demo5\scripts\..\src\slots\..\..\..\demo4\src\features\traditional.py:247: FutureWarning: Parameter `min_size`
 is deprecated since version 0.26.0 and will be removed in 2.0.0 (or later). To avoid this warning, please use the para
meter `max_size` instead. For more details, see the documentation of `remove_small_objects`. Note that the new threshol
d removes objects smaller than **or equal to** its value, while the previous parameter only removed smaller ones.
  bw = morphology.remove_small_objects(bw.astype(bool), min_size=50)
D:\CGAIC\demo5\scripts\..\src\slots\..\..\..\demo4\src\features\traditional.py:247: FutureWarning: Parameter `min_size`
 is deprecated since version 0.26.0 and will be removed in 2.0.0 (or later). To avoid this warning, please use the para
meter `max_size` instead. For more details, see the documentation of `remove_small_objects`. Note that the new threshol
d removes objects smaller than **or equal to** its value, while the previous parameter only removed smaller ones.
  bw = morphology.remove_small_objects(bw.astype(bool), min_size=50)
D:\CGAIC\demo5\scripts\..\src\slots\..\..\..\demo4\src\features\traditional.py:247: FutureWarning: Parameter `min_size`
 is deprecated since version 0.26.0 and will be removed in 2.0.0 (or later). To avoid this warning, please use the para
meter `max_size` instead. For more details, see the documentation of `remove_small_objects`. Note that the new threshol
d removes objects smaller than **or equal to** its value, while the previous parameter only removed smaller ones.
  bw = morphology.remove_small_objects(bw.astype(bool), min_size=50)
D:\CGAIC\demo5\scripts\..\src\slots\..\..\..\demo4\src\features\traditional.py:247: FutureWarning: Parameter `min_size`
 is deprecated since version 0.26.0 and will be removed in 2.0.0 (or later). To avoid this warning, please use the para
meter `max_size` instead. For more details, see the documentation of `remove_small_objects`. Note that the new threshol
d removes objects smaller than **or equal to** its value, while the previous parameter only removed smaller ones.
  bw = morphology.remove_small_objects(bw.astype(bool), min_size=50)
D:\CGAIC\demo5\scripts\..\src\slots\..\..\..\demo4\src\features\traditional.py:247: FutureWarning: Parameter `min_size`
 is deprecated since version 0.26.0 and will be removed in 2.0.0 (or later). To avoid this warning, please use the para
meter `max_size` instead. For more details, see the documentation of `remove_small_objects`. Note that the new threshol
d removes objects smaller than **or equal to** its value, while the previous parameter only removed smaller ones.
  bw = morphology.remove_small_objects(bw.astype(bool), min_size=50)
D:\CGAIC\demo5\scripts\..\src\slots\..\..\..\demo4\src\features\traditional.py:247: FutureWarning: Parameter `min_size`
 is deprecated since version 0.26.0 and will be removed in 2.0.0 (or later). To avoid this warning, please use the para
meter `max_size` instead. For more details, see the documentation of `remove_small_objects`. Note that the new threshol
d removes objects smaller than **or equal to** its value, while the previous parameter only removed smaller ones.
  bw = morphology.remove_small_objects(bw.astype(bool), min_size=50)
D:\CGAIC\demo5\scripts\..\src\slots\..\..\..\demo4\src\features\traditional.py:247: FutureWarning: Parameter `min_size`
 is deprecated since version 0.26.0 and will be removed in 2.0.0 (or later). To avoid this warning, please use the para
meter `max_size` instead. For more details, see the documentation of `remove_small_objects`. Note that the new threshol
d removes objects smaller than **or equal to** its value, while the previous parameter only removed smaller ones.
  bw = morphology.remove_small_objects(bw.astype(bool), min_size=50)
D:\CGAIC\demo5\scripts\..\src\slots\..\..\..\demo4\src\features\traditional.py:247: FutureWarning: Parameter `min_size`
 is deprecated since version 0.26.0 and will be removed in 2.0.0 (or later). To avoid this warning, please use the para
meter `max_size` instead. For more details, see the documentation of `remove_small_objects`. Note that the new threshol
d removes objects smaller than **or equal to** its value, while the previous parameter only removed smaller ones.
  bw = morphology.remove_small_objects(bw.astype(bool), min_size=50)
D:\CGAIC\demo5\scripts\..\src\slots\..\..\..\demo4\src\features\traditional.py:247: FutureWarning: Parameter `min_size`
 is deprecated since version 0.26.0 and will be removed in 2.0.0 (or later). To avoid this warning, please use the para
meter `max_size` instead. For more details, see the documentation of `remove_small_objects`. Note that the new threshol
d removes objects smaller than **or equal to** its value, while the previous parameter only removed smaller ones.
  bw = morphology.remove_small_objects(bw.astype(bool), min_size=50)
D:\CGAIC\demo5\scripts\..\src\slots\..\..\..\demo4\src\features\traditional.py:247: FutureWarning: Parameter `min_size`
 is deprecated since version 0.26.0 and will be removed in 2.0.0 (or later). To avoid this warning, please use the para
meter `max_size` instead. For more details, see the documentation of `remove_small_objects`. Note that the new threshol
d removes objects smaller than **or equal to** its value, while the previous parameter only removed smaller ones.
  bw = morphology.remove_small_objects(bw.astype(bool), min_size=50)
D:\CGAIC\demo5\scripts\..\src\slots\..\..\..\demo4\src\features\traditional.py:247: FutureWarning: Parameter `min_size`
 is deprecated since version 0.26.0 and will be removed in 2.0.0 (or later). To avoid this warning, please use the para
meter `max_size` instead. For more details, see the documentation of `remove_small_objects`. Note that the new threshol
d removes objects smaller than **or equal to** its value, while the previous parameter only removed smaller ones.
  bw = morphology.remove_small_objects(bw.astype(bool), min_size=50)
D:\CGAIC\demo5\scripts\..\src\slots\..\..\..\demo4\src\features\traditional.py:247: FutureWarning: Parameter `min_size`
 is deprecated since version 0.26.0 and will be removed in 2.0.0 (or later). To avoid this warning, please use the para
meter `max_size` instead. For more details, see the documentation of `remove_small_objects`. Note that the new threshol
d removes objects smaller than **or equal to** its value, while the previous parameter only removed smaller ones.
  bw = morphology.remove_small_objects(bw.astype(bool), min_size=50)
D:\CGAIC\demo5\scripts\..\src\slots\..\..\..\demo4\src\features\traditional.py:247: FutureWarning: Parameter `min_size`
 is deprecated since version 0.26.0 and will be removed in 2.0.0 (or later). To avoid this warning, please use the para
meter `max_size` instead. For more details, see the documentation of `remove_small_objects`. Note that the new threshol
d removes objects smaller than **or equal to** its value, while the previous parameter only removed smaller ones.
  bw = morphology.remove_small_objects(bw.astype(bool), min_size=50)
D:\CGAIC\demo5\scripts\..\src\slots\..\..\..\demo4\src\features\traditional.py:247: FutureWarning: Parameter `min_size`
 is deprecated since version 0.26.0 and will be removed in 2.0.0 (or later). To avoid this warning, please use the para
meter `max_size` instead. For more details, see the documentation of `remove_small_objects`. Note that the new threshol
d removes objects smaller than **or equal to** its value, while the previous parameter only removed smaller ones.
  bw = morphology.remove_small_objects(bw.astype(bool), min_size=50)
  [eval] 60/150 (53s)
D:\CGAIC\demo5\scripts\..\src\slots\..\..\..\demo4\src\features\traditional.py:247: FutureWarning: Parameter `min_size`
 is deprecated since version 0.26.0 and will be removed in 2.0.0 (or later). To avoid this warning, please use the para
meter `max_size` instead. For more details, see the documentation of `remove_small_objects`. Note that the new threshol
d removes objects smaller than **or equal to** its value, while the previous parameter only removed smaller ones.
  bw = morphology.remove_small_objects(bw.astype(bool), min_size=50)
D:\CGAIC\demo5\scripts\..\src\slots\..\..\..\demo4\src\features\traditional.py:247: FutureWarning: Parameter `min_size`
 is deprecated since version 0.26.0 and will be removed in 2.0.0 (or later). To avoid this warning, please use the para
meter `max_size` instead. For more details, see the documentation of `remove_small_objects`. Note that the new threshol
d removes objects smaller than **or equal to** its value, while the previous parameter only removed smaller ones.
  bw = morphology.remove_small_objects(bw.astype(bool), min_size=50)
D:\CGAIC\demo5\scripts\..\src\slots\..\..\..\demo4\src\features\traditional.py:247: FutureWarning: Parameter `min_size`
 is deprecated since version 0.26.0 and will be removed in 2.0.0 (or later). To avoid this warning, please use the para
meter `max_size` instead. For more details, see the documentation of `remove_small_objects`. Note that the new threshol
d removes objects smaller than **or equal to** its value, while the previous parameter only removed smaller ones.
  bw = morphology.remove_small_objects(bw.astype(bool), min_size=50)
D:\CGAIC\demo5\scripts\..\src\slots\..\..\..\demo4\src\features\traditional.py:247: FutureWarning: Parameter `min_size`
 is deprecated since version 0.26.0 and will be removed in 2.0.0 (or later). To avoid this warning, please use the para
meter `max_size` instead. For more details, see the documentation of `remove_small_objects`. Note that the new threshol
d removes objects smaller than **or equal to** its value, while the previous parameter only removed smaller ones.
  bw = morphology.remove_small_objects(bw.astype(bool), min_size=50)
D:\CGAIC\demo5\scripts\..\src\slots\..\..\..\demo4\src\features\traditional.py:247: FutureWarning: Parameter `min_size`
 is deprecated since version 0.26.0 and will be removed in 2.0.0 (or later). To avoid this warning, please use the para
meter `max_size` instead. For more details, see the documentation of `remove_small_objects`. Note that the new threshol
d removes objects smaller than **or equal to** its value, while the previous parameter only removed smaller ones.
  bw = morphology.remove_small_objects(bw.astype(bool), min_size=50)
D:\CGAIC\demo5\scripts\..\src\slots\..\..\..\demo4\src\features\traditional.py:247: FutureWarning: Parameter `min_size`
 is deprecated since version 0.26.0 and will be removed in 2.0.0 (or later). To avoid this warning, please use the para
meter `max_size` instead. For more details, see the documentation of `remove_small_objects`. Note that the new threshol
d removes objects smaller than **or equal to** its value, while the previous parameter only removed smaller ones.
  bw = morphology.remove_small_objects(bw.astype(bool), min_size=50)
D:\CGAIC\demo5\scripts\..\src\slots\..\..\..\demo4\src\features\traditional.py:247: FutureWarning: Parameter `min_size`
 is deprecated since version 0.26.0 and will be removed in 2.0.0 (or later). To avoid this warning, please use the para
meter `max_size` instead. For more details, see the documentation of `remove_small_objects`. Note that the new threshol
d removes objects smaller than **or equal to** its value, while the previous parameter only removed smaller ones.
  bw = morphology.remove_small_objects(bw.astype(bool), min_size=50)
D:\CGAIC\demo5\scripts\..\src\slots\..\..\..\demo4\src\features\traditional.py:247: FutureWarning: Parameter `min_size`
 is deprecated since version 0.26.0 and will be removed in 2.0.0 (or later). To avoid this warning, please use the para
meter `max_size` instead. For more details, see the documentation of `remove_small_objects`. Note that the new threshol
d removes objects smaller than **or equal to** its value, while the previous parameter only removed smaller ones.
  bw = morphology.remove_small_objects(bw.astype(bool), min_size=50)
D:\CGAIC\demo5\scripts\..\src\slots\..\..\..\demo4\src\features\traditional.py:247: FutureWarning: Parameter `min_size`
 is deprecated since version 0.26.0 and will be removed in 2.0.0 (or later). To avoid this warning, please use the para
meter `max_size` instead. For more details, see the documentation of `remove_small_objects`. Note that the new threshol
d removes objects smaller than **or equal to** its value, while the previous parameter only removed smaller ones.
  bw = morphology.remove_small_objects(bw.astype(bool), min_size=50)
D:\CGAIC\demo5\scripts\..\src\slots\..\..\..\demo4\src\features\traditional.py:247: FutureWarning: Parameter `min_size`
 is deprecated since version 0.26.0 and will be removed in 2.0.0 (or later). To avoid this warning, please use the para
meter `max_size` instead. For more details, see the documentation of `remove_small_objects`. Note that the new threshol
d removes objects smaller than **or equal to** its value, while the previous parameter only removed smaller ones.
  bw = morphology.remove_small_objects(bw.astype(bool), min_size=50)
D:\CGAIC\demo5\scripts\..\src\slots\..\..\..\demo4\src\features\traditional.py:247: FutureWarning: Parameter `min_size`
 is deprecated since version 0.26.0 and will be removed in 2.0.0 (or later). To avoid this warning, please use the para
meter `max_size` instead. For more details, see the documentation of `remove_small_objects`. Note that the new threshol
d removes objects smaller than **or equal to** its value, while the previous parameter only removed smaller ones.
  bw = morphology.remove_small_objects(bw.astype(bool), min_size=50)
D:\CGAIC\demo5\scripts\..\src\slots\..\..\..\demo4\src\features\traditional.py:247: FutureWarning: Parameter `min_size`
 is deprecated since version 0.26.0 and will be removed in 2.0.0 (or later). To avoid this warning, please use the para
meter `max_size` instead. For more details, see the documentation of `remove_small_objects`. Note that the new threshol
d removes objects smaller than **or equal to** its value, while the previous parameter only removed smaller ones.
  bw = morphology.remove_small_objects(bw.astype(bool), min_size=50)
D:\CGAIC\demo5\scripts\..\src\slots\..\..\..\demo4\src\features\traditional.py:247: FutureWarning: Parameter `min_size`
 is deprecated since version 0.26.0 and will be removed in 2.0.0 (or later). To avoid this warning, please use the para
meter `max_size` instead. For more details, see the documentation of `remove_small_objects`. Note that the new threshol
d removes objects smaller than **or equal to** its value, while the previous parameter only removed smaller ones.
  bw = morphology.remove_small_objects(bw.astype(bool), min_size=50)
D:\CGAIC\demo5\scripts\..\src\slots\..\..\..\demo4\src\features\traditional.py:247: FutureWarning: Parameter `min_size`
 is deprecated since version 0.26.0 and will be removed in 2.0.0 (or later). To avoid this warning, please use the para
meter `max_size` instead. For more details, see the documentation of `remove_small_objects`. Note that the new threshol
d removes objects smaller than **or equal to** its value, while the previous parameter only removed smaller ones.
  bw = morphology.remove_small_objects(bw.astype(bool), min_size=50)
D:\CGAIC\demo5\scripts\..\src\slots\..\..\..\demo4\src\features\traditional.py:247: FutureWarning: Parameter `min_size`
 is deprecated since version 0.26.0 and will be removed in 2.0.0 (or later). To avoid this warning, please use the para
meter `max_size` instead. For more details, see the documentation of `remove_small_objects`. Note that the new threshol
d removes objects smaller than **or equal to** its value, while the previous parameter only removed smaller ones.
  bw = morphology.remove_small_objects(bw.astype(bool), min_size=50)
D:\CGAIC\demo5\scripts\..\src\slots\..\..\..\demo4\src\features\traditional.py:247: FutureWarning: Parameter `min_size`
 is deprecated since version 0.26.0 and will be removed in 2.0.0 (or later). To avoid this warning, please use the para
meter `max_size` instead. For more details, see the documentation of `remove_small_objects`. Note that the new threshol
d removes objects smaller than **or equal to** its value, while the previous parameter only removed smaller ones.
  bw = morphology.remove_small_objects(bw.astype(bool), min_size=50)
D:\CGAIC\demo5\scripts\..\src\slots\..\..\..\demo4\src\features\traditional.py:247: FutureWarning: Parameter `min_size`
 is deprecated since version 0.26.0 and will be removed in 2.0.0 (or later). To avoid this warning, please use the para
meter `max_size` instead. For more details, see the documentation of `remove_small_objects`. Note that the new threshol
d removes objects smaller than **or equal to** its value, while the previous parameter only removed smaller ones.
  bw = morphology.remove_small_objects(bw.astype(bool), min_size=50)
D:\CGAIC\demo5\scripts\..\src\slots\..\..\..\demo4\src\features\traditional.py:247: FutureWarning: Parameter `min_size`
 is deprecated since version 0.26.0 and will be removed in 2.0.0 (or later). To avoid this warning, please use the para
meter `max_size` instead. For more details, see the documentation of `remove_small_objects`. Note that the new threshol
d removes objects smaller than **or equal to** its value, while the previous parameter only removed smaller ones.
  bw = morphology.remove_small_objects(bw.astype(bool), min_size=50)
D:\CGAIC\demo5\scripts\..\src\slots\..\..\..\demo4\src\features\traditional.py:247: FutureWarning: Parameter `min_size`
 is deprecated since version 0.26.0 and will be removed in 2.0.0 (or later). To avoid this warning, please use the para
meter `max_size` instead. For more details, see the documentation of `remove_small_objects`. Note that the new threshol
d removes objects smaller than **or equal to** its value, while the previous parameter only removed smaller ones.
  bw = morphology.remove_small_objects(bw.astype(bool), min_size=50)
D:\CGAIC\demo5\scripts\..\src\slots\..\..\..\demo4\src\features\traditional.py:247: FutureWarning: Parameter `min_size`
 is deprecated since version 0.26.0 and will be removed in 2.0.0 (or later). To avoid this warning, please use the para
meter `max_size` instead. For more details, see the documentation of `remove_small_objects`. Note that the new threshol
d removes objects smaller than **or equal to** its value, while the previous parameter only removed smaller ones.
  bw = morphology.remove_small_objects(bw.astype(bool), min_size=50)
  [eval] 80/150 (70s)
D:\CGAIC\demo5\scripts\..\src\slots\..\..\..\demo4\src\features\traditional.py:247: FutureWarning: Parameter `min_size`
 is deprecated since version 0.26.0 and will be removed in 2.0.0 (or later). To avoid this warning, please use the para
meter `max_size` instead. For more details, see the documentation of `remove_small_objects`. Note that the new threshol
d removes objects smaller than **or equal to** its value, while the previous parameter only removed smaller ones.
  bw = morphology.remove_small_objects(bw.astype(bool), min_size=50)
D:\CGAIC\demo5\scripts\..\src\slots\..\..\..\demo4\src\features\traditional.py:247: FutureWarning: Parameter `min_size`
 is deprecated since version 0.26.0 and will be removed in 2.0.0 (or later). To avoid this warning, please use the para
meter `max_size` instead. For more details, see the documentation of `remove_small_objects`. Note that the new threshol
d removes objects smaller than **or equal to** its value, while the previous parameter only removed smaller ones.
  bw = morphology.remove_small_objects(bw.astype(bool), min_size=50)
D:\CGAIC\demo5\scripts\..\src\slots\..\..\..\demo4\src\features\traditional.py:247: FutureWarning: Parameter `min_size`
 is deprecated since version 0.26.0 and will be removed in 2.0.0 (or later). To avoid this warning, please use the para
meter `max_size` instead. For more details, see the documentation of `remove_small_objects`. Note that the new threshol
d removes objects smaller than **or equal to** its value, while the previous parameter only removed smaller ones.
  bw = morphology.remove_small_objects(bw.astype(bool), min_size=50)
D:\CGAIC\demo5\scripts\..\src\slots\..\..\..\demo4\src\features\traditional.py:247: FutureWarning: Parameter `min_size`
 is deprecated since version 0.26.0 and will be removed in 2.0.0 (or later). To avoid this warning, please use the para
meter `max_size` instead. For more details, see the documentation of `remove_small_objects`. Note that the new threshol
d removes objects smaller than **or equal to** its value, while the previous parameter only removed smaller ones.
  bw = morphology.remove_small_objects(bw.astype(bool), min_size=50)
D:\CGAIC\demo5\scripts\..\src\slots\..\..\..\demo4\src\features\traditional.py:247: FutureWarning: Parameter `min_size`
 is deprecated since version 0.26.0 and will be removed in 2.0.0 (or later). To avoid this warning, please use the para
meter `max_size` instead. For more details, see the documentation of `remove_small_objects`. Note that the new threshol
d removes objects smaller than **or equal to** its value, while the previous parameter only removed smaller ones.
  bw = morphology.remove_small_objects(bw.astype(bool), min_size=50)
D:\CGAIC\demo5\scripts\..\src\slots\..\..\..\demo4\src\features\traditional.py:247: FutureWarning: Parameter `min_size`
 is deprecated since version 0.26.0 and will be removed in 2.0.0 (or later). To avoid this warning, please use the para
meter `max_size` instead. For more details, see the documentation of `remove_small_objects`. Note that the new threshol
d removes objects smaller than **or equal to** its value, while the previous parameter only removed smaller ones.
  bw = morphology.remove_small_objects(bw.astype(bool), min_size=50)
D:\CGAIC\demo5\scripts\..\src\slots\..\..\..\demo4\src\features\traditional.py:247: FutureWarning: Parameter `min_size`
 is deprecated since version 0.26.0 and will be removed in 2.0.0 (or later). To avoid this warning, please use the para
meter `max_size` instead. For more details, see the documentation of `remove_small_objects`. Note that the new threshol
d removes objects smaller than **or equal to** its value, while the previous parameter only removed smaller ones.
  bw = morphology.remove_small_objects(bw.astype(bool), min_size=50)
D:\CGAIC\demo5\scripts\..\src\slots\..\..\..\demo4\src\features\traditional.py:247: FutureWarning: Parameter `min_size`
 is deprecated since version 0.26.0 and will be removed in 2.0.0 (or later). To avoid this warning, please use the para
meter `max_size` instead. For more details, see the documentation of `remove_small_objects`. Note that the new threshol
d removes objects smaller than **or equal to** its value, while the previous parameter only removed smaller ones.
  bw = morphology.remove_small_objects(bw.astype(bool), min_size=50)
D:\CGAIC\demo5\scripts\..\src\slots\..\..\..\demo4\src\features\traditional.py:247: FutureWarning: Parameter `min_size`
 is deprecated since version 0.26.0 and will be removed in 2.0.0 (or later). To avoid this warning, please use the para
meter `max_size` instead. For more details, see the documentation of `remove_small_objects`. Note that the new threshol
d removes objects smaller than **or equal to** its value, while the previous parameter only removed smaller ones.
  bw = morphology.remove_small_objects(bw.astype(bool), min_size=50)
D:\CGAIC\demo5\scripts\..\src\slots\..\..\..\demo4\src\features\traditional.py:247: FutureWarning: Parameter `min_size`
 is deprecated since version 0.26.0 and will be removed in 2.0.0 (or later). To avoid this warning, please use the para
meter `max_size` instead. For more details, see the documentation of `remove_small_objects`. Note that the new threshol
d removes objects smaller than **or equal to** its value, while the previous parameter only removed smaller ones.
  bw = morphology.remove_small_objects(bw.astype(bool), min_size=50)
D:\CGAIC\demo5\scripts\..\src\slots\..\..\..\demo4\src\features\traditional.py:247: FutureWarning: Parameter `min_size`
 is deprecated since version 0.26.0 and will be removed in 2.0.0 (or later). To avoid this warning, please use the para
meter `max_size` instead. For more details, see the documentation of `remove_small_objects`. Note that the new threshol
d removes objects smaller than **or equal to** its value, while the previous parameter only removed smaller ones.
  bw = morphology.remove_small_objects(bw.astype(bool), min_size=50)
D:\CGAIC\demo5\scripts\..\src\slots\..\..\..\demo4\src\features\traditional.py:247: FutureWarning: Parameter `min_size`
 is deprecated since version 0.26.0 and will be removed in 2.0.0 (or later). To avoid this warning, please use the para
meter `max_size` instead. For more details, see the documentation of `remove_small_objects`. Note that the new threshol
d removes objects smaller than **or equal to** its value, while the previous parameter only removed smaller ones.
  bw = morphology.remove_small_objects(bw.astype(bool), min_size=50)
D:\CGAIC\demo5\scripts\..\src\slots\..\..\..\demo4\src\features\traditional.py:247: FutureWarning: Parameter `min_size`
 is deprecated since version 0.26.0 and will be removed in 2.0.0 (or later). To avoid this warning, please use the para
meter `max_size` instead. For more details, see the documentation of `remove_small_objects`. Note that the new threshol
d removes objects smaller than **or equal to** its value, while the previous parameter only removed smaller ones.
  bw = morphology.remove_small_objects(bw.astype(bool), min_size=50)
D:\CGAIC\demo5\scripts\..\src\slots\..\..\..\demo4\src\features\traditional.py:247: FutureWarning: Parameter `min_size`
 is deprecated since version 0.26.0 and will be removed in 2.0.0 (or later). To avoid this warning, please use the para
meter `max_size` instead. For more details, see the documentation of `remove_small_objects`. Note that the new threshol
d removes objects smaller than **or equal to** its value, while the previous parameter only removed smaller ones.
  bw = morphology.remove_small_objects(bw.astype(bool), min_size=50)
D:\CGAIC\demo5\scripts\..\src\slots\..\..\..\demo4\src\features\traditional.py:247: FutureWarning: Parameter `min_size`
 is deprecated since version 0.26.0 and will be removed in 2.0.0 (or later). To avoid this warning, please use the para
meter `max_size` instead. For more details, see the documentation of `remove_small_objects`. Note that the new threshol
d removes objects smaller than **or equal to** its value, while the previous parameter only removed smaller ones.
  bw = morphology.remove_small_objects(bw.astype(bool), min_size=50)
D:\CGAIC\demo5\scripts\..\src\slots\..\..\..\demo4\src\features\traditional.py:247: FutureWarning: Parameter `min_size`
 is deprecated since version 0.26.0 and will be removed in 2.0.0 (or later). To avoid this warning, please use the para
meter `max_size` instead. For more details, see the documentation of `remove_small_objects`. Note that the new threshol
d removes objects smaller than **or equal to** its value, while the previous parameter only removed smaller ones.
  bw = morphology.remove_small_objects(bw.astype(bool), min_size=50)
D:\CGAIC\demo5\scripts\..\src\slots\..\..\..\demo4\src\features\traditional.py:247: FutureWarning: Parameter `min_size`
 is deprecated since version 0.26.0 and will be removed in 2.0.0 (or later). To avoid this warning, please use the para
meter `max_size` instead. For more details, see the documentation of `remove_small_objects`. Note that the new threshol
d removes objects smaller than **or equal to** its value, while the previous parameter only removed smaller ones.
  bw = morphology.remove_small_objects(bw.astype(bool), min_size=50)
D:\CGAIC\demo5\scripts\..\src\slots\..\..\..\demo4\src\features\traditional.py:247: FutureWarning: Parameter `min_size`
 is deprecated since version 0.26.0 and will be removed in 2.0.0 (or later). To avoid this warning, please use the para
meter `max_size` instead. For more details, see the documentation of `remove_small_objects`. Note that the new threshol
d removes objects smaller than **or equal to** its value, while the previous parameter only removed smaller ones.
  bw = morphology.remove_small_objects(bw.astype(bool), min_size=50)
D:\CGAIC\demo5\scripts\..\src\slots\..\..\..\demo4\src\features\traditional.py:247: FutureWarning: Parameter `min_size`
 is deprecated since version 0.26.0 and will be removed in 2.0.0 (or later). To avoid this warning, please use the para
meter `max_size` instead. For more details, see the documentation of `remove_small_objects`. Note that the new threshol
d removes objects smaller than **or equal to** its value, while the previous parameter only removed smaller ones.
  bw = morphology.remove_small_objects(bw.astype(bool), min_size=50)
D:\CGAIC\demo5\scripts\..\src\slots\..\..\..\demo4\src\features\traditional.py:247: FutureWarning: Parameter `min_size`
 is deprecated since version 0.26.0 and will be removed in 2.0.0 (or later). To avoid this warning, please use the para
meter `max_size` instead. For more details, see the documentation of `remove_small_objects`. Note that the new threshol
d removes objects smaller than **or equal to** its value, while the previous parameter only removed smaller ones.
  bw = morphology.remove_small_objects(bw.astype(bool), min_size=50)
  [eval] 100/150 (89s)
D:\CGAIC\demo5\scripts\..\src\slots\..\..\..\demo4\src\features\traditional.py:247: FutureWarning: Parameter `min_size`
 is deprecated since version 0.26.0 and will be removed in 2.0.0 (or later). To avoid this warning, please use the para
meter `max_size` instead. For more details, see the documentation of `remove_small_objects`. Note that the new threshol
d removes objects smaller than **or equal to** its value, while the previous parameter only removed smaller ones.
  bw = morphology.remove_small_objects(bw.astype(bool), min_size=50)
D:\CGAIC\demo5\scripts\..\src\slots\..\..\..\demo4\src\features\traditional.py:247: FutureWarning: Parameter `min_size`
 is deprecated since version 0.26.0 and will be removed in 2.0.0 (or later). To avoid this warning, please use the para
meter `max_size` instead. For more details, see the documentation of `remove_small_objects`. Note that the new threshol
d removes objects smaller than **or equal to** its value, while the previous parameter only removed smaller ones.
  bw = morphology.remove_small_objects(bw.astype(bool), min_size=50)
D:\CGAIC\demo5\scripts\..\src\slots\..\..\..\demo4\src\features\traditional.py:247: FutureWarning: Parameter `min_size`
 is deprecated since version 0.26.0 and will be removed in 2.0.0 (or later). To avoid this warning, please use the para
meter `max_size` instead. For more details, see the documentation of `remove_small_objects`. Note that the new threshol
d removes objects smaller than **or equal to** its value, while the previous parameter only removed smaller ones.
  bw = morphology.remove_small_objects(bw.astype(bool), min_size=50)
D:\CGAIC\demo5\scripts\..\src\slots\..\..\..\demo4\src\features\traditional.py:247: FutureWarning: Parameter `min_size`
 is deprecated since version 0.26.0 and will be removed in 2.0.0 (or later). To avoid this warning, please use the para
meter `max_size` instead. For more details, see the documentation of `remove_small_objects`. Note that the new threshol
d removes objects smaller than **or equal to** its value, while the previous parameter only removed smaller ones.
  bw = morphology.remove_small_objects(bw.astype(bool), min_size=50)
D:\CGAIC\demo5\scripts\..\src\slots\..\..\..\demo4\src\features\traditional.py:247: FutureWarning: Parameter `min_size`
 is deprecated since version 0.26.0 and will be removed in 2.0.0 (or later). To avoid this warning, please use the para
meter `max_size` instead. For more details, see the documentation of `remove_small_objects`. Note that the new threshol
d removes objects smaller than **or equal to** its value, while the previous parameter only removed smaller ones.
  bw = morphology.remove_small_objects(bw.astype(bool), min_size=50)
D:\CGAIC\demo5\scripts\..\src\slots\..\..\..\demo4\src\features\traditional.py:247: FutureWarning: Parameter `min_size`
 is deprecated since version 0.26.0 and will be removed in 2.0.0 (or later). To avoid this warning, please use the para
meter `max_size` instead. For more details, see the documentation of `remove_small_objects`. Note that the new threshol
d removes objects smaller than **or equal to** its value, while the previous parameter only removed smaller ones.
  bw = morphology.remove_small_objects(bw.astype(bool), min_size=50)
D:\CGAIC\demo5\scripts\..\src\slots\..\..\..\demo4\src\features\traditional.py:247: FutureWarning: Parameter `min_size`
 is deprecated since version 0.26.0 and will be removed in 2.0.0 (or later). To avoid this warning, please use the para
meter `max_size` instead. For more details, see the documentation of `remove_small_objects`. Note that the new threshol
d removes objects smaller than **or equal to** its value, while the previous parameter only removed smaller ones.
  bw = morphology.remove_small_objects(bw.astype(bool), min_size=50)
D:\CGAIC\demo5\scripts\..\src\slots\..\..\..\demo4\src\features\traditional.py:247: FutureWarning: Parameter `min_size`
 is deprecated since version 0.26.0 and will be removed in 2.0.0 (or later). To avoid this warning, please use the para
meter `max_size` instead. For more details, see the documentation of `remove_small_objects`. Note that the new threshol
d removes objects smaller than **or equal to** its value, while the previous parameter only removed smaller ones.
  bw = morphology.remove_small_objects(bw.astype(bool), min_size=50)
D:\CGAIC\demo5\scripts\..\src\slots\..\..\..\demo4\src\features\traditional.py:247: FutureWarning: Parameter `min_size`
 is deprecated since version 0.26.0 and will be removed in 2.0.0 (or later). To avoid this warning, please use the para
meter `max_size` instead. For more details, see the documentation of `remove_small_objects`. Note that the new threshol
d removes objects smaller than **or equal to** its value, while the previous parameter only removed smaller ones.
  bw = morphology.remove_small_objects(bw.astype(bool), min_size=50)
D:\CGAIC\demo5\scripts\..\src\slots\..\..\..\demo4\src\features\traditional.py:247: FutureWarning: Parameter `min_size`
 is deprecated since version 0.26.0 and will be removed in 2.0.0 (or later). To avoid this warning, please use the para
meter `max_size` instead. For more details, see the documentation of `remove_small_objects`. Note that the new threshol
d removes objects smaller than **or equal to** its value, while the previous parameter only removed smaller ones.
  bw = morphology.remove_small_objects(bw.astype(bool), min_size=50)
D:\CGAIC\demo5\scripts\..\src\slots\..\..\..\demo4\src\features\traditional.py:247: FutureWarning: Parameter `min_size`
 is deprecated since version 0.26.0 and will be removed in 2.0.0 (or later). To avoid this warning, please use the para
meter `max_size` instead. For more details, see the documentation of `remove_small_objects`. Note that the new threshol
d removes objects smaller than **or equal to** its value, while the previous parameter only removed smaller ones.
  bw = morphology.remove_small_objects(bw.astype(bool), min_size=50)
D:\CGAIC\demo5\scripts\..\src\slots\..\..\..\demo4\src\features\traditional.py:247: FutureWarning: Parameter `min_size`
 is deprecated since version 0.26.0 and will be removed in 2.0.0 (or later). To avoid this warning, please use the para
meter `max_size` instead. For more details, see the documentation of `remove_small_objects`. Note that the new threshol
d removes objects smaller than **or equal to** its value, while the previous parameter only removed smaller ones.
  bw = morphology.remove_small_objects(bw.astype(bool), min_size=50)
D:\CGAIC\demo5\scripts\..\src\slots\..\..\..\demo4\src\features\traditional.py:247: FutureWarning: Parameter `min_size`
 is deprecated since version 0.26.0 and will be removed in 2.0.0 (or later). To avoid this warning, please use the para
meter `max_size` instead. For more details, see the documentation of `remove_small_objects`. Note that the new threshol
d removes objects smaller than **or equal to** its value, while the previous parameter only removed smaller ones.
  bw = morphology.remove_small_objects(bw.astype(bool), min_size=50)
D:\CGAIC\demo5\scripts\..\src\slots\..\..\..\demo4\src\features\traditional.py:247: FutureWarning: Parameter `min_size`
 is deprecated since version 0.26.0 and will be removed in 2.0.0 (or later). To avoid this warning, please use the para
meter `max_size` instead. For more details, see the documentation of `remove_small_objects`. Note that the new threshol
d removes objects smaller than **or equal to** its value, while the previous parameter only removed smaller ones.
  bw = morphology.remove_small_objects(bw.astype(bool), min_size=50)
D:\CGAIC\demo5\scripts\..\src\slots\..\..\..\demo4\src\features\traditional.py:247: FutureWarning: Parameter `min_size`
 is deprecated since version 0.26.0 and will be removed in 2.0.0 (or later). To avoid this warning, please use the para
meter `max_size` instead. For more details, see the documentation of `remove_small_objects`. Note that the new threshol
d removes objects smaller than **or equal to** its value, while the previous parameter only removed smaller ones.
  bw = morphology.remove_small_objects(bw.astype(bool), min_size=50)
D:\CGAIC\demo5\scripts\..\src\slots\..\..\..\demo4\src\features\traditional.py:247: FutureWarning: Parameter `min_size`
 is deprecated since version 0.26.0 and will be removed in 2.0.0 (or later). To avoid this warning, please use the para
meter `max_size` instead. For more details, see the documentation of `remove_small_objects`. Note that the new threshol
d removes objects smaller than **or equal to** its value, while the previous parameter only removed smaller ones.
  bw = morphology.remove_small_objects(bw.astype(bool), min_size=50)
D:\CGAIC\demo5\scripts\..\src\slots\..\..\..\demo4\src\features\traditional.py:247: FutureWarning: Parameter `min_size`
 is deprecated since version 0.26.0 and will be removed in 2.0.0 (or later). To avoid this warning, please use the para
meter `max_size` instead. For more details, see the documentation of `remove_small_objects`. Note that the new threshol
d removes objects smaller than **or equal to** its value, while the previous parameter only removed smaller ones.
  bw = morphology.remove_small_objects(bw.astype(bool), min_size=50)
D:\CGAIC\demo5\scripts\..\src\slots\..\..\..\demo4\src\features\traditional.py:247: FutureWarning: Parameter `min_size`
 is deprecated since version 0.26.0 and will be removed in 2.0.0 (or later). To avoid this warning, please use the para
meter `max_size` instead. For more details, see the documentation of `remove_small_objects`. Note that the new threshol
d removes objects smaller than **or equal to** its value, while the previous parameter only removed smaller ones.
  bw = morphology.remove_small_objects(bw.astype(bool), min_size=50)
D:\CGAIC\demo5\scripts\..\src\slots\..\..\..\demo4\src\features\traditional.py:247: FutureWarning: Parameter `min_size`
 is deprecated since version 0.26.0 and will be removed in 2.0.0 (or later). To avoid this warning, please use the para
meter `max_size` instead. For more details, see the documentation of `remove_small_objects`. Note that the new threshol
d removes objects smaller than **or equal to** its value, while the previous parameter only removed smaller ones.
  bw = morphology.remove_small_objects(bw.astype(bool), min_size=50)
D:\CGAIC\demo5\scripts\..\src\slots\..\..\..\demo4\src\features\traditional.py:247: FutureWarning: Parameter `min_size`
 is deprecated since version 0.26.0 and will be removed in 2.0.0 (or later). To avoid this warning, please use the para
meter `max_size` instead. For more details, see the documentation of `remove_small_objects`. Note that the new threshol
d removes objects smaller than **or equal to** its value, while the previous parameter only removed smaller ones.
  bw = morphology.remove_small_objects(bw.astype(bool), min_size=50)
  [eval] 120/150 (106s)
D:\CGAIC\demo5\scripts\..\src\slots\..\..\..\demo4\src\features\traditional.py:247: FutureWarning: Parameter `min_size`
 is deprecated since version 0.26.0 and will be removed in 2.0.0 (or later). To avoid this warning, please use the para
meter `max_size` instead. For more details, see the documentation of `remove_small_objects`. Note that the new threshol
d removes objects smaller than **or equal to** its value, while the previous parameter only removed smaller ones.
  bw = morphology.remove_small_objects(bw.astype(bool), min_size=50)
D:\CGAIC\demo5\scripts\..\src\slots\..\..\..\demo4\src\features\traditional.py:247: FutureWarning: Parameter `min_size`
 is deprecated since version 0.26.0 and will be removed in 2.0.0 (or later). To avoid this warning, please use the para
meter `max_size` instead. For more details, see the documentation of `remove_small_objects`. Note that the new threshol
d removes objects smaller than **or equal to** its value, while the previous parameter only removed smaller ones.
  bw = morphology.remove_small_objects(bw.astype(bool), min_size=50)
D:\CGAIC\demo5\scripts\..\src\slots\..\..\..\demo4\src\features\traditional.py:247: FutureWarning: Parameter `min_size`
 is deprecated since version 0.26.0 and will be removed in 2.0.0 (or later). To avoid this warning, please use the para
meter `max_size` instead. For more details, see the documentation of `remove_small_objects`. Note that the new threshol
d removes objects smaller than **or equal to** its value, while the previous parameter only removed smaller ones.
  bw = morphology.remove_small_objects(bw.astype(bool), min_size=50)
D:\CGAIC\demo5\scripts\..\src\slots\..\..\..\demo4\src\features\traditional.py:247: FutureWarning: Parameter `min_size`
 is deprecated since version 0.26.0 and will be removed in 2.0.0 (or later). To avoid this warning, please use the para
meter `max_size` instead. For more details, see the documentation of `remove_small_objects`. Note that the new threshol
d removes objects smaller than **or equal to** its value, while the previous parameter only removed smaller ones.
  bw = morphology.remove_small_objects(bw.astype(bool), min_size=50)
D:\CGAIC\demo5\scripts\..\src\slots\..\..\..\demo4\src\features\traditional.py:247: FutureWarning: Parameter `min_size`
 is deprecated since version 0.26.0 and will be removed in 2.0.0 (or later). To avoid this warning, please use the para
meter `max_size` instead. For more details, see the documentation of `remove_small_objects`. Note that the new threshol
d removes objects smaller than **or equal to** its value, while the previous parameter only removed smaller ones.
  bw = morphology.remove_small_objects(bw.astype(bool), min_size=50)
D:\CGAIC\demo5\scripts\..\src\slots\..\..\..\demo4\src\features\traditional.py:247: FutureWarning: Parameter `min_size`
 is deprecated since version 0.26.0 and will be removed in 2.0.0 (or later). To avoid this warning, please use the para
meter `max_size` instead. For more details, see the documentation of `remove_small_objects`. Note that the new threshol
d removes objects smaller than **or equal to** its value, while the previous parameter only removed smaller ones.
  bw = morphology.remove_small_objects(bw.astype(bool), min_size=50)
D:\CGAIC\demo5\scripts\..\src\slots\..\..\..\demo4\src\features\traditional.py:247: FutureWarning: Parameter `min_size`
 is deprecated since version 0.26.0 and will be removed in 2.0.0 (or later). To avoid this warning, please use the para
meter `max_size` instead. For more details, see the documentation of `remove_small_objects`. Note that the new threshol
d removes objects smaller than **or equal to** its value, while the previous parameter only removed smaller ones.
  bw = morphology.remove_small_objects(bw.astype(bool), min_size=50)
D:\CGAIC\demo5\scripts\..\src\slots\..\..\..\demo4\src\features\traditional.py:247: FutureWarning: Parameter `min_size`
 is deprecated since version 0.26.0 and will be removed in 2.0.0 (or later). To avoid this warning, please use the para
meter `max_size` instead. For more details, see the documentation of `remove_small_objects`. Note that the new threshol
d removes objects smaller than **or equal to** its value, while the previous parameter only removed smaller ones.
  bw = morphology.remove_small_objects(bw.astype(bool), min_size=50)
D:\CGAIC\demo5\scripts\..\src\slots\..\..\..\demo4\src\features\traditional.py:247: FutureWarning: Parameter `min_size`
 is deprecated since version 0.26.0 and will be removed in 2.0.0 (or later). To avoid this warning, please use the para
meter `max_size` instead. For more details, see the documentation of `remove_small_objects`. Note that the new threshol
d removes objects smaller than **or equal to** its value, while the previous parameter only removed smaller ones.
  bw = morphology.remove_small_objects(bw.astype(bool), min_size=50)
D:\CGAIC\demo5\scripts\..\src\slots\..\..\..\demo4\src\features\traditional.py:247: FutureWarning: Parameter `min_size`
 is deprecated since version 0.26.0 and will be removed in 2.0.0 (or later). To avoid this warning, please use the para
meter `max_size` instead. For more details, see the documentation of `remove_small_objects`. Note that the new threshol
d removes objects smaller than **or equal to** its value, while the previous parameter only removed smaller ones.
  bw = morphology.remove_small_objects(bw.astype(bool), min_size=50)
D:\CGAIC\demo5\scripts\..\src\slots\..\..\..\demo4\src\features\traditional.py:247: FutureWarning: Parameter `min_size`
 is deprecated since version 0.26.0 and will be removed in 2.0.0 (or later). To avoid this warning, please use the para
meter `max_size` instead. For more details, see the documentation of `remove_small_objects`. Note that the new threshol
d removes objects smaller than **or equal to** its value, while the previous parameter only removed smaller ones.
  bw = morphology.remove_small_objects(bw.astype(bool), min_size=50)
D:\CGAIC\demo5\scripts\..\src\slots\..\..\..\demo4\src\features\traditional.py:247: FutureWarning: Parameter `min_size`
 is deprecated since version 0.26.0 and will be removed in 2.0.0 (or later). To avoid this warning, please use the para
meter `max_size` instead. For more details, see the documentation of `remove_small_objects`. Note that the new threshol
d removes objects smaller than **or equal to** its value, while the previous parameter only removed smaller ones.
  bw = morphology.remove_small_objects(bw.astype(bool), min_size=50)
D:\CGAIC\demo5\scripts\..\src\slots\..\..\..\demo4\src\features\traditional.py:247: FutureWarning: Parameter `min_size`
 is deprecated since version 0.26.0 and will be removed in 2.0.0 (or later). To avoid this warning, please use the para
meter `max_size` instead. For more details, see the documentation of `remove_small_objects`. Note that the new threshol
d removes objects smaller than **or equal to** its value, while the previous parameter only removed smaller ones.
  bw = morphology.remove_small_objects(bw.astype(bool), min_size=50)
D:\CGAIC\demo5\scripts\..\src\slots\..\..\..\demo4\src\features\traditional.py:247: FutureWarning: Parameter `min_size`
 is deprecated since version 0.26.0 and will be removed in 2.0.0 (or later). To avoid this warning, please use the para
meter `max_size` instead. For more details, see the documentation of `remove_small_objects`. Note that the new threshol
d removes objects smaller than **or equal to** its value, while the previous parameter only removed smaller ones.
  bw = morphology.remove_small_objects(bw.astype(bool), min_size=50)
D:\CGAIC\demo5\scripts\..\src\slots\..\..\..\demo4\src\features\traditional.py:247: FutureWarning: Parameter `min_size`
 is deprecated since version 0.26.0 and will be removed in 2.0.0 (or later). To avoid this warning, please use the para
meter `max_size` instead. For more details, see the documentation of `remove_small_objects`. Note that the new threshol
d removes objects smaller than **or equal to** its value, while the previous parameter only removed smaller ones.
  bw = morphology.remove_small_objects(bw.astype(bool), min_size=50)
D:\CGAIC\demo5\scripts\..\src\slots\..\..\..\demo4\src\features\traditional.py:247: FutureWarning: Parameter `min_size`
 is deprecated since version 0.26.0 and will be removed in 2.0.0 (or later). To avoid this warning, please use the para
meter `max_size` instead. For more details, see the documentation of `remove_small_objects`. Note that the new threshol
d removes objects smaller than **or equal to** its value, while the previous parameter only removed smaller ones.
  bw = morphology.remove_small_objects(bw.astype(bool), min_size=50)
D:\CGAIC\demo5\scripts\..\src\slots\..\..\..\demo4\src\features\traditional.py:247: FutureWarning: Parameter `min_size`
 is deprecated since version 0.26.0 and will be removed in 2.0.0 (or later). To avoid this warning, please use the para
meter `max_size` instead. For more details, see the documentation of `remove_small_objects`. Note that the new threshol
d removes objects smaller than **or equal to** its value, while the previous parameter only removed smaller ones.
  bw = morphology.remove_small_objects(bw.astype(bool), min_size=50)
D:\CGAIC\demo5\scripts\..\src\slots\..\..\..\demo4\src\features\traditional.py:247: FutureWarning: Parameter `min_size`
 is deprecated since version 0.26.0 and will be removed in 2.0.0 (or later). To avoid this warning, please use the para
meter `max_size` instead. For more details, see the documentation of `remove_small_objects`. Note that the new threshol
d removes objects smaller than **or equal to** its value, while the previous parameter only removed smaller ones.
  bw = morphology.remove_small_objects(bw.astype(bool), min_size=50)
D:\CGAIC\demo5\scripts\..\src\slots\..\..\..\demo4\src\features\traditional.py:247: FutureWarning: Parameter `min_size`
 is deprecated since version 0.26.0 and will be removed in 2.0.0 (or later). To avoid this warning, please use the para
meter `max_size` instead. For more details, see the documentation of `remove_small_objects`. Note that the new threshol
d removes objects smaller than **or equal to** its value, while the previous parameter only removed smaller ones.
  bw = morphology.remove_small_objects(bw.astype(bool), min_size=50)
D:\CGAIC\demo5\scripts\..\src\slots\..\..\..\demo4\src\features\traditional.py:247: FutureWarning: Parameter `min_size`
 is deprecated since version 0.26.0 and will be removed in 2.0.0 (or later). To avoid this warning, please use the para
meter `max_size` instead. For more details, see the documentation of `remove_small_objects`. Note that the new threshol
d removes objects smaller than **or equal to** its value, while the previous parameter only removed smaller ones.
  bw = morphology.remove_small_objects(bw.astype(bool), min_size=50)
  [eval] 140/150 (124s)
D:\CGAIC\demo5\scripts\..\src\slots\..\..\..\demo4\src\features\traditional.py:247: FutureWarning: Parameter `min_size`
 is deprecated since version 0.26.0 and will be removed in 2.0.0 (or later). To avoid this warning, please use the para
meter `max_size` instead. For more details, see the documentation of `remove_small_objects`. Note that the new threshol
d removes objects smaller than **or equal to** its value, while the previous parameter only removed smaller ones.
  bw = morphology.remove_small_objects(bw.astype(bool), min_size=50)
D:\CGAIC\demo5\scripts\..\src\slots\..\..\..\demo4\src\features\traditional.py:247: FutureWarning: Parameter `min_size`
 is deprecated since version 0.26.0 and will be removed in 2.0.0 (or later). To avoid this warning, please use the para
meter `max_size` instead. For more details, see the documentation of `remove_small_objects`. Note that the new threshol
d removes objects smaller than **or equal to** its value, while the previous parameter only removed smaller ones.
  bw = morphology.remove_small_objects(bw.astype(bool), min_size=50)
D:\CGAIC\demo5\scripts\..\src\slots\..\..\..\demo4\src\features\traditional.py:247: FutureWarning: Parameter `min_size`
 is deprecated since version 0.26.0 and will be removed in 2.0.0 (or later). To avoid this warning, please use the para
meter `max_size` instead. For more details, see the documentation of `remove_small_objects`. Note that the new threshol
d removes objects smaller than **or equal to** its value, while the previous parameter only removed smaller ones.
  bw = morphology.remove_small_objects(bw.astype(bool), min_size=50)
D:\CGAIC\demo5\scripts\..\src\slots\..\..\..\demo4\src\features\traditional.py:247: FutureWarning: Parameter `min_size`
 is deprecated since version 0.26.0 and will be removed in 2.0.0 (or later). To avoid this warning, please use the para
meter `max_size` instead. For more details, see the documentation of `remove_small_objects`. Note that the new threshol
d removes objects smaller than **or equal to** its value, while the previous parameter only removed smaller ones.
  bw = morphology.remove_small_objects(bw.astype(bool), min_size=50)
D:\CGAIC\demo5\scripts\..\src\slots\..\..\..\demo4\src\features\traditional.py:247: FutureWarning: Parameter `min_size`
 is deprecated since version 0.26.0 and will be removed in 2.0.0 (or later). To avoid this warning, please use the para
meter `max_size` instead. For more details, see the documentation of `remove_small_objects`. Note that the new threshol
d removes objects smaller than **or equal to** its value, while the previous parameter only removed smaller ones.
  bw = morphology.remove_small_objects(bw.astype(bool), min_size=50)
D:\CGAIC\demo5\scripts\..\src\slots\..\..\..\demo4\src\features\traditional.py:247: FutureWarning: Parameter `min_size`
 is deprecated since version 0.26.0 and will be removed in 2.0.0 (or later). To avoid this warning, please use the para
meter `max_size` instead. For more details, see the documentation of `remove_small_objects`. Note that the new threshol
d removes objects smaller than **or equal to** its value, while the previous parameter only removed smaller ones.
  bw = morphology.remove_small_objects(bw.astype(bool), min_size=50)
D:\CGAIC\demo5\scripts\..\src\slots\..\..\..\demo4\src\features\traditional.py:247: FutureWarning: Parameter `min_size`
 is deprecated since version 0.26.0 and will be removed in 2.0.0 (or later). To avoid this warning, please use the para
meter `max_size` instead. For more details, see the documentation of `remove_small_objects`. Note that the new threshol
d removes objects smaller than **or equal to** its value, while the previous parameter only removed smaller ones.
  bw = morphology.remove_small_objects(bw.astype(bool), min_size=50)
D:\CGAIC\demo5\scripts\..\src\slots\..\..\..\demo4\src\features\traditional.py:247: FutureWarning: Parameter `min_size`
 is deprecated since version 0.26.0 and will be removed in 2.0.0 (or later). To avoid this warning, please use the para
meter `max_size` instead. For more details, see the documentation of `remove_small_objects`. Note that the new threshol
d removes objects smaller than **or equal to** its value, while the previous parameter only removed smaller ones.
  bw = morphology.remove_small_objects(bw.astype(bool), min_size=50)
D:\CGAIC\demo5\scripts\..\src\slots\..\..\..\demo4\src\features\traditional.py:247: FutureWarning: Parameter `min_size`
 is deprecated since version 0.26.0 and will be removed in 2.0.0 (or later). To avoid this warning, please use the para
meter `max_size` instead. For more details, see the documentation of `remove_small_objects`. Note that the new threshol
d removes objects smaller than **or equal to** its value, while the previous parameter only removed smaller ones.
  bw = morphology.remove_small_objects(bw.astype(bool), min_size=50)
D:\CGAIC\demo5\scripts\..\src\slots\..\..\..\demo4\src\features\traditional.py:247: FutureWarning: Parameter `min_size`
 is deprecated since version 0.26.0 and will be removed in 2.0.0 (or later). To avoid this warning, please use the para
meter `max_size` instead. For more details, see the documentation of `remove_small_objects`. Note that the new threshol
d removes objects smaller than **or equal to** its value, while the previous parameter only removed smaller ones.
  bw = morphology.remove_small_objects(bw.astype(bool), min_size=50)
[gyudet] mode=single fit=161.68s
  val: fused AUROC=0.4697 AP=0.7199 | sem=0.5970 disc=0.2869 shead=0.5612 blob=0.4037 trad=0.3580 layout=0.4196 inp=0.4943 | 782ms/img | max_fuse=0.5728
  test: fused AUROC=0.4884 AP=0.7086 | sem=0.6031 disc=0.3328 shead=0.4892 blob=0.3995 trad=0.3748 layout=0.4799 inp=0.6055 | 880ms/img | max_fuse=0.5653
