[mvtec/screw] test=130
python : C:\Users\imia/.cache/torch/hub/facebookresearch_dinov2_main\dinov2\layers\swiglu_ffn.py:51: UserWarning: xForm
ers is not available (SwiGLU)
At line:15 char:3030
+ ... pgrep\bin'; python scripts\m5_learning_curve.py --dataset mvtec --cat ...
+                 ~~~~~~~~~~~~~~~~~~~~~~~~~~~~~~~~~~~~~~~~~~~~~~~~~~~~~~~~~
    + CategoryInfo          : NotSpecified: (C:\Users\imia/....ilable (SwiGLU):String) [], RemoteException
    + FullyQualifiedErrorId : NativeCommandError
 
  warnings.warn("xFormers is not available (SwiGLU)")
C:\Users\imia/.cache/torch/hub/facebookresearch_dinov2_main\dinov2\layers\attention.py:33: UserWarning: xFormers is not
 available (Attention)
  warnings.warn("xFormers is not available (Attention)")
C:\Users\imia/.cache/torch/hub/facebookresearch_dinov2_main\dinov2\layers\block.py:40: UserWarning: xFormers is not ava
ilable (Block)
  warnings.warn("xFormers is not available (Block)")
[disc] 加载预训练头 d:\CGAIC\demo5\outputs\m0\disc_pretrain.pt
    [extract] 20/100 (1s)
    [extract] 40/100 (2s)
    [extract] 60/100 (3s)
    [extract] 80/100 (4s)
    [extract] 100/100 (5s)
  [fit] init_normal 提取 100 张完成 (5s)
    [extract] 20/30 (1s)
  [fit] init_defect 提取 30 张完成 (6s)
  [fit] 槽位 sem 完成 (8s)
  [fit] 槽位 disc 完成 (8s)
[shead] epoch 10/50 loss_n=5.9826 loss_a=6.6879
[shead] epoch 20/50 loss_n=6.0187 loss_a=6.0606
[shead] epoch 30/50 loss_n=6.1190 loss_a=5.2366
[shead] epoch 40/50 loss_n=3.8039 loss_a=4.4169
[shead] epoch 50/50 loss_n=2.9350 loss_a=1.0580
[shead] fit 完成: normal=96 pseudo=288 real_defect=30 pos_total=318 X=414 batch=32 lr=0.001
  [fit] 槽位 shead 完成 (13s)
  [fit] 槽位 blob 完成 (13s)
D:\CGAIC\demo5\scripts\..\src\slots\..\..\..\demo4\src\features\traditional.py:247: FutureWarning: Parameter `min_size`
 is deprecated since version 0.26.0 and will be removed in 2.0.0 (or later). To avoid this warning, please use the para
meter `max_size` instead. For more details, see the documentation of `remove_small_objects`. Note that the new threshol
d removes objects smaller than **or equal to** its value, while the previous parameter only removed smaller ones.
  bw = morphology.remove_small_objects(bw.astype(bool), min_size=50)
  [fit] 槽位 trad 完成 (25s)
  [fit] 槽位 layout 完成 (26s)
  [fit] 槽位 inp 完成 (26s)
D:\CGAIC\demo5\scripts\..\src\slots\..\..\..\demo4\src\features\traditional.py:247: FutureWarning: Parameter `min_size`
 is deprecated since version 0.26.0 and will be removed in 2.0.0 (or later). To avoid this warning, please use the para
meter `max_size` instead. For more details, see the documentation of `remove_small_objects`. Note that the new threshol
d removes objects smaller than **or equal to** its value, while the previous parameter only removed smaller ones.
  bw = morphology.remove_small_objects(bw.astype(bool), min_size=50)
[route] base=0.9927 router=0.9960 enabled=False (margin=0.005)
[consensus] (报告) base=0.9927 consensus=0.9923 启用=是 blend=0.5
D:\CGAIC\demo5\scripts\..\src\slots\..\..\..\demo4\src\features\traditional.py:247: FutureWarning: Parameter `min_size`
 is deprecated since version 0.26.0 and will be removed in 2.0.0 (or later). To avoid this warning, please use the para
meter `max_size` instead. For more details, see the documentation of `remove_small_objects`. Note that the new threshol
d removes objects smaller than **or equal to** its value, while the previous parameter only removed smaller ones.
  bw = morphology.remove_small_objects(bw.astype(bool), min_size=50)
D:\CGAIC\demo5\scripts\..\src\slots\..\..\..\demo4\src\features\traditional.py:247: FutureWarning: Parameter `min_size`
 is deprecated since version 0.26.0 and will be removed in 2.0.0 (or later). To avoid this warning, please use the para
meter `max_size` instead. For more details, see the documentation of `remove_small_objects`. Note that the new threshol
d removes objects smaller than **or equal to** its value, while the previous parameter only removed smaller ones.
  bw = morphology.remove_small_objects(bw.astype(bool), min_size=50)
D:\CGAIC\demo5\scripts\..\src\slots\..\..\..\demo4\src\features\traditional.py:247: FutureWarning: Parameter `min_size`
 is deprecated since version 0.26.0 and will be removed in 2.0.0 (or later). To avoid this warning, please use the para
meter `max_size` instead. For more details, see the documentation of `remove_small_objects`. Note that the new threshol
d removes objects smaller than **or equal to** its value, while the previous parameter only removed smaller ones.
  bw = morphology.remove_small_objects(bw.astype(bool), min_size=50)
D:\CGAIC\demo5\scripts\..\src\slots\..\..\..\demo4\src\features\traditional.py:247: FutureWarning: Parameter `min_size`
 is deprecated since version 0.26.0 and will be removed in 2.0.0 (or later). To avoid this warning, please use the para
meter `max_size` instead. For more details, see the documentation of `remove_small_objects`. Note that the new threshol
d removes objects smaller than **or equal to** its value, while the previous parameter only removed smaller ones.
  bw = morphology.remove_small_objects(bw.astype(bool), min_size=50)
D:\CGAIC\demo5\scripts\..\src\slots\..\..\..\demo4\src\features\traditional.py:247: FutureWarning: Parameter `min_size`
 is deprecated since version 0.26.0 and will be removed in 2.0.0 (or later). To avoid this warning, please use the para
meter `max_size` instead. For more details, see the documentation of `remove_small_objects`. Note that the new threshol
d removes objects smaller than **or equal to** its value, while the previous parameter only removed smaller ones.
  bw = morphology.remove_small_objects(bw.astype(bool), min_size=50)
D:\CGAIC\demo5\scripts\..\src\slots\..\..\..\demo4\src\features\traditional.py:247: FutureWarning: Parameter `min_size`
 is deprecated since version 0.26.0 and will be removed in 2.0.0 (or later). To avoid this warning, please use the para
meter `max_size` instead. For more details, see the documentation of `remove_small_objects`. Note that the new threshol
d removes objects smaller than **or equal to** its value, while the previous parameter only removed smaller ones.
  bw = morphology.remove_small_objects(bw.astype(bool), min_size=50)
D:\CGAIC\demo5\scripts\..\src\slots\..\..\..\demo4\src\features\traditional.py:247: FutureWarning: Parameter `min_size`
 is deprecated since version 0.26.0 and will be removed in 2.0.0 (or later). To avoid this warning, please use the para
meter `max_size` instead. For more details, see the documentation of `remove_small_objects`. Note that the new threshol
d removes objects smaller than **or equal to** its value, while the previous parameter only removed smaller ones.
  bw = morphology.remove_small_objects(bw.astype(bool), min_size=50)
D:\CGAIC\demo5\scripts\..\src\slots\..\..\..\demo4\src\features\traditional.py:247: FutureWarning: Parameter `min_size`
 is deprecated since version 0.26.0 and will be removed in 2.0.0 (or later). To avoid this warning, please use the para
meter `max_size` instead. For more details, see the documentation of `remove_small_objects`. Note that the new threshol
d removes objects smaller than **or equal to** its value, while the previous parameter only removed smaller ones.
  bw = morphology.remove_small_objects(bw.astype(bool), min_size=50)
D:\CGAIC\demo5\scripts\..\src\slots\..\..\..\demo4\src\features\traditional.py:247: FutureWarning: Parameter `min_size`
 is deprecated since version 0.26.0 and will be removed in 2.0.0 (or later). To avoid this warning, please use the para
meter `max_size` instead. For more details, see the documentation of `remove_small_objects`. Note that the new threshol
d removes objects smaller than **or equal to** its value, while the previous parameter only removed smaller ones.
  bw = morphology.remove_small_objects(bw.astype(bool), min_size=50)
D:\CGAIC\demo5\scripts\..\src\slots\..\..\..\demo4\src\features\traditional.py:247: FutureWarning: Parameter `min_size`
 is deprecated since version 0.26.0 and will be removed in 2.0.0 (or later). To avoid this warning, please use the para
meter `max_size` instead. For more details, see the documentation of `remove_small_objects`. Note that the new threshol
d removes objects smaller than **or equal to** its value, while the previous parameter only removed smaller ones.
  bw = morphology.remove_small_objects(bw.astype(bool), min_size=50)
D:\CGAIC\demo5\scripts\..\src\slots\..\..\..\demo4\src\features\traditional.py:247: FutureWarning: Parameter `min_size`
 is deprecated since version 0.26.0 and will be removed in 2.0.0 (or later). To avoid this warning, please use the para
meter `max_size` instead. For more details, see the documentation of `remove_small_objects`. Note that the new threshol
d removes objects smaller than **or equal to** its value, while the previous parameter only removed smaller ones.
  bw = morphology.remove_small_objects(bw.astype(bool), min_size=50)
D:\CGAIC\demo5\scripts\..\src\slots\..\..\..\demo4\src\features\traditional.py:247: FutureWarning: Parameter `min_size`
 is deprecated since version 0.26.0 and will be removed in 2.0.0 (or later). To avoid this warning, please use the para
meter `max_size` instead. For more details, see the documentation of `remove_small_objects`. Note that the new threshol
d removes objects smaller than **or equal to** its value, while the previous parameter only removed smaller ones.
  bw = morphology.remove_small_objects(bw.astype(bool), min_size=50)
D:\CGAIC\demo5\scripts\..\src\slots\..\..\..\demo4\src\features\traditional.py:247: FutureWarning: Parameter `min_size`
 is deprecated since version 0.26.0 and will be removed in 2.0.0 (or later). To avoid this warning, please use the para
meter `max_size` instead. For more details, see the documentation of `remove_small_objects`. Note that the new threshol
d removes objects smaller than **or equal to** its value, while the previous parameter only removed smaller ones.
  bw = morphology.remove_small_objects(bw.astype(bool), min_size=50)
D:\CGAIC\demo5\scripts\..\src\slots\..\..\..\demo4\src\features\traditional.py:247: FutureWarning: Parameter `min_size`
 is deprecated since version 0.26.0 and will be removed in 2.0.0 (or later). To avoid this warning, please use the para
meter `max_size` instead. For more details, see the documentation of `remove_small_objects`. Note that the new threshol
d removes objects smaller than **or equal to** its value, while the previous parameter only removed smaller ones.
  bw = morphology.remove_small_objects(bw.astype(bool), min_size=50)
D:\CGAIC\demo5\scripts\..\src\slots\..\..\..\demo4\src\features\traditional.py:247: FutureWarning: Parameter `min_size`
 is deprecated since version 0.26.0 and will be removed in 2.0.0 (or later). To avoid this warning, please use the para
meter `max_size` instead. For more details, see the documentation of `remove_small_objects`. Note that the new threshol
d removes objects smaller than **or equal to** its value, while the previous parameter only removed smaller ones.
  bw = morphology.remove_small_objects(bw.astype(bool), min_size=50)
D:\CGAIC\demo5\scripts\..\src\slots\..\..\..\demo4\src\features\traditional.py:247: FutureWarning: Parameter `min_size`
 is deprecated since version 0.26.0 and will be removed in 2.0.0 (or later). To avoid this warning, please use the para
meter `max_size` instead. For more details, see the documentation of `remove_small_objects`. Note that the new threshol
d removes objects smaller than **or equal to** its value, while the previous parameter only removed smaller ones.
  bw = morphology.remove_small_objects(bw.astype(bool), min_size=50)
D:\CGAIC\demo5\scripts\..\src\slots\..\..\..\demo4\src\features\traditional.py:247: FutureWarning: Parameter `min_size`
 is deprecated since version 0.26.0 and will be removed in 2.0.0 (or later). To avoid this warning, please use the para
meter `max_size` instead. For more details, see the documentation of `remove_small_objects`. Note that the new threshol
d removes objects smaller than **or equal to** its value, while the previous parameter only removed smaller ones.
  bw = morphology.remove_small_objects(bw.astype(bool), min_size=50)
D:\CGAIC\demo5\scripts\..\src\slots\..\..\..\demo4\src\features\traditional.py:247: FutureWarning: Parameter `min_size`
 is deprecated since version 0.26.0 and will be removed in 2.0.0 (or later). To avoid this warning, please use the para
meter `max_size` instead. For more details, see the documentation of `remove_small_objects`. Note that the new threshol
d removes objects smaller than **or equal to** its value, while the previous parameter only removed smaller ones.
  bw = morphology.remove_small_objects(bw.astype(bool), min_size=50)
D:\CGAIC\demo5\scripts\..\src\slots\..\..\..\demo4\src\features\traditional.py:247: FutureWarning: Parameter `min_size`
 is deprecated since version 0.26.0 and will be removed in 2.0.0 (or later). To avoid this warning, please use the para
meter `max_size` instead. For more details, see the documentation of `remove_small_objects`. Note that the new threshol
d removes objects smaller than **or equal to** its value, while the previous parameter only removed smaller ones.
  bw = morphology.remove_small_objects(bw.astype(bool), min_size=50)
D:\CGAIC\demo5\scripts\..\src\slots\..\..\..\demo4\src\features\traditional.py:247: FutureWarning: Parameter `min_size`
 is deprecated since version 0.26.0 and will be removed in 2.0.0 (or later). To avoid this warning, please use the para
meter `max_size` instead. For more details, see the documentation of `remove_small_objects`. Note that the new threshol
d removes objects smaller than **or equal to** its value, while the previous parameter only removed smaller ones.
  bw = morphology.remove_small_objects(bw.astype(bool), min_size=50)
D:\CGAIC\demo5\scripts\..\src\slots\..\..\..\demo4\src\features\traditional.py:247: FutureWarning: Parameter `min_size`
 is deprecated since version 0.26.0 and will be removed in 2.0.0 (or later). To avoid this warning, please use the para
meter `max_size` instead. For more details, see the documentation of `remove_small_objects`. Note that the new threshol
d removes objects smaller than **or equal to** its value, while the previous parameter only removed smaller ones.
  bw = morphology.remove_small_objects(bw.astype(bool), min_size=50)
D:\CGAIC\demo5\scripts\..\src\slots\..\..\..\demo4\src\features\traditional.py:247: FutureWarning: Parameter `min_size`
 is deprecated since version 0.26.0 and will be removed in 2.0.0 (or later). To avoid this warning, please use the para
meter `max_size` instead. For more details, see the documentation of `remove_small_objects`. Note that the new threshol
d removes objects smaller than **or equal to** its value, while the previous parameter only removed smaller ones.
  bw = morphology.remove_small_objects(bw.astype(bool), min_size=50)
D:\CGAIC\demo5\scripts\..\src\slots\..\..\..\demo4\src\features\traditional.py:247: FutureWarning: Parameter `min_size`
 is deprecated since version 0.26.0 and will be removed in 2.0.0 (or later). To avoid this warning, please use the para
meter `max_size` instead. For more details, see the documentation of `remove_small_objects`. Note that the new threshol
d removes objects smaller than **or equal to** its value, while the previous parameter only removed smaller ones.
  bw = morphology.remove_small_objects(bw.astype(bool), min_size=50)
D:\CGAIC\demo5\scripts\..\src\slots\..\..\..\demo4\src\features\traditional.py:247: FutureWarning: Parameter `min_size`
 is deprecated since version 0.26.0 and will be removed in 2.0.0 (or later). To avoid this warning, please use the para
meter `max_size` instead. For more details, see the documentation of `remove_small_objects`. Note that the new threshol
d removes objects smaller than **or equal to** its value, while the previous parameter only removed smaller ones.
  bw = morphology.remove_small_objects(bw.astype(bool), min_size=50)
D:\CGAIC\demo5\scripts\..\src\slots\..\..\..\demo4\src\features\traditional.py:247: FutureWarning: Parameter `min_size`
 is deprecated since version 0.26.0 and will be removed in 2.0.0 (or later). To avoid this warning, please use the para
meter `max_size` instead. For more details, see the documentation of `remove_small_objects`. Note that the new threshol
d removes objects smaller than **or equal to** its value, while the previous parameter only removed smaller ones.
  bw = morphology.remove_small_objects(bw.astype(bool), min_size=50)
D:\CGAIC\demo5\scripts\..\src\slots\..\..\..\demo4\src\features\traditional.py:247: FutureWarning: Parameter `min_size`
 is deprecated since version 0.26.0 and will be removed in 2.0.0 (or later). To avoid this warning, please use the para
meter `max_size` instead. For more details, see the documentation of `remove_small_objects`. Note that the new threshol
d removes objects smaller than **or equal to** its value, while the previous parameter only removed smaller ones.
  bw = morphology.remove_small_objects(bw.astype(bool), min_size=50)
D:\CGAIC\demo5\scripts\..\src\slots\..\..\..\demo4\src\features\traditional.py:247: FutureWarning: Parameter `min_size`
 is deprecated since version 0.26.0 and will be removed in 2.0.0 (or later). To avoid this warning, please use the para
meter `max_size` instead. For more details, see the documentation of `remove_small_objects`. Note that the new threshol
d removes objects smaller than **or equal to** its value, while the previous parameter only removed smaller ones.
  bw = morphology.remove_small_objects(bw.astype(bool), min_size=50)
D:\CGAIC\demo5\scripts\..\src\slots\..\..\..\demo4\src\features\traditional.py:247: FutureWarning: Parameter `min_size`
 is deprecated since version 0.26.0 and will be removed in 2.0.0 (or later). To avoid this warning, please use the para
meter `max_size` instead. For more details, see the documentation of `remove_small_objects`. Note that the new threshol
d removes objects smaller than **or equal to** its value, while the previous parameter only removed smaller ones.
  bw = morphology.remove_small_objects(bw.astype(bool), min_size=50)
D:\CGAIC\demo5\scripts\..\src\slots\..\..\..\demo4\src\features\traditional.py:247: FutureWarning: Parameter `min_size`
 is deprecated since version 0.26.0 and will be removed in 2.0.0 (or later). To avoid this warning, please use the para
meter `max_size` instead. For more details, see the documentation of `remove_small_objects`. Note that the new threshol
d removes objects smaller than **or equal to** its value, while the previous parameter only removed smaller ones.
  bw = morphology.remove_small_objects(bw.astype(bool), min_size=50)
D:\CGAIC\demo5\scripts\..\src\slots\..\..\..\demo4\src\features\traditional.py:247: FutureWarning: Parameter `min_size`
 is deprecated since version 0.26.0 and will be removed in 2.0.0 (or later). To avoid this warning, please use the para
meter `max_size` instead. For more details, see the documentation of `remove_small_objects`. Note that the new threshol
d removes objects smaller than **or equal to** its value, while the previous parameter only removed smaller ones.
  bw = morphology.remove_small_objects(bw.astype(bool), min_size=50)
[mvtec_screw] 自学习关: 锚定集 AUROC=0.8783（=学习前，诚实对照）
[mvtec_screw] 自学习开 feedback_ratio=0.5（独立 fit）
[disc] 加载预训练头 d:\CGAIC\demo5\outputs\m0\disc_pretrain.pt
    [extract] 20/100 (1s)
    [extract] 40/100 (2s)
    [extract] 60/100 (2s)
    [extract] 80/100 (3s)
    [extract] 100/100 (4s)
  [fit] init_normal 提取 100 张完成 (4s)
    [extract] 20/30 (1s)
  [fit] init_defect 提取 30 张完成 (5s)
  [fit] 槽位 sem 完成 (6s)
  [fit] 槽位 disc 完成 (6s)
[shead] epoch 10/50 loss_n=5.9826 loss_a=6.6879
[shead] epoch 20/50 loss_n=6.0187 loss_a=6.0606
[shead] epoch 30/50 loss_n=6.1190 loss_a=5.2366
[shead] epoch 40/50 loss_n=3.8039 loss_a=4.4169
[shead] epoch 50/50 loss_n=2.9350 loss_a=1.0580
[shead] fit 完成: normal=96 pseudo=288 real_defect=30 pos_total=318 X=414 batch=32 lr=0.001
  [fit] 槽位 shead 完成 (11s)
  [fit] 槽位 blob 完成 (11s)
D:\CGAIC\demo5\scripts\..\src\slots\..\..\..\demo4\src\features\traditional.py:247: FutureWarning: Parameter `min_size`
 is deprecated since version 0.26.0 and will be removed in 2.0.0 (or later). To avoid this warning, please use the para
meter `max_size` instead. For more details, see the documentation of `remove_small_objects`. Note that the new threshol
d removes objects smaller than **or equal to** its value, while the previous parameter only removed smaller ones.
  bw = morphology.remove_small_objects(bw.astype(bool), min_size=50)
  [fit] 槽位 trad 完成 (23s)
  [fit] 槽位 layout 完成 (24s)
  [fit] 槽位 inp 完成 (24s)
D:\CGAIC\demo5\scripts\..\src\slots\..\..\..\demo4\src\features\traditional.py:247: FutureWarning: Parameter `min_size`
 is deprecated since version 0.26.0 and will be removed in 2.0.0 (or later). To avoid this warning, please use the para
meter `max_size` instead. For more details, see the documentation of `remove_small_objects`. Note that the new threshol
d removes objects smaller than **or equal to** its value, while the previous parameter only removed smaller ones.
  bw = morphology.remove_small_objects(bw.astype(bool), min_size=50)
[route] base=0.9927 router=0.9960 enabled=False (margin=0.005)
[consensus] (报告) base=0.9927 consensus=0.9923 启用=是 blend=0.5
    [extract] 20/20 (1s)
D:\CGAIC\demo5\scripts\..\src\slots\..\..\..\demo4\src\features\traditional.py:247: FutureWarning: Parameter `min_size`
 is deprecated since version 0.26.0 and will be removed in 2.0.0 (or later). To avoid this warning, please use the para
meter `max_size` instead. For more details, see the documentation of `remove_small_objects`. Note that the new threshol
d removes objects smaller than **or equal to** its value, while the previous parameter only removed smaller ones.
  bw = morphology.remove_small_objects(bw.astype(bool), min_size=50)
D:\CGAIC\demo5\scripts\..\src\slots\..\..\..\demo4\src\features\traditional.py:247: FutureWarning: Parameter `min_size`
 is deprecated since version 0.26.0 and will be removed in 2.0.0 (or later). To avoid this warning, please use the para
meter `max_size` instead. For more details, see the documentation of `remove_small_objects`. Note that the new threshol
d removes objects smaller than **or equal to** its value, while the previous parameter only removed smaller ones.
  bw = morphology.remove_small_objects(bw.astype(bool), min_size=50)
D:\CGAIC\demo5\scripts\..\src\slots\..\..\..\demo4\src\features\traditional.py:247: FutureWarning: Parameter `min_size`
 is deprecated since version 0.26.0 and will be removed in 2.0.0 (or later). To avoid this warning, please use the para
meter `max_size` instead. For more details, see the documentation of `remove_small_objects`. Note that the new threshol
d removes objects smaller than **or equal to** its value, while the previous parameter only removed smaller ones.
  bw = morphology.remove_small_objects(bw.astype(bool), min_size=50)
D:\CGAIC\demo5\scripts\..\src\slots\..\..\..\demo4\src\features\traditional.py:247: FutureWarning: Parameter `min_size`
 is deprecated since version 0.26.0 and will be removed in 2.0.0 (or later). To avoid this warning, please use the para
meter `max_size` instead. For more details, see the documentation of `remove_small_objects`. Note that the new threshol
d removes objects smaller than **or equal to** its value, while the previous parameter only removed smaller ones.
  bw = morphology.remove_small_objects(bw.astype(bool), min_size=50)
D:\CGAIC\demo5\scripts\..\src\slots\..\..\..\demo4\src\features\traditional.py:247: FutureWarning: Parameter `min_size`
 is deprecated since version 0.26.0 and will be removed in 2.0.0 (or later). To avoid this warning, please use the para
meter `max_size` instead. For more details, see the documentation of `remove_small_objects`. Note that the new threshol
d removes objects smaller than **or equal to** its value, while the previous parameter only removed smaller ones.
  bw = morphology.remove_small_objects(bw.astype(bool), min_size=50)
D:\CGAIC\demo5\scripts\..\src\slots\..\..\..\demo4\src\features\traditional.py:247: FutureWarning: Parameter `min_size`
 is deprecated since version 0.26.0 and will be removed in 2.0.0 (or later). To avoid this warning, please use the para
meter `max_size` instead. For more details, see the documentation of `remove_small_objects`. Note that the new threshol
d removes objects smaller than **or equal to** its value, while the previous parameter only removed smaller ones.
  bw = morphology.remove_small_objects(bw.astype(bool), min_size=50)
D:\CGAIC\demo5\scripts\..\src\slots\..\..\..\demo4\src\features\traditional.py:247: FutureWarning: Parameter `min_size`
 is deprecated since version 0.26.0 and will be removed in 2.0.0 (or later). To avoid this warning, please use the para
meter `max_size` instead. For more details, see the documentation of `remove_small_objects`. Note that the new threshol
d removes objects smaller than **or equal to** its value, while the previous parameter only removed smaller ones.
  bw = morphology.remove_small_objects(bw.astype(bool), min_size=50)
D:\CGAIC\demo5\scripts\..\src\slots\..\..\..\demo4\src\features\traditional.py:247: FutureWarning: Parameter `min_size`
 is deprecated since version 0.26.0 and will be removed in 2.0.0 (or later). To avoid this warning, please use the para
meter `max_size` instead. For more details, see the documentation of `remove_small_objects`. Note that the new threshol
d removes objects smaller than **or equal to** its value, while the previous parameter only removed smaller ones.
  bw = morphology.remove_small_objects(bw.astype(bool), min_size=50)
D:\CGAIC\demo5\scripts\..\src\slots\..\..\..\demo4\src\features\traditional.py:247: FutureWarning: Parameter `min_size`
 is deprecated since version 0.26.0 and will be removed in 2.0.0 (or later). To avoid this warning, please use the para
meter `max_size` instead. For more details, see the documentation of `remove_small_objects`. Note that the new threshol
d removes objects smaller than **or equal to** its value, while the previous parameter only removed smaller ones.
  bw = morphology.remove_small_objects(bw.astype(bool), min_size=50)
D:\CGAIC\demo5\scripts\..\src\slots\..\..\..\demo4\src\features\traditional.py:247: FutureWarning: Parameter `min_size`
 is deprecated since version 0.26.0 and will be removed in 2.0.0 (or later). To avoid this warning, please use the para
meter `max_size` instead. For more details, see the documentation of `remove_small_objects`. Note that the new threshol
d removes objects smaller than **or equal to** its value, while the previous parameter only removed smaller ones.
  bw = morphology.remove_small_objects(bw.astype(bool), min_size=50)
D:\CGAIC\demo5\scripts\..\src\slots\..\..\..\demo4\src\features\traditional.py:247: FutureWarning: Parameter `min_size`
 is deprecated since version 0.26.0 and will be removed in 2.0.0 (or later). To avoid this warning, please use the para
meter `max_size` instead. For more details, see the documentation of `remove_small_objects`. Note that the new threshol
d removes objects smaller than **or equal to** its value, while the previous parameter only removed smaller ones.
  bw = morphology.remove_small_objects(bw.astype(bool), min_size=50)
D:\CGAIC\demo5\scripts\..\src\slots\..\..\..\demo4\src\features\traditional.py:247: FutureWarning: Parameter `min_size`
 is deprecated since version 0.26.0 and will be removed in 2.0.0 (or later). To avoid this warning, please use the para
meter `max_size` instead. For more details, see the documentation of `remove_small_objects`. Note that the new threshol
d removes objects smaller than **or equal to** its value, while the previous parameter only removed smaller ones.
  bw = morphology.remove_small_objects(bw.astype(bool), min_size=50)
D:\CGAIC\demo5\scripts\..\src\slots\..\..\..\demo4\src\features\traditional.py:247: FutureWarning: Parameter `min_size`
 is deprecated since version 0.26.0 and will be removed in 2.0.0 (or later). To avoid this warning, please use the para
meter `max_size` instead. For more details, see the documentation of `remove_small_objects`. Note that the new threshol
d removes objects smaller than **or equal to** its value, while the previous parameter only removed smaller ones.
  bw = morphology.remove_small_objects(bw.astype(bool), min_size=50)
D:\CGAIC\demo5\scripts\..\src\slots\..\..\..\demo4\src\features\traditional.py:247: FutureWarning: Parameter `min_size`
 is deprecated since version 0.26.0 and will be removed in 2.0.0 (or later). To avoid this warning, please use the para
meter `max_size` instead. For more details, see the documentation of `remove_small_objects`. Note that the new threshol
d removes objects smaller than **or equal to** its value, while the previous parameter only removed smaller ones.
  bw = morphology.remove_small_objects(bw.astype(bool), min_size=50)
D:\CGAIC\demo5\scripts\..\src\slots\..\..\..\demo4\src\features\traditional.py:247: FutureWarning: Parameter `min_size`
 is deprecated since version 0.26.0 and will be removed in 2.0.0 (or later). To avoid this warning, please use the para
meter `max_size` instead. For more details, see the documentation of `remove_small_objects`. Note that the new threshol
d removes objects smaller than **or equal to** its value, while the previous parameter only removed smaller ones.
  bw = morphology.remove_small_objects(bw.astype(bool), min_size=50)
D:\CGAIC\demo5\scripts\..\src\slots\..\..\..\demo4\src\features\traditional.py:247: FutureWarning: Parameter `min_size`
 is deprecated since version 0.26.0 and will be removed in 2.0.0 (or later). To avoid this warning, please use the para
meter `max_size` instead. For more details, see the documentation of `remove_small_objects`. Note that the new threshol
d removes objects smaller than **or equal to** its value, while the previous parameter only removed smaller ones.
  bw = morphology.remove_small_objects(bw.astype(bool), min_size=50)
D:\CGAIC\demo5\scripts\..\src\slots\..\..\..\demo4\src\features\traditional.py:247: FutureWarning: Parameter `min_size`
 is deprecated since version 0.26.0 and will be removed in 2.0.0 (or later). To avoid this warning, please use the para
meter `max_size` instead. For more details, see the documentation of `remove_small_objects`. Note that the new threshol
d removes objects smaller than **or equal to** its value, while the previous parameter only removed smaller ones.
  bw = morphology.remove_small_objects(bw.astype(bool), min_size=50)
D:\CGAIC\demo5\scripts\..\src\slots\..\..\..\demo4\src\features\traditional.py:247: FutureWarning: Parameter `min_size`
 is deprecated since version 0.26.0 and will be removed in 2.0.0 (or later). To avoid this warning, please use the para
meter `max_size` instead. For more details, see the documentation of `remove_small_objects`. Note that the new threshol
d removes objects smaller than **or equal to** its value, while the previous parameter only removed smaller ones.
  bw = morphology.remove_small_objects(bw.astype(bool), min_size=50)
D:\CGAIC\demo5\scripts\..\src\slots\..\..\..\demo4\src\features\traditional.py:247: FutureWarning: Parameter `min_size`
 is deprecated since version 0.26.0 and will be removed in 2.0.0 (or later). To avoid this warning, please use the para
meter `max_size` instead. For more details, see the documentation of `remove_small_objects`. Note that the new threshol
d removes objects smaller than **or equal to** its value, while the previous parameter only removed smaller ones.
  bw = morphology.remove_small_objects(bw.astype(bool), min_size=50)
D:\CGAIC\demo5\scripts\..\src\slots\..\..\..\demo4\src\features\traditional.py:247: FutureWarning: Parameter `min_size`
 is deprecated since version 0.26.0 and will be removed in 2.0.0 (or later). To avoid this warning, please use the para
meter `max_size` instead. For more details, see the documentation of `remove_small_objects`. Note that the new threshol
d removes objects smaller than **or equal to** its value, while the previous parameter only removed smaller ones.
  bw = morphology.remove_small_objects(bw.astype(bool), min_size=50)
D:\CGAIC\demo5\scripts\..\src\slots\..\..\..\demo4\src\features\traditional.py:247: FutureWarning: Parameter `min_size`
 is deprecated since version 0.26.0 and will be removed in 2.0.0 (or later). To avoid this warning, please use the para
meter `max_size` instead. For more details, see the documentation of `remove_small_objects`. Note that the new threshol
d removes objects smaller than **or equal to** its value, while the previous parameter only removed smaller ones.
  bw = morphology.remove_small_objects(bw.astype(bool), min_size=50)
D:\CGAIC\demo5\scripts\..\src\slots\..\..\..\demo4\src\features\traditional.py:247: FutureWarning: Parameter `min_size`
 is deprecated since version 0.26.0 and will be removed in 2.0.0 (or later). To avoid this warning, please use the para
meter `max_size` instead. For more details, see the documentation of `remove_small_objects`. Note that the new threshol
d removes objects smaller than **or equal to** its value, while the previous parameter only removed smaller ones.
  bw = morphology.remove_small_objects(bw.astype(bool), min_size=50)
D:\CGAIC\demo5\scripts\..\src\slots\..\..\..\demo4\src\features\traditional.py:247: FutureWarning: Parameter `min_size`
 is deprecated since version 0.26.0 and will be removed in 2.0.0 (or later). To avoid this warning, please use the para
meter `max_size` instead. For more details, see the documentation of `remove_small_objects`. Note that the new threshol
d removes objects smaller than **or equal to** its value, while the previous parameter only removed smaller ones.
  bw = morphology.remove_small_objects(bw.astype(bool), min_size=50)
D:\CGAIC\demo5\scripts\..\src\slots\..\..\..\demo4\src\features\traditional.py:247: FutureWarning: Parameter `min_size`
 is deprecated since version 0.26.0 and will be removed in 2.0.0 (or later). To avoid this warning, please use the para
meter `max_size` instead. For more details, see the documentation of `remove_small_objects`. Note that the new threshol
d removes objects smaller than **or equal to** its value, while the previous parameter only removed smaller ones.
  bw = morphology.remove_small_objects(bw.astype(bool), min_size=50)
D:\CGAIC\demo5\scripts\..\src\slots\..\..\..\demo4\src\features\traditional.py:247: FutureWarning: Parameter `min_size`
 is deprecated since version 0.26.0 and will be removed in 2.0.0 (or later). To avoid this warning, please use the para
meter `max_size` instead. For more details, see the documentation of `remove_small_objects`. Note that the new threshol
d removes objects smaller than **or equal to** its value, while the previous parameter only removed smaller ones.
  bw = morphology.remove_small_objects(bw.astype(bool), min_size=50)
D:\CGAIC\demo5\scripts\..\src\slots\..\..\..\demo4\src\features\traditional.py:247: FutureWarning: Parameter `min_size`
 is deprecated since version 0.26.0 and will be removed in 2.0.0 (or later). To avoid this warning, please use the para
meter `max_size` instead. For more details, see the documentation of `remove_small_objects`. Note that the new threshol
d removes objects smaller than **or equal to** its value, while the previous parameter only removed smaller ones.
  bw = morphology.remove_small_objects(bw.astype(bool), min_size=50)
D:\CGAIC\demo5\scripts\..\src\slots\..\..\..\demo4\src\features\traditional.py:247: FutureWarning: Parameter `min_size`
 is deprecated since version 0.26.0 and will be removed in 2.0.0 (or later). To avoid this warning, please use the para
meter `max_size` instead. For more details, see the documentation of `remove_small_objects`. Note that the new threshol
d removes objects smaller than **or equal to** its value, while the previous parameter only removed smaller ones.
  bw = morphology.remove_small_objects(bw.astype(bool), min_size=50)
D:\CGAIC\demo5\scripts\..\src\slots\..\..\..\demo4\src\features\traditional.py:247: FutureWarning: Parameter `min_size`
 is deprecated since version 0.26.0 and will be removed in 2.0.0 (or later). To avoid this warning, please use the para
meter `max_size` instead. For more details, see the documentation of `remove_small_objects`. Note that the new threshol
d removes objects smaller than **or equal to** its value, while the previous parameter only removed smaller ones.
  bw = morphology.remove_small_objects(bw.astype(bool), min_size=50)
D:\CGAIC\demo5\scripts\..\src\slots\..\..\..\demo4\src\features\traditional.py:247: FutureWarning: Parameter `min_size`
 is deprecated since version 0.26.0 and will be removed in 2.0.0 (or later). To avoid this warning, please use the para
meter `max_size` instead. For more details, see the documentation of `remove_small_objects`. Note that the new threshol
d removes objects smaller than **or equal to** its value, while the previous parameter only removed smaller ones.
  bw = morphology.remove_small_objects(bw.astype(bool), min_size=50)
D:\CGAIC\demo5\scripts\..\src\slots\..\..\..\demo4\src\features\traditional.py:247: FutureWarning: Parameter `min_size`
 is deprecated since version 0.26.0 and will be removed in 2.0.0 (or later). To avoid this warning, please use the para
meter `max_size` instead. For more details, see the documentation of `remove_small_objects`. Note that the new threshol
d removes objects smaller than **or equal to** its value, while the previous parameter only removed smaller ones.
  bw = morphology.remove_small_objects(bw.astype(bool), min_size=50)
D:\CGAIC\demo5\scripts\..\src\slots\..\..\..\demo4\src\features\traditional.py:247: FutureWarning: Parameter `min_size`
 is deprecated since version 0.26.0 and will be removed in 2.0.0 (or later). To avoid this warning, please use the para
meter `max_size` instead. For more details, see the documentation of `remove_small_objects`. Note that the new threshol
d removes objects smaller than **or equal to** its value, while the previous parameter only removed smaller ones.
  bw = morphology.remove_small_objects(bw.astype(bool), min_size=50)
D:\CGAIC\demo5\scripts\..\src\slots\..\..\..\demo4\src\features\traditional.py:247: FutureWarning: Parameter `min_size`
 is deprecated since version 0.26.0 and will be removed in 2.0.0 (or later). To avoid this warning, please use the para
meter `max_size` instead. For more details, see the documentation of `remove_small_objects`. Note that the new threshol
d removes objects smaller than **or equal to** its value, while the previous parameter only removed smaller ones.
  bw = morphology.remove_small_objects(bw.astype(bool), min_size=50)
D:\CGAIC\demo5\scripts\..\src\slots\..\..\..\demo4\src\features\traditional.py:247: FutureWarning: Parameter `min_size`
 is deprecated since version 0.26.0 and will be removed in 2.0.0 (or later). To avoid this warning, please use the para
meter `max_size` instead. For more details, see the documentation of `remove_small_objects`. Note that the new threshol
d removes objects smaller than **or equal to** its value, while the previous parameter only removed smaller ones.
  bw = morphology.remove_small_objects(bw.astype(bool), min_size=50)
D:\CGAIC\demo5\scripts\..\src\slots\..\..\..\demo4\src\features\traditional.py:247: FutureWarning: Parameter `min_size`
 is deprecated since version 0.26.0 and will be removed in 2.0.0 (or later). To avoid this warning, please use the para
meter `max_size` instead. For more details, see the documentation of `remove_small_objects`. Note that the new threshol
d removes objects smaller than **or equal to** its value, while the previous parameter only removed smaller ones.
  bw = morphology.remove_small_objects(bw.astype(bool), min_size=50)
D:\CGAIC\demo5\scripts\..\src\slots\..\..\..\demo4\src\features\traditional.py:247: FutureWarning: Parameter `min_size`
 is deprecated since version 0.26.0 and will be removed in 2.0.0 (or later). To avoid this warning, please use the para
meter `max_size` instead. For more details, see the documentation of `remove_small_objects`. Note that the new threshol
d removes objects smaller than **or equal to** its value, while the previous parameter only removed smaller ones.
  bw = morphology.remove_small_objects(bw.astype(bool), min_size=50)
D:\CGAIC\demo5\scripts\..\src\slots\..\..\..\demo4\src\features\traditional.py:247: FutureWarning: Parameter `min_size`
 is deprecated since version 0.26.0 and will be removed in 2.0.0 (or later). To avoid this warning, please use the para
meter `max_size` instead. For more details, see the documentation of `remove_small_objects`. Note that the new threshol
d removes objects smaller than **or equal to** its value, while the previous parameter only removed smaller ones.
  bw = morphology.remove_small_objects(bw.astype(bool), min_size=50)
D:\CGAIC\demo5\scripts\..\src\slots\..\..\..\demo4\src\features\traditional.py:247: FutureWarning: Parameter `min_size`
 is deprecated since version 0.26.0 and will be removed in 2.0.0 (or later). To avoid this warning, please use the para
meter `max_size` instead. For more details, see the documentation of `remove_small_objects`. Note that the new threshol
d removes objects smaller than **or equal to** its value, while the previous parameter only removed smaller ones.
  bw = morphology.remove_small_objects(bw.astype(bool), min_size=50)
D:\CGAIC\demo5\scripts\..\src\slots\..\..\..\demo4\src\features\traditional.py:247: FutureWarning: Parameter `min_size`
 is deprecated since version 0.26.0 and will be removed in 2.0.0 (or later). To avoid this warning, please use the para
meter `max_size` instead. For more details, see the documentation of `remove_small_objects`. Note that the new threshol
d removes objects smaller than **or equal to** its value, while the previous parameter only removed smaller ones.
  bw = morphology.remove_small_objects(bw.astype(bool), min_size=50)
D:\CGAIC\demo5\scripts\..\src\slots\..\..\..\demo4\src\features\traditional.py:247: FutureWarning: Parameter `min_size`
 is deprecated since version 0.26.0 and will be removed in 2.0.0 (or later). To avoid this warning, please use the para
meter `max_size` instead. For more details, see the documentation of `remove_small_objects`. Note that the new threshol
d removes objects smaller than **or equal to** its value, while the previous parameter only removed smaller ones.
  bw = morphology.remove_small_objects(bw.astype(bool), min_size=50)
D:\CGAIC\demo5\scripts\..\src\slots\..\..\..\demo4\src\features\traditional.py:247: FutureWarning: Parameter `min_size`
 is deprecated since version 0.26.0 and will be removed in 2.0.0 (or later). To avoid this warning, please use the para
meter `max_size` instead. For more details, see the documentation of `remove_small_objects`. Note that the new threshol
d removes objects smaller than **or equal to** its value, while the previous parameter only removed smaller ones.
  bw = morphology.remove_small_objects(bw.astype(bool), min_size=50)
D:\CGAIC\demo5\scripts\..\src\slots\..\..\..\demo4\src\features\traditional.py:247: FutureWarning: Parameter `min_size`
 is deprecated since version 0.26.0 and will be removed in 2.0.0 (or later). To avoid this warning, please use the para
meter `max_size` instead. For more details, see the documentation of `remove_small_objects`. Note that the new threshol
d removes objects smaller than **or equal to** its value, while the previous parameter only removed smaller ones.
  bw = morphology.remove_small_objects(bw.astype(bool), min_size=50)
D:\CGAIC\demo5\scripts\..\src\slots\..\..\..\demo4\src\features\traditional.py:247: FutureWarning: Parameter `min_size`
 is deprecated since version 0.26.0 and will be removed in 2.0.0 (or later). To avoid this warning, please use the para
meter `max_size` instead. For more details, see the documentation of `remove_small_objects`. Note that the new threshol
d removes objects smaller than **or equal to** its value, while the previous parameter only removed smaller ones.
  bw = morphology.remove_small_objects(bw.astype(bool), min_size=50)
D:\CGAIC\demo5\scripts\..\src\slots\..\..\..\demo4\src\features\traditional.py:247: FutureWarning: Parameter `min_size`
 is deprecated since version 0.26.0 and will be removed in 2.0.0 (or later). To avoid this warning, please use the para
meter `max_size` instead. For more details, see the documentation of `remove_small_objects`. Note that the new threshol
d removes objects smaller than **or equal to** its value, while the previous parameter only removed smaller ones.
  bw = morphology.remove_small_objects(bw.astype(bool), min_size=50)
D:\CGAIC\demo5\scripts\..\src\slots\..\..\..\demo4\src\features\traditional.py:247: FutureWarning: Parameter `min_size`
 is deprecated since version 0.26.0 and will be removed in 2.0.0 (or later). To avoid this warning, please use the para
meter `max_size` instead. For more details, see the documentation of `remove_small_objects`. Note that the new threshol
d removes objects smaller than **or equal to** its value, while the previous parameter only removed smaller ones.
  bw = morphology.remove_small_objects(bw.astype(bool), min_size=50)
D:\CGAIC\demo5\scripts\..\src\slots\..\..\..\demo4\src\features\traditional.py:247: FutureWarning: Parameter `min_size`
 is deprecated since version 0.26.0 and will be removed in 2.0.0 (or later). To avoid this warning, please use the para
meter `max_size` instead. For more details, see the documentation of `remove_small_objects`. Note that the new threshol
d removes objects smaller than **or equal to** its value, while the previous parameter only removed smaller ones.
  bw = morphology.remove_small_objects(bw.astype(bool), min_size=50)
D:\CGAIC\demo5\scripts\..\src\slots\..\..\..\demo4\src\features\traditional.py:247: FutureWarning: Parameter `min_size`
 is deprecated since version 0.26.0 and will be removed in 2.0.0 (or later). To avoid this warning, please use the para
meter `max_size` instead. For more details, see the documentation of `remove_small_objects`. Note that the new threshol
d removes objects smaller than **or equal to** its value, while the previous parameter only removed smaller ones.
  bw = morphology.remove_small_objects(bw.astype(bool), min_size=50)
D:\CGAIC\demo5\scripts\..\src\slots\..\..\..\demo4\src\features\traditional.py:247: FutureWarning: Parameter `min_size`
 is deprecated since version 0.26.0 and will be removed in 2.0.0 (or later). To avoid this warning, please use the para
meter `max_size` instead. For more details, see the documentation of `remove_small_objects`. Note that the new threshol
d removes objects smaller than **or equal to** its value, while the previous parameter only removed smaller ones.
  bw = morphology.remove_small_objects(bw.astype(bool), min_size=50)
D:\CGAIC\demo5\scripts\..\src\slots\..\..\..\demo4\src\features\traditional.py:247: FutureWarning: Parameter `min_size`
 is deprecated since version 0.26.0 and will be removed in 2.0.0 (or later). To avoid this warning, please use the para
meter `max_size` instead. For more details, see the documentation of `remove_small_objects`. Note that the new threshol
d removes objects smaller than **or equal to** its value, while the previous parameter only removed smaller ones.
  bw = morphology.remove_small_objects(bw.astype(bool), min_size=50)
D:\CGAIC\demo5\scripts\..\src\slots\..\..\..\demo4\src\features\traditional.py:247: FutureWarning: Parameter `min_size`
 is deprecated since version 0.26.0 and will be removed in 2.0.0 (or later). To avoid this warning, please use the para
meter `max_size` instead. For more details, see the documentation of `remove_small_objects`. Note that the new threshol
d removes objects smaller than **or equal to** its value, while the previous parameter only removed smaller ones.
  bw = morphology.remove_small_objects(bw.astype(bool), min_size=50)
D:\CGAIC\demo5\scripts\..\src\slots\..\..\..\demo4\src\features\traditional.py:247: FutureWarning: Parameter `min_size`
 is deprecated since version 0.26.0 and will be removed in 2.0.0 (or later). To avoid this warning, please use the para
meter `max_size` instead. For more details, see the documentation of `remove_small_objects`. Note that the new threshol
d removes objects smaller than **or equal to** its value, while the previous parameter only removed smaller ones.
  bw = morphology.remove_small_objects(bw.astype(bool), min_size=50)
D:\CGAIC\demo5\scripts\..\src\slots\..\..\..\demo4\src\features\traditional.py:247: FutureWarning: Parameter `min_size`
 is deprecated since version 0.26.0 and will be removed in 2.0.0 (or later). To avoid this warning, please use the para
meter `max_size` instead. For more details, see the documentation of `remove_small_objects`. Note that the new threshol
d removes objects smaller than **or equal to** its value, while the previous parameter only removed smaller ones.
  bw = morphology.remove_small_objects(bw.astype(bool), min_size=50)
D:\CGAIC\demo5\scripts\..\src\slots\..\..\..\demo4\src\features\traditional.py:247: FutureWarning: Parameter `min_size`
 is deprecated since version 0.26.0 and will be removed in 2.0.0 (or later). To avoid this warning, please use the para
meter `max_size` instead. For more details, see the documentation of `remove_small_objects`. Note that the new threshol
d removes objects smaller than **or equal to** its value, while the previous parameter only removed smaller ones.
  bw = morphology.remove_small_objects(bw.astype(bool), min_size=50)
D:\CGAIC\demo5\scripts\..\src\slots\..\..\..\demo4\src\features\traditional.py:247: FutureWarning: Parameter `min_size`
 is deprecated since version 0.26.0 and will be removed in 2.0.0 (or later). To avoid this warning, please use the para
meter `max_size` instead. For more details, see the documentation of `remove_small_objects`. Note that the new threshol
d removes objects smaller than **or equal to** its value, while the previous parameter only removed smaller ones.
  bw = morphology.remove_small_objects(bw.astype(bool), min_size=50)
D:\CGAIC\demo5\scripts\..\src\slots\..\..\..\demo4\src\features\traditional.py:247: FutureWarning: Parameter `min_size`
 is deprecated since version 0.26.0 and will be removed in 2.0.0 (or later). To avoid this warning, please use the para
meter `max_size` instead. For more details, see the documentation of `remove_small_objects`. Note that the new threshol
d removes objects smaller than **or equal to** its value, while the previous parameter only removed smaller ones.
  bw = morphology.remove_small_objects(bw.astype(bool), min_size=50)
D:\CGAIC\demo5\scripts\..\src\slots\..\..\..\demo4\src\features\traditional.py:247: FutureWarning: Parameter `min_size`
 is deprecated since version 0.26.0 and will be removed in 2.0.0 (or later). To avoid this warning, please use the para
meter `max_size` instead. For more details, see the documentation of `remove_small_objects`. Note that the new threshol
d removes objects smaller than **or equal to** its value, while the previous parameter only removed smaller ones.
  bw = morphology.remove_small_objects(bw.astype(bool), min_size=50)
D:\CGAIC\demo5\scripts\..\src\slots\..\..\..\demo4\src\features\traditional.py:247: FutureWarning: Parameter `min_size`
 is deprecated since version 0.26.0 and will be removed in 2.0.0 (or later). To avoid this warning, please use the para
meter `max_size` instead. For more details, see the documentation of `remove_small_objects`. Note that the new threshol
d removes objects smaller than **or equal to** its value, while the previous parameter only removed smaller ones.
  bw = morphology.remove_small_objects(bw.astype(bool), min_size=50)
D:\CGAIC\demo5\scripts\..\src\slots\..\..\..\demo4\src\features\traditional.py:247: FutureWarning: Parameter `min_size`
 is deprecated since version 0.26.0 and will be removed in 2.0.0 (or later). To avoid this warning, please use the para
meter `max_size` instead. For more details, see the documentation of `remove_small_objects`. Note that the new threshol
d removes objects smaller than **or equal to** its value, while the previous parameter only removed smaller ones.
  bw = morphology.remove_small_objects(bw.astype(bool), min_size=50)
[ssocl] U62 虚高压制: 槽位 sem 负侧 2 命中 1 虚高率 0.50 → 权重置 0
[ssocl] U62 虚高压制: 槽位 disc 负侧 2 命中 1 虚高率 0.50 → 权重置 0
[ssocl] U62 虚高压制: 槽位 trad 负侧 2 命中 0 虚高率 1.00 → 权重置 0
[ssocl] U62 虚高压制: 槽位 layout 负侧 2 命中 1 虚高率 0.50 → 权重置 0
[ssocl] U62 虚高压制: 槽位 inp 负侧 2 命中 1 虚高率 0.50 → 权重置 0
D:\CGAIC\demo5\scripts\..\src\slots\..\..\..\demo4\src\features\traditional.py:247: FutureWarning: Parameter `min_size`
 is deprecated since version 0.26.0 and will be removed in 2.0.0 (or later). To avoid this warning, please use the para
meter `max_size` instead. For more details, see the documentation of `remove_small_objects`. Note that the new threshol
d removes objects smaller than **or equal to** its value, while the previous parameter only removed smaller ones.
  bw = morphology.remove_small_objects(bw.astype(bool), min_size=50)
D:\CGAIC\demo5\scripts\..\src\slots\..\..\..\demo4\src\features\traditional.py:247: FutureWarning: Parameter `min_size`
 is deprecated since version 0.26.0 and will be removed in 2.0.0 (or later). To avoid this warning, please use the para
meter `max_size` instead. For more details, see the documentation of `remove_small_objects`. Note that the new threshol
d removes objects smaller than **or equal to** its value, while the previous parameter only removed smaller ones.
  bw = morphology.remove_small_objects(bw.astype(bool), min_size=50)
D:\CGAIC\demo5\scripts\..\src\slots\..\..\..\demo4\src\features\traditional.py:247: FutureWarning: Parameter `min_size`
 is deprecated since version 0.26.0 and will be removed in 2.0.0 (or later). To avoid this warning, please use the para
meter `max_size` instead. For more details, see the documentation of `remove_small_objects`. Note that the new threshol
d removes objects smaller than **or equal to** its value, while the previous parameter only removed smaller ones.
  bw = morphology.remove_small_objects(bw.astype(bool), min_size=50)
D:\CGAIC\demo5\scripts\..\src\slots\..\..\..\demo4\src\features\traditional.py:247: FutureWarning: Parameter `min_size`
 is deprecated since version 0.26.0 and will be removed in 2.0.0 (or later). To avoid this warning, please use the para
meter `max_size` instead. For more details, see the documentation of `remove_small_objects`. Note that the new threshol
d removes objects smaller than **or equal to** its value, while the previous parameter only removed smaller ones.
  bw = morphology.remove_small_objects(bw.astype(bool), min_size=50)
D:\CGAIC\demo5\scripts\..\src\slots\..\..\..\demo4\src\features\traditional.py:247: FutureWarning: Parameter `min_size`
 is deprecated since version 0.26.0 and will be removed in 2.0.0 (or later). To avoid this warning, please use the para
meter `max_size` instead. For more details, see the documentation of `remove_small_objects`. Note that the new threshol
d removes objects smaller than **or equal to** its value, while the previous parameter only removed smaller ones.
  bw = morphology.remove_small_objects(bw.astype(bool), min_size=50)
[ssocl] U62 虚高检测: 槽位 disc 正常反馈 3 条 虚高率 0.67 → CDF 重估（反馈正常原始分并入校准分布）
[ssocl] U62 虚高检测: 槽位 trad 正常反馈 3 条 虚高率 1.00 → CDF 重估（反馈正常原始分并入校准分布）
D:\CGAIC\demo5\scripts\..\src\slots\..\..\..\demo4\src\features\traditional.py:247: FutureWarning: Parameter `min_size`
 is deprecated since version 0.26.0 and will be removed in 2.0.0 (or later). To avoid this warning, please use the para
meter `max_size` instead. For more details, see the documentation of `remove_small_objects`. Note that the new threshol
d removes objects smaller than **or equal to** its value, while the previous parameter only removed smaller ones.
  bw = morphology.remove_small_objects(bw.astype(bool), min_size=50)
D:\CGAIC\demo5\scripts\..\src\slots\..\..\..\demo4\src\features\traditional.py:247: FutureWarning: Parameter `min_size`
 is deprecated since version 0.26.0 and will be removed in 2.0.0 (or later). To avoid this warning, please use the para
meter `max_size` instead. For more details, see the documentation of `remove_small_objects`. Note that the new threshol
d removes objects smaller than **or equal to** its value, while the previous parameter only removed smaller ones.
  bw = morphology.remove_small_objects(bw.astype(bool), min_size=50)
D:\CGAIC\demo5\scripts\..\src\slots\..\..\..\demo4\src\features\traditional.py:247: FutureWarning: Parameter `min_size`
 is deprecated since version 0.26.0 and will be removed in 2.0.0 (or later). To avoid this warning, please use the para
meter `max_size` instead. For more details, see the documentation of `remove_small_objects`. Note that the new threshol
d removes objects smaller than **or equal to** its value, while the previous parameter only removed smaller ones.
  bw = morphology.remove_small_objects(bw.astype(bool), min_size=50)
D:\CGAIC\demo5\scripts\..\src\slots\..\..\..\demo4\src\features\traditional.py:247: FutureWarning: Parameter `min_size`
 is deprecated since version 0.26.0 and will be removed in 2.0.0 (or later). To avoid this warning, please use the para
meter `max_size` instead. For more details, see the documentation of `remove_small_objects`. Note that the new threshol
d removes objects smaller than **or equal to** its value, while the previous parameter only removed smaller ones.
  bw = morphology.remove_small_objects(bw.astype(bool), min_size=50)
D:\CGAIC\demo5\scripts\..\src\slots\..\..\..\demo4\src\features\traditional.py:247: FutureWarning: Parameter `min_size`
 is deprecated since version 0.26.0 and will be removed in 2.0.0 (or later). To avoid this warning, please use the para
meter `max_size` instead. For more details, see the documentation of `remove_small_objects`. Note that the new threshol
d removes objects smaller than **or equal to** its value, while the previous parameter only removed smaller ones.
  bw = morphology.remove_small_objects(bw.astype(bool), min_size=50)
D:\CGAIC\demo5\scripts\..\src\slots\..\..\..\demo4\src\features\traditional.py:247: FutureWarning: Parameter `min_size`
 is deprecated since version 0.26.0 and will be removed in 2.0.0 (or later). To avoid this warning, please use the para
meter `max_size` instead. For more details, see the documentation of `remove_small_objects`. Note that the new threshol
d removes objects smaller than **or equal to** its value, while the previous parameter only removed smaller ones.
  bw = morphology.remove_small_objects(bw.astype(bool), min_size=50)
D:\CGAIC\demo5\scripts\..\src\slots\..\..\..\demo4\src\features\traditional.py:247: FutureWarning: Parameter `min_size`
 is deprecated since version 0.26.0 and will be removed in 2.0.0 (or later). To avoid this warning, please use the para
meter `max_size` instead. For more details, see the documentation of `remove_small_objects`. Note that the new threshol
d removes objects smaller than **or equal to** its value, while the previous parameter only removed smaller ones.
  bw = morphology.remove_small_objects(bw.astype(bool), min_size=50)
D:\CGAIC\demo5\scripts\..\src\slots\..\..\..\demo4\src\features\traditional.py:247: FutureWarning: Parameter `min_size`
 is deprecated since version 0.26.0 and will be removed in 2.0.0 (or later). To avoid this warning, please use the para
meter `max_size` instead. For more details, see the documentation of `remove_small_objects`. Note that the new threshol
d removes objects smaller than **or equal to** its value, while the previous parameter only removed smaller ones.
  bw = morphology.remove_small_objects(bw.astype(bool), min_size=50)
D:\CGAIC\demo5\scripts\..\src\slots\..\..\..\demo4\src\features\traditional.py:247: FutureWarning: Parameter `min_size`
 is deprecated since version 0.26.0 and will be removed in 2.0.0 (or later). To avoid this warning, please use the para
meter `max_size` instead. For more details, see the documentation of `remove_small_objects`. Note that the new threshol
d removes objects smaller than **or equal to** its value, while the previous parameter only removed smaller ones.
  bw = morphology.remove_small_objects(bw.astype(bool), min_size=50)
D:\CGAIC\demo5\scripts\..\src\slots\..\..\..\demo4\src\features\traditional.py:247: FutureWarning: Parameter `min_size`
 is deprecated since version 0.26.0 and will be removed in 2.0.0 (or later). To avoid this warning, please use the para
meter `max_size` instead. For more details, see the documentation of `remove_small_objects`. Note that the new threshol
d removes objects smaller than **or equal to** its value, while the previous parameter only removed smaller ones.
  bw = morphology.remove_small_objects(bw.astype(bool), min_size=50)
D:\CGAIC\demo5\scripts\..\src\slots\..\..\..\demo4\src\features\traditional.py:247: FutureWarning: Parameter `min_size`
 is deprecated since version 0.26.0 and will be removed in 2.0.0 (or later). To avoid this warning, please use the para
meter `max_size` instead. For more details, see the documentation of `remove_small_objects`. Note that the new threshol
d removes objects smaller than **or equal to** its value, while the previous parameter only removed smaller ones.
  bw = morphology.remove_small_objects(bw.astype(bool), min_size=50)
D:\CGAIC\demo5\scripts\..\src\slots\..\..\..\demo4\src\features\traditional.py:247: FutureWarning: Parameter `min_size`
 is deprecated since version 0.26.0 and will be removed in 2.0.0 (or later). To avoid this warning, please use the para
meter `max_size` instead. For more details, see the documentation of `remove_small_objects`. Note that the new threshol
d removes objects smaller than **or equal to** its value, while the previous parameter only removed smaller ones.
  bw = morphology.remove_small_objects(bw.astype(bool), min_size=50)
D:\CGAIC\demo5\scripts\..\src\slots\..\..\..\demo4\src\features\traditional.py:247: FutureWarning: Parameter `min_size`
 is deprecated since version 0.26.0 and will be removed in 2.0.0 (or later). To avoid this warning, please use the para
meter `max_size` instead. For more details, see the documentation of `remove_small_objects`. Note that the new threshol
d removes objects smaller than **or equal to** its value, while the previous parameter only removed smaller ones.
  bw = morphology.remove_small_objects(bw.astype(bool), min_size=50)
D:\CGAIC\demo5\scripts\..\src\slots\..\..\..\demo4\src\features\traditional.py:247: FutureWarning: Parameter `min_size`
 is deprecated since version 0.26.0 and will be removed in 2.0.0 (or later). To avoid this warning, please use the para
meter `max_size` instead. For more details, see the documentation of `remove_small_objects`. Note that the new threshol
d removes objects smaller than **or equal to** its value, while the previous parameter only removed smaller ones.
  bw = morphology.remove_small_objects(bw.astype(bool), min_size=50)
D:\CGAIC\demo5\scripts\..\src\slots\..\..\..\demo4\src\features\traditional.py:247: FutureWarning: Parameter `min_size`
 is deprecated since version 0.26.0 and will be removed in 2.0.0 (or later). To avoid this warning, please use the para
meter `max_size` instead. For more details, see the documentation of `remove_small_objects`. Note that the new threshol
d removes objects smaller than **or equal to** its value, while the previous parameter only removed smaller ones.
  bw = morphology.remove_small_objects(bw.astype(bool), min_size=50)
D:\CGAIC\demo5\scripts\..\src\slots\..\..\..\demo4\src\features\traditional.py:247: FutureWarning: Parameter `min_size`
 is deprecated since version 0.26.0 and will be removed in 2.0.0 (or later). To avoid this warning, please use the para
meter `max_size` instead. For more details, see the documentation of `remove_small_objects`. Note that the new threshol
d removes objects smaller than **or equal to** its value, while the previous parameter only removed smaller ones.
  bw = morphology.remove_small_objects(bw.astype(bool), min_size=50)
D:\CGAIC\demo5\scripts\..\src\slots\..\..\..\demo4\src\features\traditional.py:247: FutureWarning: Parameter `min_size`
 is deprecated since version 0.26.0 and will be removed in 2.0.0 (or later). To avoid this warning, please use the para
meter `max_size` instead. For more details, see the documentation of `remove_small_objects`. Note that the new threshol
d removes objects smaller than **or equal to** its value, while the previous parameter only removed smaller ones.
  bw = morphology.remove_small_objects(bw.astype(bool), min_size=50)
D:\CGAIC\demo5\scripts\..\src\slots\..\..\..\demo4\src\features\traditional.py:247: FutureWarning: Parameter `min_size`
 is deprecated since version 0.26.0 and will be removed in 2.0.0 (or later). To avoid this warning, please use the para
meter `max_size` instead. For more details, see the documentation of `remove_small_objects`. Note that the new threshol
d removes objects smaller than **or equal to** its value, while the previous parameter only removed smaller ones.
  bw = morphology.remove_small_objects(bw.astype(bool), min_size=50)
D:\CGAIC\demo5\scripts\..\src\slots\..\..\..\demo4\src\features\traditional.py:247: FutureWarning: Parameter `min_size`
 is deprecated since version 0.26.0 and will be removed in 2.0.0 (or later). To avoid this warning, please use the para
meter `max_size` instead. For more details, see the documentation of `remove_small_objects`. Note that the new threshol
d removes objects smaller than **or equal to** its value, while the previous parameter only removed smaller ones.
  bw = morphology.remove_small_objects(bw.astype(bool), min_size=50)
D:\CGAIC\demo5\scripts\..\src\slots\..\..\..\demo4\src\features\traditional.py:247: FutureWarning: Parameter `min_size`
 is deprecated since version 0.26.0 and will be removed in 2.0.0 (or later). To avoid this warning, please use the para
meter `max_size` instead. For more details, see the documentation of `remove_small_objects`. Note that the new threshol
d removes objects smaller than **or equal to** its value, while the previous parameter only removed smaller ones.
  bw = morphology.remove_small_objects(bw.astype(bool), min_size=50)
[ssocl] U62 门控否决: 锚定集漂移 0.115 > tol，回滚虚高重估（冷却 10 反馈）
D:\CGAIC\demo5\scripts\..\src\slots\..\..\..\demo4\src\features\traditional.py:247: FutureWarning: Parameter `min_size`
 is deprecated since version 0.26.0 and will be removed in 2.0.0 (or later). To avoid this warning, please use the para
meter `max_size` instead. For more details, see the documentation of `remove_small_objects`. Note that the new threshol
d removes objects smaller than **or equal to** its value, while the previous parameter only removed smaller ones.
  bw = morphology.remove_small_objects(bw.astype(bool), min_size=50)
D:\CGAIC\demo5\scripts\..\src\slots\..\..\..\demo4\src\features\traditional.py:247: FutureWarning: Parameter `min_size`
 is deprecated since version 0.26.0 and will be removed in 2.0.0 (or later). To avoid this warning, please use the para
meter `max_size` instead. For more details, see the documentation of `remove_small_objects`. Note that the new threshol
d removes objects smaller than **or equal to** its value, while the previous parameter only removed smaller ones.
  bw = morphology.remove_small_objects(bw.astype(bool), min_size=50)
[ssocl] U62 虚高检测: 槽位 inp 正常反馈 4 条 虚高率 0.50 → CDF 重估（反馈正常原始分并入校准分布）
D:\CGAIC\demo5\scripts\..\src\slots\..\..\..\demo4\src\features\traditional.py:247: FutureWarning: Parameter `min_size`
 is deprecated since version 0.26.0 and will be removed in 2.0.0 (or later). To avoid this warning, please use the para
meter `max_size` instead. For more details, see the documentation of `remove_small_objects`. Note that the new threshol
d removes objects smaller than **or equal to** its value, while the previous parameter only removed smaller ones.
  bw = morphology.remove_small_objects(bw.astype(bool), min_size=50)
D:\CGAIC\demo5\scripts\..\src\slots\..\..\..\demo4\src\features\traditional.py:247: FutureWarning: Parameter `min_size`
 is deprecated since version 0.26.0 and will be removed in 2.0.0 (or later). To avoid this warning, please use the para
meter `max_size` instead. For more details, see the documentation of `remove_small_objects`. Note that the new threshol
d removes objects smaller than **or equal to** its value, while the previous parameter only removed smaller ones.
  bw = morphology.remove_small_objects(bw.astype(bool), min_size=50)
D:\CGAIC\demo5\scripts\..\src\slots\..\..\..\demo4\src\features\traditional.py:247: FutureWarning: Parameter `min_size`
 is deprecated since version 0.26.0 and will be removed in 2.0.0 (or later). To avoid this warning, please use the para
meter `max_size` instead. For more details, see the documentation of `remove_small_objects`. Note that the new threshol
d removes objects smaller than **or equal to** its value, while the previous parameter only removed smaller ones.
  bw = morphology.remove_small_objects(bw.astype(bool), min_size=50)
D:\CGAIC\demo5\scripts\..\src\slots\..\..\..\demo4\src\features\traditional.py:247: FutureWarning: Parameter `min_size`
 is deprecated since version 0.26.0 and will be removed in 2.0.0 (or later). To avoid this warning, please use the para
meter `max_size` instead. For more details, see the documentation of `remove_small_objects`. Note that the new threshol
d removes objects smaller than **or equal to** its value, while the previous parameter only removed smaller ones.
  bw = morphology.remove_small_objects(bw.astype(bool), min_size=50)
D:\CGAIC\demo5\scripts\..\src\slots\..\..\..\demo4\src\features\traditional.py:247: FutureWarning: Parameter `min_size`
 is deprecated since version 0.26.0 and will be removed in 2.0.0 (or later). To avoid this warning, please use the para
meter `max_size` instead. For more details, see the documentation of `remove_small_objects`. Note that the new threshol
d removes objects smaller than **or equal to** its value, while the previous parameter only removed smaller ones.
  bw = morphology.remove_small_objects(bw.astype(bool), min_size=50)
D:\CGAIC\demo5\scripts\..\src\slots\..\..\..\demo4\src\features\traditional.py:247: FutureWarning: Parameter `min_size`
 is deprecated since version 0.26.0 and will be removed in 2.0.0 (or later). To avoid this warning, please use the para
meter `max_size` instead. For more details, see the documentation of `remove_small_objects`. Note that the new threshol
d removes objects smaller than **or equal to** its value, while the previous parameter only removed smaller ones.
  bw = morphology.remove_small_objects(bw.astype(bool), min_size=50)
D:\CGAIC\demo5\scripts\..\src\slots\..\..\..\demo4\src\features\traditional.py:247: FutureWarning: Parameter `min_size`
 is deprecated since version 0.26.0 and will be removed in 2.0.0 (or later). To avoid this warning, please use the para
meter `max_size` instead. For more details, see the documentation of `remove_small_objects`. Note that the new threshol
d removes objects smaller than **or equal to** its value, while the previous parameter only removed smaller ones.
  bw = morphology.remove_small_objects(bw.astype(bool), min_size=50)
D:\CGAIC\demo5\scripts\..\src\slots\..\..\..\demo4\src\features\traditional.py:247: FutureWarning: Parameter `min_size`
 is deprecated since version 0.26.0 and will be removed in 2.0.0 (or later). To avoid this warning, please use the para
meter `max_size` instead. For more details, see the documentation of `remove_small_objects`. Note that the new threshol
d removes objects smaller than **or equal to** its value, while the previous parameter only removed smaller ones.
  bw = morphology.remove_small_objects(bw.astype(bool), min_size=50)
D:\CGAIC\demo5\scripts\..\src\slots\..\..\..\demo4\src\features\traditional.py:247: FutureWarning: Parameter `min_size`
 is deprecated since version 0.26.0 and will be removed in 2.0.0 (or later). To avoid this warning, please use the para
meter `max_size` instead. For more details, see the documentation of `remove_small_objects`. Note that the new threshol
d removes objects smaller than **or equal to** its value, while the previous parameter only removed smaller ones.
  bw = morphology.remove_small_objects(bw.astype(bool), min_size=50)
D:\CGAIC\demo5\scripts\..\src\slots\..\..\..\demo4\src\features\traditional.py:247: FutureWarning: Parameter `min_size`
 is deprecated since version 0.26.0 and will be removed in 2.0.0 (or later). To avoid this warning, please use the para
meter `max_size` instead. For more details, see the documentation of `remove_small_objects`. Note that the new threshol
d removes objects smaller than **or equal to** its value, while the previous parameter only removed smaller ones.
  bw = morphology.remove_small_objects(bw.astype(bool), min_size=50)
D:\CGAIC\demo5\scripts\..\src\slots\..\..\..\demo4\src\features\traditional.py:247: FutureWarning: Parameter `min_size`
 is deprecated since version 0.26.0 and will be removed in 2.0.0 (or later). To avoid this warning, please use the para
meter `max_size` instead. For more details, see the documentation of `remove_small_objects`. Note that the new threshol
d removes objects smaller than **or equal to** its value, while the previous parameter only removed smaller ones.
  bw = morphology.remove_small_objects(bw.astype(bool), min_size=50)
D:\CGAIC\demo5\scripts\..\src\slots\..\..\..\demo4\src\features\traditional.py:247: FutureWarning: Parameter `min_size`
 is deprecated since version 0.26.0 and will be removed in 2.0.0 (or later). To avoid this warning, please use the para
meter `max_size` instead. For more details, see the documentation of `remove_small_objects`. Note that the new threshol
d removes objects smaller than **or equal to** its value, while the previous parameter only removed smaller ones.
  bw = morphology.remove_small_objects(bw.astype(bool), min_size=50)
D:\CGAIC\demo5\scripts\..\src\slots\..\..\..\demo4\src\features\traditional.py:247: FutureWarning: Parameter `min_size`
 is deprecated since version 0.26.0 and will be removed in 2.0.0 (or later). To avoid this warning, please use the para
meter `max_size` instead. For more details, see the documentation of `remove_small_objects`. Note that the new threshol
d removes objects smaller than **or equal to** its value, while the previous parameter only removed smaller ones.
  bw = morphology.remove_small_objects(bw.astype(bool), min_size=50)
D:\CGAIC\demo5\scripts\..\src\slots\..\..\..\demo4\src\features\traditional.py:247: FutureWarning: Parameter `min_size`
 is deprecated since version 0.26.0 and will be removed in 2.0.0 (or later). To avoid this warning, please use the para
meter `max_size` instead. For more details, see the documentation of `remove_small_objects`. Note that the new threshol
d removes objects smaller than **or equal to** its value, while the previous parameter only removed smaller ones.
  bw = morphology.remove_small_objects(bw.astype(bool), min_size=50)
D:\CGAIC\demo5\scripts\..\src\slots\..\..\..\demo4\src\features\traditional.py:247: FutureWarning: Parameter `min_size`
 is deprecated since version 0.26.0 and will be removed in 2.0.0 (or later). To avoid this warning, please use the para
meter `max_size` instead. For more details, see the documentation of `remove_small_objects`. Note that the new threshol
d removes objects smaller than **or equal to** its value, while the previous parameter only removed smaller ones.
  bw = morphology.remove_small_objects(bw.astype(bool), min_size=50)
D:\CGAIC\demo5\scripts\..\src\slots\..\..\..\demo4\src\features\traditional.py:247: FutureWarning: Parameter `min_size`
 is deprecated since version 0.26.0 and will be removed in 2.0.0 (or later). To avoid this warning, please use the para
meter `max_size` instead. For more details, see the documentation of `remove_small_objects`. Note that the new threshol
d removes objects smaller than **or equal to** its value, while the previous parameter only removed smaller ones.
  bw = morphology.remove_small_objects(bw.astype(bool), min_size=50)
D:\CGAIC\demo5\scripts\..\src\slots\..\..\..\demo4\src\features\traditional.py:247: FutureWarning: Parameter `min_size`
 is deprecated since version 0.26.0 and will be removed in 2.0.0 (or later). To avoid this warning, please use the para
meter `max_size` instead. For more details, see the documentation of `remove_small_objects`. Note that the new threshol
d removes objects smaller than **or equal to** its value, while the previous parameter only removed smaller ones.
  bw = morphology.remove_small_objects(bw.astype(bool), min_size=50)
D:\CGAIC\demo5\scripts\..\src\slots\..\..\..\demo4\src\features\traditional.py:247: FutureWarning: Parameter `min_size`
 is deprecated since version 0.26.0 and will be removed in 2.0.0 (or later). To avoid this warning, please use the para
meter `max_size` instead. For more details, see the documentation of `remove_small_objects`. Note that the new threshol
d removes objects smaller than **or equal to** its value, while the previous parameter only removed smaller ones.
  bw = morphology.remove_small_objects(bw.astype(bool), min_size=50)
D:\CGAIC\demo5\scripts\..\src\slots\..\..\..\demo4\src\features\traditional.py:247: FutureWarning: Parameter `min_size`
 is deprecated since version 0.26.0 and will be removed in 2.0.0 (or later). To avoid this warning, please use the para
meter `max_size` instead. For more details, see the documentation of `remove_small_objects`. Note that the new threshol
d removes objects smaller than **or equal to** its value, while the previous parameter only removed smaller ones.
  bw = morphology.remove_small_objects(bw.astype(bool), min_size=50)
D:\CGAIC\demo5\scripts\..\src\slots\..\..\..\demo4\src\features\traditional.py:247: FutureWarning: Parameter `min_size`
 is deprecated since version 0.26.0 and will be removed in 2.0.0 (or later). To avoid this warning, please use the para
meter `max_size` instead. For more details, see the documentation of `remove_small_objects`. Note that the new threshol
d removes objects smaller than **or equal to** its value, while the previous parameter only removed smaller ones.
  bw = morphology.remove_small_objects(bw.astype(bool), min_size=50)
[ssocl] U62 门控否决: 锚定集漂移 0.166 > tol，回滚虚高重估（冷却 10 反馈）
D:\CGAIC\demo5\scripts\..\src\slots\..\..\..\demo4\src\features\traditional.py:247: FutureWarning: Parameter `min_size`
 is deprecated since version 0.26.0 and will be removed in 2.0.0 (or later). To avoid this warning, please use the para
meter `max_size` instead. For more details, see the documentation of `remove_small_objects`. Note that the new threshol
d removes objects smaller than **or equal to** its value, while the previous parameter only removed smaller ones.
  bw = morphology.remove_small_objects(bw.astype(bool), min_size=50)
D:\CGAIC\demo5\scripts\..\src\slots\..\..\..\demo4\src\features\traditional.py:247: FutureWarning: Parameter `min_size`
 is deprecated since version 0.26.0 and will be removed in 2.0.0 (or later). To avoid this warning, please use the para
meter `max_size` instead. For more details, see the documentation of `remove_small_objects`. Note that the new threshol
d removes objects smaller than **or equal to** its value, while the previous parameter only removed smaller ones.
  bw = morphology.remove_small_objects(bw.astype(bool), min_size=50)
D:\CGAIC\demo5\scripts\..\src\slots\..\..\..\demo4\src\features\traditional.py:247: FutureWarning: Parameter `min_size`
 is deprecated since version 0.26.0 and will be removed in 2.0.0 (or later). To avoid this warning, please use the para
meter `max_size` instead. For more details, see the documentation of `remove_small_objects`. Note that the new threshol
d removes objects smaller than **or equal to** its value, while the previous parameter only removed smaller ones.
  bw = morphology.remove_small_objects(bw.astype(bool), min_size=50)
D:\CGAIC\demo5\scripts\..\src\slots\..\..\..\demo4\src\features\traditional.py:247: FutureWarning: Parameter `min_size`
 is deprecated since version 0.26.0 and will be removed in 2.0.0 (or later). To avoid this warning, please use the para
meter `max_size` instead. For more details, see the documentation of `remove_small_objects`. Note that the new threshol
d removes objects smaller than **or equal to** its value, while the previous parameter only removed smaller ones.
  bw = morphology.remove_small_objects(bw.astype(bool), min_size=50)
D:\CGAIC\demo5\scripts\..\src\slots\..\..\..\demo4\src\features\traditional.py:247: FutureWarning: Parameter `min_size`
 is deprecated since version 0.26.0 and will be removed in 2.0.0 (or later). To avoid this warning, please use the para
meter `max_size` instead. For more details, see the documentation of `remove_small_objects`. Note that the new threshol
d removes objects smaller than **or equal to** its value, while the previous parameter only removed smaller ones.
  bw = morphology.remove_small_objects(bw.astype(bool), min_size=50)
D:\CGAIC\demo5\scripts\..\src\slots\..\..\..\demo4\src\features\traditional.py:247: FutureWarning: Parameter `min_size`
 is deprecated since version 0.26.0 and will be removed in 2.0.0 (or later). To avoid this warning, please use the para
meter `max_size` instead. For more details, see the documentation of `remove_small_objects`. Note that the new threshol
d removes objects smaller than **or equal to** its value, while the previous parameter only removed smaller ones.
  bw = morphology.remove_small_objects(bw.astype(bool), min_size=50)
D:\CGAIC\demo5\scripts\..\src\slots\..\..\..\demo4\src\features\traditional.py:247: FutureWarning: Parameter `min_size`
 is deprecated since version 0.26.0 and will be removed in 2.0.0 (or later). To avoid this warning, please use the para
meter `max_size` instead. For more details, see the documentation of `remove_small_objects`. Note that the new threshol
d removes objects smaller than **or equal to** its value, while the previous parameter only removed smaller ones.
  bw = morphology.remove_small_objects(bw.astype(bool), min_size=50)
D:\CGAIC\demo5\scripts\..\src\slots\..\..\..\demo4\src\features\traditional.py:247: FutureWarning: Parameter `min_size`
 is deprecated since version 0.26.0 and will be removed in 2.0.0 (or later). To avoid this warning, please use the para
meter `max_size` instead. For more details, see the documentation of `remove_small_objects`. Note that the new threshol
d removes objects smaller than **or equal to** its value, while the previous parameter only removed smaller ones.
  bw = morphology.remove_small_objects(bw.astype(bool), min_size=50)
D:\CGAIC\demo5\scripts\..\src\slots\..\..\..\demo4\src\features\traditional.py:247: FutureWarning: Parameter `min_size`
 is deprecated since version 0.26.0 and will be removed in 2.0.0 (or later). To avoid this warning, please use the para
meter `max_size` instead. For more details, see the documentation of `remove_small_objects`. Note that the new threshol
d removes objects smaller than **or equal to** its value, while the previous parameter only removed smaller ones.
  bw = morphology.remove_small_objects(bw.astype(bool), min_size=50)
D:\CGAIC\demo5\scripts\..\src\slots\..\..\..\demo4\src\features\traditional.py:247: FutureWarning: Parameter `min_size`
 is deprecated since version 0.26.0 and will be removed in 2.0.0 (or later). To avoid this warning, please use the para
meter `max_size` instead. For more details, see the documentation of `remove_small_objects`. Note that the new threshol
d removes objects smaller than **or equal to** its value, while the previous parameter only removed smaller ones.
  bw = morphology.remove_small_objects(bw.astype(bool), min_size=50)
D:\CGAIC\demo5\scripts\..\src\slots\..\..\..\demo4\src\features\traditional.py:247: FutureWarning: Parameter `min_size`
 is deprecated since version 0.26.0 and will be removed in 2.0.0 (or later). To avoid this warning, please use the para
meter `max_size` instead. For more details, see the documentation of `remove_small_objects`. Note that the new threshol
d removes objects smaller than **or equal to** its value, while the previous parameter only removed smaller ones.
  bw = morphology.remove_small_objects(bw.astype(bool), min_size=50)
D:\CGAIC\demo5\scripts\..\src\slots\..\..\..\demo4\src\features\traditional.py:247: FutureWarning: Parameter `min_size`
 is deprecated since version 0.26.0 and will be removed in 2.0.0 (or later). To avoid this warning, please use the para
meter `max_size` instead. For more details, see the documentation of `remove_small_objects`. Note that the new threshol
d removes objects smaller than **or equal to** its value, while the previous parameter only removed smaller ones.
  bw = morphology.remove_small_objects(bw.astype(bool), min_size=50)
[ssocl] U62 虚高检测: 槽位 sem 正常反馈 6 条 虚高率 0.50 → CDF 重估（反馈正常原始分并入校准分布）
D:\CGAIC\demo5\scripts\..\src\slots\..\..\..\demo4\src\features\traditional.py:247: FutureWarning: Parameter `min_size`
 is deprecated since version 0.26.0 and will be removed in 2.0.0 (or later). To avoid this warning, please use the para
meter `max_size` instead. For more details, see the documentation of `remove_small_objects`. Note that the new threshol
d removes objects smaller than **or equal to** its value, while the previous parameter only removed smaller ones.
  bw = morphology.remove_small_objects(bw.astype(bool), min_size=50)
D:\CGAIC\demo5\scripts\..\src\slots\..\..\..\demo4\src\features\traditional.py:247: FutureWarning: Parameter `min_size`
 is deprecated since version 0.26.0 and will be removed in 2.0.0 (or later). To avoid this warning, please use the para
meter `max_size` instead. For more details, see the documentation of `remove_small_objects`. Note that the new threshol
d removes objects smaller than **or equal to** its value, while the previous parameter only removed smaller ones.
  bw = morphology.remove_small_objects(bw.astype(bool), min_size=50)
D:\CGAIC\demo5\scripts\..\src\slots\..\..\..\demo4\src\features\traditional.py:247: FutureWarning: Parameter `min_size`
 is deprecated since version 0.26.0 and will be removed in 2.0.0 (or later). To avoid this warning, please use the para
meter `max_size` instead. For more details, see the documentation of `remove_small_objects`. Note that the new threshol
d removes objects smaller than **or equal to** its value, while the previous parameter only removed smaller ones.
  bw = morphology.remove_small_objects(bw.astype(bool), min_size=50)
D:\CGAIC\demo5\scripts\..\src\slots\..\..\..\demo4\src\features\traditional.py:247: FutureWarning: Parameter `min_size`
 is deprecated since version 0.26.0 and will be removed in 2.0.0 (or later). To avoid this warning, please use the para
meter `max_size` instead. For more details, see the documentation of `remove_small_objects`. Note that the new threshol
d removes objects smaller than **or equal to** its value, while the previous parameter only removed smaller ones.
  bw = morphology.remove_small_objects(bw.astype(bool), min_size=50)
D:\CGAIC\demo5\scripts\..\src\slots\..\..\..\demo4\src\features\traditional.py:247: FutureWarning: Parameter `min_size`
 is deprecated since version 0.26.0 and will be removed in 2.0.0 (or later). To avoid this warning, please use the para
meter `max_size` instead. For more details, see the documentation of `remove_small_objects`. Note that the new threshol
d removes objects smaller than **or equal to** its value, while the previous parameter only removed smaller ones.
  bw = morphology.remove_small_objects(bw.astype(bool), min_size=50)
D:\CGAIC\demo5\scripts\..\src\slots\..\..\..\demo4\src\features\traditional.py:247: FutureWarning: Parameter `min_size`
 is deprecated since version 0.26.0 and will be removed in 2.0.0 (or later). To avoid this warning, please use the para
meter `max_size` instead. For more details, see the documentation of `remove_small_objects`. Note that the new threshol
d removes objects smaller than **or equal to** its value, while the previous parameter only removed smaller ones.
  bw = morphology.remove_small_objects(bw.astype(bool), min_size=50)
D:\CGAIC\demo5\scripts\..\src\slots\..\..\..\demo4\src\features\traditional.py:247: FutureWarning: Parameter `min_size`
 is deprecated since version 0.26.0 and will be removed in 2.0.0 (or later). To avoid this warning, please use the para
meter `max_size` instead. For more details, see the documentation of `remove_small_objects`. Note that the new threshol
d removes objects smaller than **or equal to** its value, while the previous parameter only removed smaller ones.
  bw = morphology.remove_small_objects(bw.astype(bool), min_size=50)
D:\CGAIC\demo5\scripts\..\src\slots\..\..\..\demo4\src\features\traditional.py:247: FutureWarning: Parameter `min_size`
 is deprecated since version 0.26.0 and will be removed in 2.0.0 (or later). To avoid this warning, please use the para
meter `max_size` instead. For more details, see the documentation of `remove_small_objects`. Note that the new threshol
d removes objects smaller than **or equal to** its value, while the previous parameter only removed smaller ones.
  bw = morphology.remove_small_objects(bw.astype(bool), min_size=50)
D:\CGAIC\demo5\scripts\..\src\slots\..\..\..\demo4\src\features\traditional.py:247: FutureWarning: Parameter `min_size`
 is deprecated since version 0.26.0 and will be removed in 2.0.0 (or later). To avoid this warning, please use the para
meter `max_size` instead. For more details, see the documentation of `remove_small_objects`. Note that the new threshol
d removes objects smaller than **or equal to** its value, while the previous parameter only removed smaller ones.
  bw = morphology.remove_small_objects(bw.astype(bool), min_size=50)
D:\CGAIC\demo5\scripts\..\src\slots\..\..\..\demo4\src\features\traditional.py:247: FutureWarning: Parameter `min_size`
 is deprecated since version 0.26.0 and will be removed in 2.0.0 (or later). To avoid this warning, please use the para
meter `max_size` instead. For more details, see the documentation of `remove_small_objects`. Note that the new threshol
d removes objects smaller than **or equal to** its value, while the previous parameter only removed smaller ones.
  bw = morphology.remove_small_objects(bw.astype(bool), min_size=50)
D:\CGAIC\demo5\scripts\..\src\slots\..\..\..\demo4\src\features\traditional.py:247: FutureWarning: Parameter `min_size`
 is deprecated since version 0.26.0 and will be removed in 2.0.0 (or later). To avoid this warning, please use the para
meter `max_size` instead. For more details, see the documentation of `remove_small_objects`. Note that the new threshol
d removes objects smaller than **or equal to** its value, while the previous parameter only removed smaller ones.
  bw = morphology.remove_small_objects(bw.astype(bool), min_size=50)
D:\CGAIC\demo5\scripts\..\src\slots\..\..\..\demo4\src\features\traditional.py:247: FutureWarning: Parameter `min_size`
 is deprecated since version 0.26.0 and will be removed in 2.0.0 (or later). To avoid this warning, please use the para
meter `max_size` instead. For more details, see the documentation of `remove_small_objects`. Note that the new threshol
d removes objects smaller than **or equal to** its value, while the previous parameter only removed smaller ones.
  bw = morphology.remove_small_objects(bw.astype(bool), min_size=50)
D:\CGAIC\demo5\scripts\..\src\slots\..\..\..\demo4\src\features\traditional.py:247: FutureWarning: Parameter `min_size`
 is deprecated since version 0.26.0 and will be removed in 2.0.0 (or later). To avoid this warning, please use the para
meter `max_size` instead. For more details, see the documentation of `remove_small_objects`. Note that the new threshol
d removes objects smaller than **or equal to** its value, while the previous parameter only removed smaller ones.
  bw = morphology.remove_small_objects(bw.astype(bool), min_size=50)
D:\CGAIC\demo5\scripts\..\src\slots\..\..\..\demo4\src\features\traditional.py:247: FutureWarning: Parameter `min_size`
 is deprecated since version 0.26.0 and will be removed in 2.0.0 (or later). To avoid this warning, please use the para
meter `max_size` instead. For more details, see the documentation of `remove_small_objects`. Note that the new threshol
d removes objects smaller than **or equal to** its value, while the previous parameter only removed smaller ones.
  bw = morphology.remove_small_objects(bw.astype(bool), min_size=50)
D:\CGAIC\demo5\scripts\..\src\slots\..\..\..\demo4\src\features\traditional.py:247: FutureWarning: Parameter `min_size`
 is deprecated since version 0.26.0 and will be removed in 2.0.0 (or later). To avoid this warning, please use the para
meter `max_size` instead. For more details, see the documentation of `remove_small_objects`. Note that the new threshol
d removes objects smaller than **or equal to** its value, while the previous parameter only removed smaller ones.
  bw = morphology.remove_small_objects(bw.astype(bool), min_size=50)
D:\CGAIC\demo5\scripts\..\src\slots\..\..\..\demo4\src\features\traditional.py:247: FutureWarning: Parameter `min_size`
 is deprecated since version 0.26.0 and will be removed in 2.0.0 (or later). To avoid this warning, please use the para
meter `max_size` instead. For more details, see the documentation of `remove_small_objects`. Note that the new threshol
d removes objects smaller than **or equal to** its value, while the previous parameter only removed smaller ones.
  bw = morphology.remove_small_objects(bw.astype(bool), min_size=50)
D:\CGAIC\demo5\scripts\..\src\slots\..\..\..\demo4\src\features\traditional.py:247: FutureWarning: Parameter `min_size`
 is deprecated since version 0.26.0 and will be removed in 2.0.0 (or later). To avoid this warning, please use the para
meter `max_size` instead. For more details, see the documentation of `remove_small_objects`. Note that the new threshol
d removes objects smaller than **or equal to** its value, while the previous parameter only removed smaller ones.
  bw = morphology.remove_small_objects(bw.astype(bool), min_size=50)
D:\CGAIC\demo5\scripts\..\src\slots\..\..\..\demo4\src\features\traditional.py:247: FutureWarning: Parameter `min_size`
 is deprecated since version 0.26.0 and will be removed in 2.0.0 (or later). To avoid this warning, please use the para
meter `max_size` instead. For more details, see the documentation of `remove_small_objects`. Note that the new threshol
d removes objects smaller than **or equal to** its value, while the previous parameter only removed smaller ones.
  bw = morphology.remove_small_objects(bw.astype(bool), min_size=50)
D:\CGAIC\demo5\scripts\..\src\slots\..\..\..\demo4\src\features\traditional.py:247: FutureWarning: Parameter `min_size`
 is deprecated since version 0.26.0 and will be removed in 2.0.0 (or later). To avoid this warning, please use the para
meter `max_size` instead. For more details, see the documentation of `remove_small_objects`. Note that the new threshol
d removes objects smaller than **or equal to** its value, while the previous parameter only removed smaller ones.
  bw = morphology.remove_small_objects(bw.astype(bool), min_size=50)
D:\CGAIC\demo5\scripts\..\src\slots\..\..\..\demo4\src\features\traditional.py:247: FutureWarning: Parameter `min_size`
 is deprecated since version 0.26.0 and will be removed in 2.0.0 (or later). To avoid this warning, please use the para
meter `max_size` instead. For more details, see the documentation of `remove_small_objects`. Note that the new threshol
d removes objects smaller than **or equal to** its value, while the previous parameter only removed smaller ones.
  bw = morphology.remove_small_objects(bw.astype(bool), min_size=50)
[ssocl] U62 门控否决: 锚定集漂移 0.157 > tol，回滚虚高重估（冷却 10 反馈）
D:\CGAIC\demo5\scripts\..\src\slots\..\..\..\demo4\src\features\traditional.py:247: FutureWarning: Parameter `min_size`
 is deprecated since version 0.26.0 and will be removed in 2.0.0 (or later). To avoid this warning, please use the para
meter `max_size` instead. For more details, see the documentation of `remove_small_objects`. Note that the new threshol
d removes objects smaller than **or equal to** its value, while the previous parameter only removed smaller ones.
  bw = morphology.remove_small_objects(bw.astype(bool), min_size=50)
D:\CGAIC\demo5\scripts\..\src\slots\..\..\..\demo4\src\features\traditional.py:247: FutureWarning: Parameter `min_size`
 is deprecated since version 0.26.0 and will be removed in 2.0.0 (or later). To avoid this warning, please use the para
meter `max_size` instead. For more details, see the documentation of `remove_small_objects`. Note that the new threshol
d removes objects smaller than **or equal to** its value, while the previous parameter only removed smaller ones.
  bw = morphology.remove_small_objects(bw.astype(bool), min_size=50)
D:\CGAIC\demo5\scripts\..\src\slots\..\..\..\demo4\src\features\traditional.py:247: FutureWarning: Parameter `min_size`
 is deprecated since version 0.26.0 and will be removed in 2.0.0 (or later). To avoid this warning, please use the para
meter `max_size` instead. For more details, see the documentation of `remove_small_objects`. Note that the new threshol
d removes objects smaller than **or equal to** its value, while the previous parameter only removed smaller ones.
  bw = morphology.remove_small_objects(bw.astype(bool), min_size=50)
D:\CGAIC\demo5\scripts\..\src\slots\..\..\..\demo4\src\features\traditional.py:247: FutureWarning: Parameter `min_size`
 is deprecated since version 0.26.0 and will be removed in 2.0.0 (or later). To avoid this warning, please use the para
meter `max_size` instead. For more details, see the documentation of `remove_small_objects`. Note that the new threshol
d removes objects smaller than **or equal to** its value, while the previous parameter only removed smaller ones.
  bw = morphology.remove_small_objects(bw.astype(bool), min_size=50)
D:\CGAIC\demo5\scripts\..\src\slots\..\..\..\demo4\src\features\traditional.py:247: FutureWarning: Parameter `min_size`
 is deprecated since version 0.26.0 and will be removed in 2.0.0 (or later). To avoid this warning, please use the para
meter `max_size` instead. For more details, see the documentation of `remove_small_objects`. Note that the new threshol
d removes objects smaller than **or equal to** its value, while the previous parameter only removed smaller ones.
  bw = morphology.remove_small_objects(bw.astype(bool), min_size=50)
D:\CGAIC\demo5\scripts\..\src\slots\..\..\..\demo4\src\features\traditional.py:247: FutureWarning: Parameter `min_size`
 is deprecated since version 0.26.0 and will be removed in 2.0.0 (or later). To avoid this warning, please use the para
meter `max_size` instead. For more details, see the documentation of `remove_small_objects`. Note that the new threshol
d removes objects smaller than **or equal to** its value, while the previous parameter only removed smaller ones.
  bw = morphology.remove_small_objects(bw.astype(bool), min_size=50)
D:\CGAIC\demo5\scripts\..\src\slots\..\..\..\demo4\src\features\traditional.py:247: FutureWarning: Parameter `min_size`
 is deprecated since version 0.26.0 and will be removed in 2.0.0 (or later). To avoid this warning, please use the para
meter `max_size` instead. For more details, see the documentation of `remove_small_objects`. Note that the new threshol
d removes objects smaller than **or equal to** its value, while the previous parameter only removed smaller ones.
  bw = morphology.remove_small_objects(bw.astype(bool), min_size=50)
D:\CGAIC\demo5\scripts\..\src\slots\..\..\..\demo4\src\features\traditional.py:247: FutureWarning: Parameter `min_size`
 is deprecated since version 0.26.0 and will be removed in 2.0.0 (or later). To avoid this warning, please use the para
meter `max_size` instead. For more details, see the documentation of `remove_small_objects`. Note that the new threshol
d removes objects smaller than **or equal to** its value, while the previous parameter only removed smaller ones.
  bw = morphology.remove_small_objects(bw.astype(bool), min_size=50)
D:\CGAIC\demo5\scripts\..\src\slots\..\..\..\demo4\src\features\traditional.py:247: FutureWarning: Parameter `min_size`
 is deprecated since version 0.26.0 and will be removed in 2.0.0 (or later). To avoid this warning, please use the para
meter `max_size` instead. For more details, see the documentation of `remove_small_objects`. Note that the new threshol
d removes objects smaller than **or equal to** its value, while the previous parameter only removed smaller ones.
  bw = morphology.remove_small_objects(bw.astype(bool), min_size=50)
D:\CGAIC\demo5\scripts\..\src\slots\..\..\..\demo4\src\features\traditional.py:247: FutureWarning: Parameter `min_size`
 is deprecated since version 0.26.0 and will be removed in 2.0.0 (or later). To avoid this warning, please use the para
meter `max_size` instead. For more details, see the documentation of `remove_small_objects`. Note that the new threshol
d removes objects smaller than **or equal to** its value, while the previous parameter only removed smaller ones.
  bw = morphology.remove_small_objects(bw.astype(bool), min_size=50)
D:\CGAIC\demo5\scripts\..\src\slots\..\..\..\demo4\src\features\traditional.py:247: FutureWarning: Parameter `min_size`
 is deprecated since version 0.26.0 and will be removed in 2.0.0 (or later). To avoid this warning, please use the para
meter `max_size` instead. For more details, see the documentation of `remove_small_objects`. Note that the new threshol
d removes objects smaller than **or equal to** its value, while the previous parameter only removed smaller ones.
  bw = morphology.remove_small_objects(bw.astype(bool), min_size=50)
D:\CGAIC\demo5\scripts\..\src\slots\..\..\..\demo4\src\features\traditional.py:247: FutureWarning: Parameter `min_size`
 is deprecated since version 0.26.0 and will be removed in 2.0.0 (or later). To avoid this warning, please use the para
meter `max_size` instead. For more details, see the documentation of `remove_small_objects`. Note that the new threshol
d removes objects smaller than **or equal to** its value, while the previous parameter only removed smaller ones.
  bw = morphology.remove_small_objects(bw.astype(bool), min_size=50)
D:\CGAIC\demo5\scripts\..\src\slots\..\..\..\demo4\src\features\traditional.py:247: FutureWarning: Parameter `min_size`
 is deprecated since version 0.26.0 and will be removed in 2.0.0 (or later). To avoid this warning, please use the para
meter `max_size` instead. For more details, see the documentation of `remove_small_objects`. Note that the new threshol
d removes objects smaller than **or equal to** its value, while the previous parameter only removed smaller ones.
  bw = morphology.remove_small_objects(bw.astype(bool), min_size=50)
D:\CGAIC\demo5\scripts\..\src\slots\..\..\..\demo4\src\features\traditional.py:247: FutureWarning: Parameter `min_size`
 is deprecated since version 0.26.0 and will be removed in 2.0.0 (or later). To avoid this warning, please use the para
meter `max_size` instead. For more details, see the documentation of `remove_small_objects`. Note that the new threshol
d removes objects smaller than **or equal to** its value, while the previous parameter only removed smaller ones.
  bw = morphology.remove_small_objects(bw.astype(bool), min_size=50)
D:\CGAIC\demo5\scripts\..\src\slots\..\..\..\demo4\src\features\traditional.py:247: FutureWarning: Parameter `min_size`
 is deprecated since version 0.26.0 and will be removed in 2.0.0 (or later). To avoid this warning, please use the para
meter `max_size` instead. For more details, see the documentation of `remove_small_objects`. Note that the new threshol
d removes objects smaller than **or equal to** its value, while the previous parameter only removed smaller ones.
  bw = morphology.remove_small_objects(bw.astype(bool), min_size=50)
D:\CGAIC\demo5\scripts\..\src\slots\..\..\..\demo4\src\features\traditional.py:247: FutureWarning: Parameter `min_size`
 is deprecated since version 0.26.0 and will be removed in 2.0.0 (or later). To avoid this warning, please use the para
meter `max_size` instead. For more details, see the documentation of `remove_small_objects`. Note that the new threshol
d removes objects smaller than **or equal to** its value, while the previous parameter only removed smaller ones.
  bw = morphology.remove_small_objects(bw.astype(bool), min_size=50)
D:\CGAIC\demo5\scripts\..\src\slots\..\..\..\demo4\src\features\traditional.py:247: FutureWarning: Parameter `min_size`
 is deprecated since version 0.26.0 and will be removed in 2.0.0 (or later). To avoid this warning, please use the para
meter `max_size` instead. For more details, see the documentation of `remove_small_objects`. Note that the new threshol
d removes objects smaller than **or equal to** its value, while the previous parameter only removed smaller ones.
  bw = morphology.remove_small_objects(bw.astype(bool), min_size=50)
D:\CGAIC\demo5\scripts\..\src\slots\..\..\..\demo4\src\features\traditional.py:247: FutureWarning: Parameter `min_size`
 is deprecated since version 0.26.0 and will be removed in 2.0.0 (or later). To avoid this warning, please use the para
meter `max_size` instead. For more details, see the documentation of `remove_small_objects`. Note that the new threshol
d removes objects smaller than **or equal to** its value, while the previous parameter only removed smaller ones.
  bw = morphology.remove_small_objects(bw.astype(bool), min_size=50)
D:\CGAIC\demo5\scripts\..\src\slots\..\..\..\demo4\src\features\traditional.py:247: FutureWarning: Parameter `min_size`
 is deprecated since version 0.26.0 and will be removed in 2.0.0 (or later). To avoid this warning, please use the para
meter `max_size` instead. For more details, see the documentation of `remove_small_objects`. Note that the new threshol
d removes objects smaller than **or equal to** its value, while the previous parameter only removed smaller ones.
  bw = morphology.remove_small_objects(bw.astype(bool), min_size=50)
D:\CGAIC\demo5\scripts\..\src\slots\..\..\..\demo4\src\features\traditional.py:247: FutureWarning: Parameter `min_size`
 is deprecated since version 0.26.0 and will be removed in 2.0.0 (or later). To avoid this warning, please use the para
meter `max_size` instead. For more details, see the documentation of `remove_small_objects`. Note that the new threshol
d removes objects smaller than **or equal to** its value, while the previous parameter only removed smaller ones.
  bw = morphology.remove_small_objects(bw.astype(bool), min_size=50)
D:\CGAIC\demo5\scripts\..\src\slots\..\..\..\demo4\src\features\traditional.py:247: FutureWarning: Parameter `min_size`
 is deprecated since version 0.26.0 and will be removed in 2.0.0 (or later). To avoid this warning, please use the para
meter `max_size` instead. For more details, see the documentation of `remove_small_objects`. Note that the new threshol
d removes objects smaller than **or equal to** its value, while the previous parameter only removed smaller ones.
  bw = morphology.remove_small_objects(bw.astype(bool), min_size=50)
D:\CGAIC\demo5\scripts\..\src\slots\..\..\..\demo4\src\features\traditional.py:247: FutureWarning: Parameter `min_size`
 is deprecated since version 0.26.0 and will be removed in 2.0.0 (or later). To avoid this warning, please use the para
meter `max_size` instead. For more details, see the documentation of `remove_small_objects`. Note that the new threshol
d removes objects smaller than **or equal to** its value, while the previous parameter only removed smaller ones.
  bw = morphology.remove_small_objects(bw.astype(bool), min_size=50)
D:\CGAIC\demo5\scripts\..\src\slots\..\..\..\demo4\src\features\traditional.py:247: FutureWarning: Parameter `min_size`
 is deprecated since version 0.26.0 and will be removed in 2.0.0 (or later). To avoid this warning, please use the para
meter `max_size` instead. For more details, see the documentation of `remove_small_objects`. Note that the new threshol
d removes objects smaller than **or equal to** its value, while the previous parameter only removed smaller ones.
  bw = morphology.remove_small_objects(bw.astype(bool), min_size=50)
D:\CGAIC\demo5\scripts\..\src\slots\..\..\..\demo4\src\features\traditional.py:247: FutureWarning: Parameter `min_size`
 is deprecated since version 0.26.0 and will be removed in 2.0.0 (or later). To avoid this warning, please use the para
meter `max_size` instead. For more details, see the documentation of `remove_small_objects`. Note that the new threshol
d removes objects smaller than **or equal to** its value, while the previous parameter only removed smaller ones.
  bw = morphology.remove_small_objects(bw.astype(bool), min_size=50)
D:\CGAIC\demo5\scripts\..\src\slots\..\..\..\demo4\src\features\traditional.py:247: FutureWarning: Parameter `min_size`
 is deprecated since version 0.26.0 and will be removed in 2.0.0 (or later). To avoid this warning, please use the para
meter `max_size` instead. For more details, see the documentation of `remove_small_objects`. Note that the new threshol
d removes objects smaller than **or equal to** its value, while the previous parameter only removed smaller ones.
  bw = morphology.remove_small_objects(bw.astype(bool), min_size=50)
D:\CGAIC\demo5\scripts\..\src\slots\..\..\..\demo4\src\features\traditional.py:247: FutureWarning: Parameter `min_size`
 is deprecated since version 0.26.0 and will be removed in 2.0.0 (or later). To avoid this warning, please use the para
meter `max_size` instead. For more details, see the documentation of `remove_small_objects`. Note that the new threshol
d removes objects smaller than **or equal to** its value, while the previous parameter only removed smaller ones.
  bw = morphology.remove_small_objects(bw.astype(bool), min_size=50)
D:\CGAIC\demo5\scripts\..\src\slots\..\..\..\demo4\src\features\traditional.py:247: FutureWarning: Parameter `min_size`
 is deprecated since version 0.26.0 and will be removed in 2.0.0 (or later). To avoid this warning, please use the para
meter `max_size` instead. For more details, see the documentation of `remove_small_objects`. Note that the new threshol
d removes objects smaller than **or equal to** its value, while the previous parameter only removed smaller ones.
  bw = morphology.remove_small_objects(bw.astype(bool), min_size=50)
D:\CGAIC\demo5\scripts\..\src\slots\..\..\..\demo4\src\features\traditional.py:247: FutureWarning: Parameter `min_size`
 is deprecated since version 0.26.0 and will be removed in 2.0.0 (or later). To avoid this warning, please use the para
meter `max_size` instead. For more details, see the documentation of `remove_small_objects`. Note that the new threshol
d removes objects smaller than **or equal to** its value, while the previous parameter only removed smaller ones.
  bw = morphology.remove_small_objects(bw.astype(bool), min_size=50)
D:\CGAIC\demo5\scripts\..\src\slots\..\..\..\demo4\src\features\traditional.py:247: FutureWarning: Parameter `min_size`
 is deprecated since version 0.26.0 and will be removed in 2.0.0 (or later). To avoid this warning, please use the para
meter `max_size` instead. For more details, see the documentation of `remove_small_objects`. Note that the new threshol
d removes objects smaller than **or equal to** its value, while the previous parameter only removed smaller ones.
  bw = morphology.remove_small_objects(bw.astype(bool), min_size=50)
D:\CGAIC\demo5\scripts\..\src\slots\..\..\..\demo4\src\features\traditional.py:247: FutureWarning: Parameter `min_size`
 is deprecated since version 0.26.0 and will be removed in 2.0.0 (or later). To avoid this warning, please use the para
meter `max_size` instead. For more details, see the documentation of `remove_small_objects`. Note that the new threshol
d removes objects smaller than **or equal to** its value, while the previous parameter only removed smaller ones.
  bw = morphology.remove_small_objects(bw.astype(bool), min_size=50)
D:\CGAIC\demo5\scripts\..\src\slots\..\..\..\demo4\src\features\traditional.py:247: FutureWarning: Parameter `min_size`
 is deprecated since version 0.26.0 and will be removed in 2.0.0 (or later). To avoid this warning, please use the para
meter `max_size` instead. For more details, see the documentation of `remove_small_objects`. Note that the new threshol
d removes objects smaller than **or equal to** its value, while the previous parameter only removed smaller ones.
  bw = morphology.remove_small_objects(bw.astype(bool), min_size=50)
D:\CGAIC\demo5\scripts\..\src\slots\..\..\..\demo4\src\features\traditional.py:247: FutureWarning: Parameter `min_size`
 is deprecated since version 0.26.0 and will be removed in 2.0.0 (or later). To avoid this warning, please use the para
meter `max_size` instead. For more details, see the documentation of `remove_small_objects`. Note that the new threshol
d removes objects smaller than **or equal to** its value, while the previous parameter only removed smaller ones.
  bw = morphology.remove_small_objects(bw.astype(bool), min_size=50)
D:\CGAIC\demo5\scripts\..\src\slots\..\..\..\demo4\src\features\traditional.py:247: FutureWarning: Parameter `min_size`
 is deprecated since version 0.26.0 and will be removed in 2.0.0 (or later). To avoid this warning, please use the para
meter `max_size` instead. For more details, see the documentation of `remove_small_objects`. Note that the new threshol
d removes objects smaller than **or equal to** its value, while the previous parameter only removed smaller ones.
  bw = morphology.remove_small_objects(bw.astype(bool), min_size=50)
D:\CGAIC\demo5\scripts\..\src\slots\..\..\..\demo4\src\features\traditional.py:247: FutureWarning: Parameter `min_size`
 is deprecated since version 0.26.0 and will be removed in 2.0.0 (or later). To avoid this warning, please use the para
meter `max_size` instead. For more details, see the documentation of `remove_small_objects`. Note that the new threshol
d removes objects smaller than **or equal to** its value, while the previous parameter only removed smaller ones.
  bw = morphology.remove_small_objects(bw.astype(bool), min_size=50)
D:\CGAIC\demo5\scripts\..\src\slots\..\..\..\demo4\src\features\traditional.py:247: FutureWarning: Parameter `min_size`
 is deprecated since version 0.26.0 and will be removed in 2.0.0 (or later). To avoid this warning, please use the para
meter `max_size` instead. For more details, see the documentation of `remove_small_objects`. Note that the new threshol
d removes objects smaller than **or equal to** its value, while the previous parameter only removed smaller ones.
  bw = morphology.remove_small_objects(bw.astype(bool), min_size=50)
D:\CGAIC\demo5\scripts\..\src\slots\..\..\..\demo4\src\features\traditional.py:247: FutureWarning: Parameter `min_size`
 is deprecated since version 0.26.0 and will be removed in 2.0.0 (or later). To avoid this warning, please use the para
meter `max_size` instead. For more details, see the documentation of `remove_small_objects`. Note that the new threshol
d removes objects smaller than **or equal to** its value, while the previous parameter only removed smaller ones.
  bw = morphology.remove_small_objects(bw.astype(bool), min_size=50)
D:\CGAIC\demo5\scripts\..\src\slots\..\..\..\demo4\src\features\traditional.py:247: FutureWarning: Parameter `min_size`
 is deprecated since version 0.26.0 and will be removed in 2.0.0 (or later). To avoid this warning, please use the para
meter `max_size` instead. For more details, see the documentation of `remove_small_objects`. Note that the new threshol
d removes objects smaller than **or equal to** its value, while the previous parameter only removed smaller ones.
  bw = morphology.remove_small_objects(bw.astype(bool), min_size=50)
D:\CGAIC\demo5\scripts\..\src\slots\..\..\..\demo4\src\features\traditional.py:247: FutureWarning: Parameter `min_size`
 is deprecated since version 0.26.0 and will be removed in 2.0.0 (or later). To avoid this warning, please use the para
meter `max_size` instead. For more details, see the documentation of `remove_small_objects`. Note that the new threshol
d removes objects smaller than **or equal to** its value, while the previous parameter only removed smaller ones.
  bw = morphology.remove_small_objects(bw.astype(bool), min_size=50)
D:\CGAIC\demo5\scripts\..\src\slots\..\..\..\demo4\src\features\traditional.py:247: FutureWarning: Parameter `min_size`
 is deprecated since version 0.26.0 and will be removed in 2.0.0 (or later). To avoid this warning, please use the para
meter `max_size` instead. For more details, see the documentation of `remove_small_objects`. Note that the new threshol
d removes objects smaller than **or equal to** its value, while the previous parameter only removed smaller ones.
  bw = morphology.remove_small_objects(bw.astype(bool), min_size=50)
D:\CGAIC\demo5\scripts\..\src\slots\..\..\..\demo4\src\features\traditional.py:247: FutureWarning: Parameter `min_size`
 is deprecated since version 0.26.0 and will be removed in 2.0.0 (or later). To avoid this warning, please use the para
meter `max_size` instead. For more details, see the documentation of `remove_small_objects`. Note that the new threshol
d removes objects smaller than **or equal to** its value, while the previous parameter only removed smaller ones.
  bw = morphology.remove_small_objects(bw.astype(bool), min_size=50)
D:\CGAIC\demo5\scripts\..\src\slots\..\..\..\demo4\src\features\traditional.py:247: FutureWarning: Parameter `min_size`
 is deprecated since version 0.26.0 and will be removed in 2.0.0 (or later). To avoid this warning, please use the para
meter `max_size` instead. For more details, see the documentation of `remove_small_objects`. Note that the new threshol
d removes objects smaller than **or equal to** its value, while the previous parameter only removed smaller ones.
  bw = morphology.remove_small_objects(bw.astype(bool), min_size=50)
D:\CGAIC\demo5\scripts\..\src\slots\..\..\..\demo4\src\features\traditional.py:247: FutureWarning: Parameter `min_size`
 is deprecated since version 0.26.0 and will be removed in 2.0.0 (or later). To avoid this warning, please use the para
meter `max_size` instead. For more details, see the documentation of `remove_small_objects`. Note that the new threshol
d removes objects smaller than **or equal to** its value, while the previous parameter only removed smaller ones.
  bw = morphology.remove_small_objects(bw.astype(bool), min_size=50)
D:\CGAIC\demo5\scripts\..\src\slots\..\..\..\demo4\src\features\traditional.py:247: FutureWarning: Parameter `min_size`
 is deprecated since version 0.26.0 and will be removed in 2.0.0 (or later). To avoid this warning, please use the para
meter `max_size` instead. For more details, see the documentation of `remove_small_objects`. Note that the new threshol
d removes objects smaller than **or equal to** its value, while the previous parameter only removed smaller ones.
  bw = morphology.remove_small_objects(bw.astype(bool), min_size=50)
D:\CGAIC\demo5\scripts\..\src\slots\..\..\..\demo4\src\features\traditional.py:247: FutureWarning: Parameter `min_size`
 is deprecated since version 0.26.0 and will be removed in 2.0.0 (or later). To avoid this warning, please use the para
meter `max_size` instead. For more details, see the documentation of `remove_small_objects`. Note that the new threshol
d removes objects smaller than **or equal to** its value, while the previous parameter only removed smaller ones.
  bw = morphology.remove_small_objects(bw.astype(bool), min_size=50)
D:\CGAIC\demo5\scripts\..\src\slots\..\..\..\demo4\src\features\traditional.py:247: FutureWarning: Parameter `min_size`
 is deprecated since version 0.26.0 and will be removed in 2.0.0 (or later). To avoid this warning, please use the para
meter `max_size` instead. For more details, see the documentation of `remove_small_objects`. Note that the new threshol
d removes objects smaller than **or equal to** its value, while the previous parameter only removed smaller ones.
  bw = morphology.remove_small_objects(bw.astype(bool), min_size=50)
D:\CGAIC\demo5\scripts\..\src\slots\..\..\..\demo4\src\features\traditional.py:247: FutureWarning: Parameter `min_size`
 is deprecated since version 0.26.0 and will be removed in 2.0.0 (or later). To avoid this warning, please use the para
meter `max_size` instead. For more details, see the documentation of `remove_small_objects`. Note that the new threshol
d removes objects smaller than **or equal to** its value, while the previous parameter only removed smaller ones.
  bw = morphology.remove_small_objects(bw.astype(bool), min_size=50)
D:\CGAIC\demo5\scripts\..\src\slots\..\..\..\demo4\src\features\traditional.py:247: FutureWarning: Parameter `min_size`
 is deprecated since version 0.26.0 and will be removed in 2.0.0 (or later). To avoid this warning, please use the para
meter `max_size` instead. For more details, see the documentation of `remove_small_objects`. Note that the new threshol
d removes objects smaller than **or equal to** its value, while the previous parameter only removed smaller ones.
  bw = morphology.remove_small_objects(bw.astype(bool), min_size=50)
D:\CGAIC\demo5\scripts\..\src\slots\..\..\..\demo4\src\features\traditional.py:247: FutureWarning: Parameter `min_size`
 is deprecated since version 0.26.0 and will be removed in 2.0.0 (or later). To avoid this warning, please use the para
meter `max_size` instead. For more details, see the documentation of `remove_small_objects`. Note that the new threshol
d removes objects smaller than **or equal to** its value, while the previous parameter only removed smaller ones.
  bw = morphology.remove_small_objects(bw.astype(bool), min_size=50)
D:\CGAIC\demo5\scripts\..\src\slots\..\..\..\demo4\src\features\traditional.py:247: FutureWarning: Parameter `min_size`
 is deprecated since version 0.26.0 and will be removed in 2.0.0 (or later). To avoid this warning, please use the para
meter `max_size` instead. For more details, see the documentation of `remove_small_objects`. Note that the new threshol
d removes objects smaller than **or equal to** its value, while the previous parameter only removed smaller ones.
  bw = morphology.remove_small_objects(bw.astype(bool), min_size=50)
D:\CGAIC\demo5\scripts\..\src\slots\..\..\..\demo4\src\features\traditional.py:247: FutureWarning: Parameter `min_size`
 is deprecated since version 0.26.0 and will be removed in 2.0.0 (or later). To avoid this warning, please use the para
meter `max_size` instead. For more details, see the documentation of `remove_small_objects`. Note that the new threshol
d removes objects smaller than **or equal to** its value, while the previous parameter only removed smaller ones.
  bw = morphology.remove_small_objects(bw.astype(bool), min_size=50)
D:\CGAIC\demo5\scripts\..\src\slots\..\..\..\demo4\src\features\traditional.py:247: FutureWarning: Parameter `min_size`
 is deprecated since version 0.26.0 and will be removed in 2.0.0 (or later). To avoid this warning, please use the para
meter `max_size` instead. For more details, see the documentation of `remove_small_objects`. Note that the new threshol
d removes objects smaller than **or equal to** its value, while the previous parameter only removed smaller ones.
  bw = morphology.remove_small_objects(bw.astype(bool), min_size=50)
D:\CGAIC\demo5\scripts\..\src\slots\..\..\..\demo4\src\features\traditional.py:247: FutureWarning: Parameter `min_size`
 is deprecated since version 0.26.0 and will be removed in 2.0.0 (or later). To avoid this warning, please use the para
meter `max_size` instead. For more details, see the documentation of `remove_small_objects`. Note that the new threshol
d removes objects smaller than **or equal to** its value, while the previous parameter only removed smaller ones.
  bw = morphology.remove_small_objects(bw.astype(bool), min_size=50)
D:\CGAIC\demo5\scripts\..\src\slots\..\..\..\demo4\src\features\traditional.py:247: FutureWarning: Parameter `min_size`
 is deprecated since version 0.26.0 and will be removed in 2.0.0 (or later). To avoid this warning, please use the para
meter `max_size` instead. For more details, see the documentation of `remove_small_objects`. Note that the new threshol
d removes objects smaller than **or equal to** its value, while the previous parameter only removed smaller ones.
  bw = morphology.remove_small_objects(bw.astype(bool), min_size=50)
D:\CGAIC\demo5\scripts\..\src\slots\..\..\..\demo4\src\features\traditional.py:247: FutureWarning: Parameter `min_size`
 is deprecated since version 0.26.0 and will be removed in 2.0.0 (or later). To avoid this warning, please use the para
meter `max_size` instead. For more details, see the documentation of `remove_small_objects`. Note that the new threshol
d removes objects smaller than **or equal to** its value, while the previous parameter only removed smaller ones.
  bw = morphology.remove_small_objects(bw.astype(bool), min_size=50)
D:\CGAIC\demo5\scripts\..\src\slots\..\..\..\demo4\src\features\traditional.py:247: FutureWarning: Parameter `min_size`
 is deprecated since version 0.26.0 and will be removed in 2.0.0 (or later). To avoid this warning, please use the para
meter `max_size` instead. For more details, see the documentation of `remove_small_objects`. Note that the new threshol
d removes objects smaller than **or equal to** its value, while the previous parameter only removed smaller ones.
  bw = morphology.remove_small_objects(bw.astype(bool), min_size=50)
D:\CGAIC\demo5\scripts\..\src\slots\..\..\..\demo4\src\features\traditional.py:247: FutureWarning: Parameter `min_size`
 is deprecated since version 0.26.0 and will be removed in 2.0.0 (or later). To avoid this warning, please use the para
meter `max_size` instead. For more details, see the documentation of `remove_small_objects`. Note that the new threshol
d removes objects smaller than **or equal to** its value, while the previous parameter only removed smaller ones.
  bw = morphology.remove_small_objects(bw.astype(bool), min_size=50)
D:\CGAIC\demo5\scripts\..\src\slots\..\..\..\demo4\src\features\traditional.py:247: FutureWarning: Parameter `min_size`
 is deprecated since version 0.26.0 and will be removed in 2.0.0 (or later). To avoid this warning, please use the para
meter `max_size` instead. For more details, see the documentation of `remove_small_objects`. Note that the new threshol
d removes objects smaller than **or equal to** its value, while the previous parameter only removed smaller ones.
  bw = morphology.remove_small_objects(bw.astype(bool), min_size=50)
D:\CGAIC\demo5\scripts\..\src\slots\..\..\..\demo4\src\features\traditional.py:247: FutureWarning: Parameter `min_size`
 is deprecated since version 0.26.0 and will be removed in 2.0.0 (or later). To avoid this warning, please use the para
meter `max_size` instead. For more details, see the documentation of `remove_small_objects`. Note that the new threshol
d removes objects smaller than **or equal to** its value, while the previous parameter only removed smaller ones.
  bw = morphology.remove_small_objects(bw.astype(bool), min_size=50)
D:\CGAIC\demo5\scripts\..\src\slots\..\..\..\demo4\src\features\traditional.py:247: FutureWarning: Parameter `min_size`
 is deprecated since version 0.26.0 and will be removed in 2.0.0 (or later). To avoid this warning, please use the para
meter `max_size` instead. For more details, see the documentation of `remove_small_objects`. Note that the new threshol
d removes objects smaller than **or equal to** its value, while the previous parameter only removed smaller ones.
  bw = morphology.remove_small_objects(bw.astype(bool), min_size=50)
D:\CGAIC\demo5\scripts\..\src\slots\..\..\..\demo4\src\features\traditional.py:247: FutureWarning: Parameter `min_size`
 is deprecated since version 0.26.0 and will be removed in 2.0.0 (or later). To avoid this warning, please use the para
meter `max_size` instead. For more details, see the documentation of `remove_small_objects`. Note that the new threshol
d removes objects smaller than **or equal to** its value, while the previous parameter only removed smaller ones.
  bw = morphology.remove_small_objects(bw.astype(bool), min_size=50)
D:\CGAIC\demo5\scripts\..\src\slots\..\..\..\demo4\src\features\traditional.py:247: FutureWarning: Parameter `min_size`
 is deprecated since version 0.26.0 and will be removed in 2.0.0 (or later). To avoid this warning, please use the para
meter `max_size` instead. For more details, see the documentation of `remove_small_objects`. Note that the new threshol
d removes objects smaller than **or equal to** its value, while the previous parameter only removed smaller ones.
  bw = morphology.remove_small_objects(bw.astype(bool), min_size=50)
D:\CGAIC\demo5\scripts\..\src\slots\..\..\..\demo4\src\features\traditional.py:247: FutureWarning: Parameter `min_size`
 is deprecated since version 0.26.0 and will be removed in 2.0.0 (or later). To avoid this warning, please use the para
meter `max_size` instead. For more details, see the documentation of `remove_small_objects`. Note that the new threshol
d removes objects smaller than **or equal to** its value, while the previous parameter only removed smaller ones.
  bw = morphology.remove_small_objects(bw.astype(bool), min_size=50)
D:\CGAIC\demo5\scripts\..\src\slots\..\..\..\demo4\src\features\traditional.py:247: FutureWarning: Parameter `min_size`
 is deprecated since version 0.26.0 and will be removed in 2.0.0 (or later). To avoid this warning, please use the para
meter `max_size` instead. For more details, see the documentation of `remove_small_objects`. Note that the new threshol
d removes objects smaller than **or equal to** its value, while the previous parameter only removed smaller ones.
  bw = morphology.remove_small_objects(bw.astype(bool), min_size=50)
D:\CGAIC\demo5\scripts\..\src\slots\..\..\..\demo4\src\features\traditional.py:247: FutureWarning: Parameter `min_size`
 is deprecated since version 0.26.0 and will be removed in 2.0.0 (or later). To avoid this warning, please use the para
meter `max_size` instead. For more details, see the documentation of `remove_small_objects`. Note that the new threshol
d removes objects smaller than **or equal to** its value, while the previous parameter only removed smaller ones.
  bw = morphology.remove_small_objects(bw.astype(bool), min_size=50)
D:\CGAIC\demo5\scripts\..\src\slots\..\..\..\demo4\src\features\traditional.py:247: FutureWarning: Parameter `min_size`
 is deprecated since version 0.26.0 and will be removed in 2.0.0 (or later). To avoid this warning, please use the para
meter `max_size` instead. For more details, see the documentation of `remove_small_objects`. Note that the new threshol
d removes objects smaller than **or equal to** its value, while the previous parameter only removed smaller ones.
  bw = morphology.remove_small_objects(bw.astype(bool), min_size=50)
D:\CGAIC\demo5\scripts\..\src\slots\..\..\..\demo4\src\features\traditional.py:247: FutureWarning: Parameter `min_size`
 is deprecated since version 0.26.0 and will be removed in 2.0.0 (or later). To avoid this warning, please use the para
meter `max_size` instead. For more details, see the documentation of `remove_small_objects`. Note that the new threshol
d removes objects smaller than **or equal to** its value, while the previous parameter only removed smaller ones.
  bw = morphology.remove_small_objects(bw.astype(bool), min_size=50)
D:\CGAIC\demo5\scripts\..\src\slots\..\..\..\demo4\src\features\traditional.py:247: FutureWarning: Parameter `min_size`
 is deprecated since version 0.26.0 and will be removed in 2.0.0 (or later). To avoid this warning, please use the para
meter `max_size` instead. For more details, see the documentation of `remove_small_objects`. Note that the new threshol
d removes objects smaller than **or equal to** its value, while the previous parameter only removed smaller ones.
  bw = morphology.remove_small_objects(bw.astype(bool), min_size=50)
D:\CGAIC\demo5\scripts\..\src\slots\..\..\..\demo4\src\features\traditional.py:247: FutureWarning: Parameter `min_size`
 is deprecated since version 0.26.0 and will be removed in 2.0.0 (or later). To avoid this warning, please use the para
meter `max_size` instead. For more details, see the documentation of `remove_small_objects`. Note that the new threshol
d removes objects smaller than **or equal to** its value, while the previous parameter only removed smaller ones.
  bw = morphology.remove_small_objects(bw.astype(bool), min_size=50)
D:\CGAIC\demo5\scripts\..\src\slots\..\..\..\demo4\src\features\traditional.py:247: FutureWarning: Parameter `min_size`
 is deprecated since version 0.26.0 and will be removed in 2.0.0 (or later). To avoid this warning, please use the para
meter `max_size` instead. For more details, see the documentation of `remove_small_objects`. Note that the new threshol
d removes objects smaller than **or equal to** its value, while the previous parameter only removed smaller ones.
  bw = morphology.remove_small_objects(bw.astype(bool), min_size=50)
D:\CGAIC\demo5\scripts\..\src\slots\..\..\..\demo4\src\features\traditional.py:247: FutureWarning: Parameter `min_size`
 is deprecated since version 0.26.0 and will be removed in 2.0.0 (or later). To avoid this warning, please use the para
meter `max_size` instead. For more details, see the documentation of `remove_small_objects`. Note that the new threshol
d removes objects smaller than **or equal to** its value, while the previous parameter only removed smaller ones.
  bw = morphology.remove_small_objects(bw.astype(bool), min_size=50)
  [lc] 反馈=10 锚定集AUROC=0.9206 F1=0.8421
D:\CGAIC\demo5\scripts\..\src\slots\..\..\..\demo4\src\features\traditional.py:247: FutureWarning: Parameter `min_size`
 is deprecated since version 0.26.0 and will be removed in 2.0.0 (or later). To avoid this warning, please use the para
meter `max_size` instead. For more details, see the documentation of `remove_small_objects`. Note that the new threshol
d removes objects smaller than **or equal to** its value, while the previous parameter only removed smaller ones.
  bw = morphology.remove_small_objects(bw.astype(bool), min_size=50)
D:\CGAIC\demo5\scripts\..\src\slots\..\..\..\demo4\src\features\traditional.py:247: FutureWarning: Parameter `min_size`
 is deprecated since version 0.26.0 and will be removed in 2.0.0 (or later). To avoid this warning, please use the para
meter `max_size` instead. For more details, see the documentation of `remove_small_objects`. Note that the new threshol
d removes objects smaller than **or equal to** its value, while the previous parameter only removed smaller ones.
  bw = morphology.remove_small_objects(bw.astype(bool), min_size=50)
D:\CGAIC\demo5\scripts\..\src\slots\..\..\..\demo4\src\features\traditional.py:247: FutureWarning: Parameter `min_size`
 is deprecated since version 0.26.0 and will be removed in 2.0.0 (or later). To avoid this warning, please use the para
meter `max_size` instead. For more details, see the documentation of `remove_small_objects`. Note that the new threshol
d removes objects smaller than **or equal to** its value, while the previous parameter only removed smaller ones.
  bw = morphology.remove_small_objects(bw.astype(bool), min_size=50)
D:\CGAIC\demo5\scripts\..\src\slots\..\..\..\demo4\src\features\traditional.py:247: FutureWarning: Parameter `min_size`
 is deprecated since version 0.26.0 and will be removed in 2.0.0 (or later). To avoid this warning, please use the para
meter `max_size` instead. For more details, see the documentation of `remove_small_objects`. Note that the new threshol
d removes objects smaller than **or equal to** its value, while the previous parameter only removed smaller ones.
  bw = morphology.remove_small_objects(bw.astype(bool), min_size=50)
[ssocl] U62 虚高检测: 槽位 layout 正常反馈 8 条 虚高率 0.50 → CDF 重估（反馈正常原始分并入校准分布）
D:\CGAIC\demo5\scripts\..\src\slots\..\..\..\demo4\src\features\traditional.py:247: FutureWarning: Parameter `min_size`
 is deprecated since version 0.26.0 and will be removed in 2.0.0 (or later). To avoid this warning, please use the para
meter `max_size` instead. For more details, see the documentation of `remove_small_objects`. Note that the new threshol
d removes objects smaller than **or equal to** its value, while the previous parameter only removed smaller ones.
  bw = morphology.remove_small_objects(bw.astype(bool), min_size=50)
D:\CGAIC\demo5\scripts\..\src\slots\..\..\..\demo4\src\features\traditional.py:247: FutureWarning: Parameter `min_size`
 is deprecated since version 0.26.0 and will be removed in 2.0.0 (or later). To avoid this warning, please use the para
meter `max_size` instead. For more details, see the documentation of `remove_small_objects`. Note that the new threshol
d removes objects smaller than **or equal to** its value, while the previous parameter only removed smaller ones.
  bw = morphology.remove_small_objects(bw.astype(bool), min_size=50)
D:\CGAIC\demo5\scripts\..\src\slots\..\..\..\demo4\src\features\traditional.py:247: FutureWarning: Parameter `min_size`
 is deprecated since version 0.26.0 and will be removed in 2.0.0 (or later). To avoid this warning, please use the para
meter `max_size` instead. For more details, see the documentation of `remove_small_objects`. Note that the new threshol
d removes objects smaller than **or equal to** its value, while the previous parameter only removed smaller ones.
  bw = morphology.remove_small_objects(bw.astype(bool), min_size=50)
D:\CGAIC\demo5\scripts\..\src\slots\..\..\..\demo4\src\features\traditional.py:247: FutureWarning: Parameter `min_size`
 is deprecated since version 0.26.0 and will be removed in 2.0.0 (or later). To avoid this warning, please use the para
meter `max_size` instead. For more details, see the documentation of `remove_small_objects`. Note that the new threshol
d removes objects smaller than **or equal to** its value, while the previous parameter only removed smaller ones.
  bw = morphology.remove_small_objects(bw.astype(bool), min_size=50)
D:\CGAIC\demo5\scripts\..\src\slots\..\..\..\demo4\src\features\traditional.py:247: FutureWarning: Parameter `min_size`
 is deprecated since version 0.26.0 and will be removed in 2.0.0 (or later). To avoid this warning, please use the para
meter `max_size` instead. For more details, see the documentation of `remove_small_objects`. Note that the new threshol
d removes objects smaller than **or equal to** its value, while the previous parameter only removed smaller ones.
  bw = morphology.remove_small_objects(bw.astype(bool), min_size=50)
D:\CGAIC\demo5\scripts\..\src\slots\..\..\..\demo4\src\features\traditional.py:247: FutureWarning: Parameter `min_size`
 is deprecated since version 0.26.0 and will be removed in 2.0.0 (or later). To avoid this warning, please use the para
meter `max_size` instead. For more details, see the documentation of `remove_small_objects`. Note that the new threshol
d removes objects smaller than **or equal to** its value, while the previous parameter only removed smaller ones.
  bw = morphology.remove_small_objects(bw.astype(bool), min_size=50)
D:\CGAIC\demo5\scripts\..\src\slots\..\..\..\demo4\src\features\traditional.py:247: FutureWarning: Parameter `min_size`
 is deprecated since version 0.26.0 and will be removed in 2.0.0 (or later). To avoid this warning, please use the para
meter `max_size` instead. For more details, see the documentation of `remove_small_objects`. Note that the new threshol
d removes objects smaller than **or equal to** its value, while the previous parameter only removed smaller ones.
  bw = morphology.remove_small_objects(bw.astype(bool), min_size=50)
D:\CGAIC\demo5\scripts\..\src\slots\..\..\..\demo4\src\features\traditional.py:247: FutureWarning: Parameter `min_size`
 is deprecated since version 0.26.0 and will be removed in 2.0.0 (or later). To avoid this warning, please use the para
meter `max_size` instead. For more details, see the documentation of `remove_small_objects`. Note that the new threshol
d removes objects smaller than **or equal to** its value, while the previous parameter only removed smaller ones.
  bw = morphology.remove_small_objects(bw.astype(bool), min_size=50)
D:\CGAIC\demo5\scripts\..\src\slots\..\..\..\demo4\src\features\traditional.py:247: FutureWarning: Parameter `min_size`
 is deprecated since version 0.26.0 and will be removed in 2.0.0 (or later). To avoid this warning, please use the para
meter `max_size` instead. For more details, see the documentation of `remove_small_objects`. Note that the new threshol
d removes objects smaller than **or equal to** its value, while the previous parameter only removed smaller ones.
  bw = morphology.remove_small_objects(bw.astype(bool), min_size=50)
D:\CGAIC\demo5\scripts\..\src\slots\..\..\..\demo4\src\features\traditional.py:247: FutureWarning: Parameter `min_size`
 is deprecated since version 0.26.0 and will be removed in 2.0.0 (or later). To avoid this warning, please use the para
meter `max_size` instead. For more details, see the documentation of `remove_small_objects`. Note that the new threshol
d removes objects smaller than **or equal to** its value, while the previous parameter only removed smaller ones.
  bw = morphology.remove_small_objects(bw.astype(bool), min_size=50)
D:\CGAIC\demo5\scripts\..\src\slots\..\..\..\demo4\src\features\traditional.py:247: FutureWarning: Parameter `min_size`
 is deprecated since version 0.26.0 and will be removed in 2.0.0 (or later). To avoid this warning, please use the para
meter `max_size` instead. For more details, see the documentation of `remove_small_objects`. Note that the new threshol
d removes objects smaller than **or equal to** its value, while the previous parameter only removed smaller ones.
  bw = morphology.remove_small_objects(bw.astype(bool), min_size=50)
D:\CGAIC\demo5\scripts\..\src\slots\..\..\..\demo4\src\features\traditional.py:247: FutureWarning: Parameter `min_size`
 is deprecated since version 0.26.0 and will be removed in 2.0.0 (or later). To avoid this warning, please use the para
meter `max_size` instead. For more details, see the documentation of `remove_small_objects`. Note that the new threshol
d removes objects smaller than **or equal to** its value, while the previous parameter only removed smaller ones.
  bw = morphology.remove_small_objects(bw.astype(bool), min_size=50)
D:\CGAIC\demo5\scripts\..\src\slots\..\..\..\demo4\src\features\traditional.py:247: FutureWarning: Parameter `min_size`
 is deprecated since version 0.26.0 and will be removed in 2.0.0 (or later). To avoid this warning, please use the para
meter `max_size` instead. For more details, see the documentation of `remove_small_objects`. Note that the new threshol
d removes objects smaller than **or equal to** its value, while the previous parameter only removed smaller ones.
  bw = morphology.remove_small_objects(bw.astype(bool), min_size=50)
D:\CGAIC\demo5\scripts\..\src\slots\..\..\..\demo4\src\features\traditional.py:247: FutureWarning: Parameter `min_size`
 is deprecated since version 0.26.0 and will be removed in 2.0.0 (or later). To avoid this warning, please use the para
meter `max_size` instead. For more details, see the documentation of `remove_small_objects`. Note that the new threshol
d removes objects smaller than **or equal to** its value, while the previous parameter only removed smaller ones.
  bw = morphology.remove_small_objects(bw.astype(bool), min_size=50)
D:\CGAIC\demo5\scripts\..\src\slots\..\..\..\demo4\src\features\traditional.py:247: FutureWarning: Parameter `min_size`
 is deprecated since version 0.26.0 and will be removed in 2.0.0 (or later). To avoid this warning, please use the para
meter `max_size` instead. For more details, see the documentation of `remove_small_objects`. Note that the new threshol
d removes objects smaller than **or equal to** its value, while the previous parameter only removed smaller ones.
  bw = morphology.remove_small_objects(bw.astype(bool), min_size=50)
D:\CGAIC\demo5\scripts\..\src\slots\..\..\..\demo4\src\features\traditional.py:247: FutureWarning: Parameter `min_size`
 is deprecated since version 0.26.0 and will be removed in 2.0.0 (or later). To avoid this warning, please use the para
meter `max_size` instead. For more details, see the documentation of `remove_small_objects`. Note that the new threshol
d removes objects smaller than **or equal to** its value, while the previous parameter only removed smaller ones.
  bw = morphology.remove_small_objects(bw.astype(bool), min_size=50)
D:\CGAIC\demo5\scripts\..\src\slots\..\..\..\demo4\src\features\traditional.py:247: FutureWarning: Parameter `min_size`
 is deprecated since version 0.26.0 and will be removed in 2.0.0 (or later). To avoid this warning, please use the para
meter `max_size` instead. For more details, see the documentation of `remove_small_objects`. Note that the new threshol
d removes objects smaller than **or equal to** its value, while the previous parameter only removed smaller ones.
  bw = morphology.remove_small_objects(bw.astype(bool), min_size=50)
D:\CGAIC\demo5\scripts\..\src\slots\..\..\..\demo4\src\features\traditional.py:247: FutureWarning: Parameter `min_size`
 is deprecated since version 0.26.0 and will be removed in 2.0.0 (or later). To avoid this warning, please use the para
meter `max_size` instead. For more details, see the documentation of `remove_small_objects`. Note that the new threshol
d removes objects smaller than **or equal to** its value, while the previous parameter only removed smaller ones.
  bw = morphology.remove_small_objects(bw.astype(bool), min_size=50)
D:\CGAIC\demo5\scripts\..\src\slots\..\..\..\demo4\src\features\traditional.py:247: FutureWarning: Parameter `min_size`
 is deprecated since version 0.26.0 and will be removed in 2.0.0 (or later). To avoid this warning, please use the para
meter `max_size` instead. For more details, see the documentation of `remove_small_objects`. Note that the new threshol
d removes objects smaller than **or equal to** its value, while the previous parameter only removed smaller ones.
  bw = morphology.remove_small_objects(bw.astype(bool), min_size=50)
D:\CGAIC\demo5\scripts\..\src\slots\..\..\..\demo4\src\features\traditional.py:247: FutureWarning: Parameter `min_size`
 is deprecated since version 0.26.0 and will be removed in 2.0.0 (or later). To avoid this warning, please use the para
meter `max_size` instead. For more details, see the documentation of `remove_small_objects`. Note that the new threshol
d removes objects smaller than **or equal to** its value, while the previous parameter only removed smaller ones.
  bw = morphology.remove_small_objects(bw.astype(bool), min_size=50)
[ssocl] U62 门控否决: 锚定集漂移 0.247 > tol，回滚虚高重估（冷却 10 反馈）
D:\CGAIC\demo5\scripts\..\src\slots\..\..\..\demo4\src\features\traditional.py:247: FutureWarning: Parameter `min_size`
 is deprecated since version 0.26.0 and will be removed in 2.0.0 (or later). To avoid this warning, please use the para
meter `max_size` instead. For more details, see the documentation of `remove_small_objects`. Note that the new threshol
d removes objects smaller than **or equal to** its value, while the previous parameter only removed smaller ones.
  bw = morphology.remove_small_objects(bw.astype(bool), min_size=50)
D:\CGAIC\demo5\scripts\..\src\slots\..\..\..\demo4\src\features\traditional.py:247: FutureWarning: Parameter `min_size`
 is deprecated since version 0.26.0 and will be removed in 2.0.0 (or later). To avoid this warning, please use the para
meter `max_size` instead. For more details, see the documentation of `remove_small_objects`. Note that the new threshol
d removes objects smaller than **or equal to** its value, while the previous parameter only removed smaller ones.
  bw = morphology.remove_small_objects(bw.astype(bool), min_size=50)
[ssocl] U62 虚高检测: 槽位 disc 正常反馈 8 条 虚高率 0.75 → CDF 重估（反馈正常原始分并入校准分布）
[ssocl] U62 虚高检测: 槽位 trad 正常反馈 8 条 虚高率 1.00 → CDF 重估（反馈正常原始分并入校准分布）
D:\CGAIC\demo5\scripts\..\src\slots\..\..\..\demo4\src\features\traditional.py:247: FutureWarning: Parameter `min_size`
 is deprecated since version 0.26.0 and will be removed in 2.0.0 (or later). To avoid this warning, please use the para
meter `max_size` instead. For more details, see the documentation of `remove_small_objects`. Note that the new threshol
d removes objects smaller than **or equal to** its value, while the previous parameter only removed smaller ones.
  bw = morphology.remove_small_objects(bw.astype(bool), min_size=50)
D:\CGAIC\demo5\scripts\..\src\slots\..\..\..\demo4\src\features\traditional.py:247: FutureWarning: Parameter `min_size`
 is deprecated since version 0.26.0 and will be removed in 2.0.0 (or later). To avoid this warning, please use the para
meter `max_size` instead. For more details, see the documentation of `remove_small_objects`. Note that the new threshol
d removes objects smaller than **or equal to** its value, while the previous parameter only removed smaller ones.
  bw = morphology.remove_small_objects(bw.astype(bool), min_size=50)
D:\CGAIC\demo5\scripts\..\src\slots\..\..\..\demo4\src\features\traditional.py:247: FutureWarning: Parameter `min_size`
 is deprecated since version 0.26.0 and will be removed in 2.0.0 (or later). To avoid this warning, please use the para
meter `max_size` instead. For more details, see the documentation of `remove_small_objects`. Note that the new threshol
d removes objects smaller than **or equal to** its value, while the previous parameter only removed smaller ones.
  bw = morphology.remove_small_objects(bw.astype(bool), min_size=50)
D:\CGAIC\demo5\scripts\..\src\slots\..\..\..\demo4\src\features\traditional.py:247: FutureWarning: Parameter `min_size`
 is deprecated since version 0.26.0 and will be removed in 2.0.0 (or later). To avoid this warning, please use the para
meter `max_size` instead. For more details, see the documentation of `remove_small_objects`. Note that the new threshol
d removes objects smaller than **or equal to** its value, while the previous parameter only removed smaller ones.
  bw = morphology.remove_small_objects(bw.astype(bool), min_size=50)
D:\CGAIC\demo5\scripts\..\src\slots\..\..\..\demo4\src\features\traditional.py:247: FutureWarning: Parameter `min_size`
 is deprecated since version 0.26.0 and will be removed in 2.0.0 (or later). To avoid this warning, please use the para
meter `max_size` instead. For more details, see the documentation of `remove_small_objects`. Note that the new threshol
d removes objects smaller than **or equal to** its value, while the previous parameter only removed smaller ones.
  bw = morphology.remove_small_objects(bw.astype(bool), min_size=50)
D:\CGAIC\demo5\scripts\..\src\slots\..\..\..\demo4\src\features\traditional.py:247: FutureWarning: Parameter `min_size`
 is deprecated since version 0.26.0 and will be removed in 2.0.0 (or later). To avoid this warning, please use the para
meter `max_size` instead. For more details, see the documentation of `remove_small_objects`. Note that the new threshol
d removes objects smaller than **or equal to** its value, while the previous parameter only removed smaller ones.
  bw = morphology.remove_small_objects(bw.astype(bool), min_size=50)
D:\CGAIC\demo5\scripts\..\src\slots\..\..\..\demo4\src\features\traditional.py:247: FutureWarning: Parameter `min_size`
 is deprecated since version 0.26.0 and will be removed in 2.0.0 (or later). To avoid this warning, please use the para
meter `max_size` instead. For more details, see the documentation of `remove_small_objects`. Note that the new threshol
d removes objects smaller than **or equal to** its value, while the previous parameter only removed smaller ones.
  bw = morphology.remove_small_objects(bw.astype(bool), min_size=50)
D:\CGAIC\demo5\scripts\..\src\slots\..\..\..\demo4\src\features\traditional.py:247: FutureWarning: Parameter `min_size`
 is deprecated since version 0.26.0 and will be removed in 2.0.0 (or later). To avoid this warning, please use the para
meter `max_size` instead. For more details, see the documentation of `remove_small_objects`. Note that the new threshol
d removes objects smaller than **or equal to** its value, while the previous parameter only removed smaller ones.
  bw = morphology.remove_small_objects(bw.astype(bool), min_size=50)
D:\CGAIC\demo5\scripts\..\src\slots\..\..\..\demo4\src\features\traditional.py:247: FutureWarning: Parameter `min_size`
 is deprecated since version 0.26.0 and will be removed in 2.0.0 (or later). To avoid this warning, please use the para
meter `max_size` instead. For more details, see the documentation of `remove_small_objects`. Note that the new threshol
d removes objects smaller than **or equal to** its value, while the previous parameter only removed smaller ones.
  bw = morphology.remove_small_objects(bw.astype(bool), min_size=50)
D:\CGAIC\demo5\scripts\..\src\slots\..\..\..\demo4\src\features\traditional.py:247: FutureWarning: Parameter `min_size`
 is deprecated since version 0.26.0 and will be removed in 2.0.0 (or later). To avoid this warning, please use the para
meter `max_size` instead. For more details, see the documentation of `remove_small_objects`. Note that the new threshol
d removes objects smaller than **or equal to** its value, while the previous parameter only removed smaller ones.
  bw = morphology.remove_small_objects(bw.astype(bool), min_size=50)
D:\CGAIC\demo5\scripts\..\src\slots\..\..\..\demo4\src\features\traditional.py:247: FutureWarning: Parameter `min_size`
 is deprecated since version 0.26.0 and will be removed in 2.0.0 (or later). To avoid this warning, please use the para
meter `max_size` instead. For more details, see the documentation of `remove_small_objects`. Note that the new threshol
d removes objects smaller than **or equal to** its value, while the previous parameter only removed smaller ones.
  bw = morphology.remove_small_objects(bw.astype(bool), min_size=50)
D:\CGAIC\demo5\scripts\..\src\slots\..\..\..\demo4\src\features\traditional.py:247: FutureWarning: Parameter `min_size`
 is deprecated since version 0.26.0 and will be removed in 2.0.0 (or later). To avoid this warning, please use the para
meter `max_size` instead. For more details, see the documentation of `remove_small_objects`. Note that the new threshol
d removes objects smaller than **or equal to** its value, while the previous parameter only removed smaller ones.
  bw = morphology.remove_small_objects(bw.astype(bool), min_size=50)
D:\CGAIC\demo5\scripts\..\src\slots\..\..\..\demo4\src\features\traditional.py:247: FutureWarning: Parameter `min_size`
 is deprecated since version 0.26.0 and will be removed in 2.0.0 (or later). To avoid this warning, please use the para
meter `max_size` instead. For more details, see the documentation of `remove_small_objects`. Note that the new threshol
d removes objects smaller than **or equal to** its value, while the previous parameter only removed smaller ones.
  bw = morphology.remove_small_objects(bw.astype(bool), min_size=50)
D:\CGAIC\demo5\scripts\..\src\slots\..\..\..\demo4\src\features\traditional.py:247: FutureWarning: Parameter `min_size`
 is deprecated since version 0.26.0 and will be removed in 2.0.0 (or later). To avoid this warning, please use the para
meter `max_size` instead. For more details, see the documentation of `remove_small_objects`. Note that the new threshol
d removes objects smaller than **or equal to** its value, while the previous parameter only removed smaller ones.
  bw = morphology.remove_small_objects(bw.astype(bool), min_size=50)
D:\CGAIC\demo5\scripts\..\src\slots\..\..\..\demo4\src\features\traditional.py:247: FutureWarning: Parameter `min_size`
 is deprecated since version 0.26.0 and will be removed in 2.0.0 (or later). To avoid this warning, please use the para
meter `max_size` instead. For more details, see the documentation of `remove_small_objects`. Note that the new threshol
d removes objects smaller than **or equal to** its value, while the previous parameter only removed smaller ones.
  bw = morphology.remove_small_objects(bw.astype(bool), min_size=50)
D:\CGAIC\demo5\scripts\..\src\slots\..\..\..\demo4\src\features\traditional.py:247: FutureWarning: Parameter `min_size`
 is deprecated since version 0.26.0 and will be removed in 2.0.0 (or later). To avoid this warning, please use the para
meter `max_size` instead. For more details, see the documentation of `remove_small_objects`. Note that the new threshol
d removes objects smaller than **or equal to** its value, while the previous parameter only removed smaller ones.
  bw = morphology.remove_small_objects(bw.astype(bool), min_size=50)
D:\CGAIC\demo5\scripts\..\src\slots\..\..\..\demo4\src\features\traditional.py:247: FutureWarning: Parameter `min_size`
 is deprecated since version 0.26.0 and will be removed in 2.0.0 (or later). To avoid this warning, please use the para
meter `max_size` instead. For more details, see the documentation of `remove_small_objects`. Note that the new threshol
d removes objects smaller than **or equal to** its value, while the previous parameter only removed smaller ones.
  bw = morphology.remove_small_objects(bw.astype(bool), min_size=50)
D:\CGAIC\demo5\scripts\..\src\slots\..\..\..\demo4\src\features\traditional.py:247: FutureWarning: Parameter `min_size`
 is deprecated since version 0.26.0 and will be removed in 2.0.0 (or later). To avoid this warning, please use the para
meter `max_size` instead. For more details, see the documentation of `remove_small_objects`. Note that the new threshol
d removes objects smaller than **or equal to** its value, while the previous parameter only removed smaller ones.
  bw = morphology.remove_small_objects(bw.astype(bool), min_size=50)
D:\CGAIC\demo5\scripts\..\src\slots\..\..\..\demo4\src\features\traditional.py:247: FutureWarning: Parameter `min_size`
 is deprecated since version 0.26.0 and will be removed in 2.0.0 (or later). To avoid this warning, please use the para
meter `max_size` instead. For more details, see the documentation of `remove_small_objects`. Note that the new threshol
d removes objects smaller than **or equal to** its value, while the previous parameter only removed smaller ones.
  bw = morphology.remove_small_objects(bw.astype(bool), min_size=50)
D:\CGAIC\demo5\scripts\..\src\slots\..\..\..\demo4\src\features\traditional.py:247: FutureWarning: Parameter `min_size`
 is deprecated since version 0.26.0 and will be removed in 2.0.0 (or later). To avoid this warning, please use the para
meter `max_size` instead. For more details, see the documentation of `remove_small_objects`. Note that the new threshol
d removes objects smaller than **or equal to** its value, while the previous parameter only removed smaller ones.
  bw = morphology.remove_small_objects(bw.astype(bool), min_size=50)
[ssocl] U62 门控否决: 锚定集漂移 0.247 > tol，回滚虚高重估（冷却 10 反馈）
D:\CGAIC\demo5\scripts\..\src\slots\..\..\..\demo4\src\features\traditional.py:247: FutureWarning: Parameter `min_size`
 is deprecated since version 0.26.0 and will be removed in 2.0.0 (or later). To avoid this warning, please use the para
meter `max_size` instead. For more details, see the documentation of `remove_small_objects`. Note that the new threshol
d removes objects smaller than **or equal to** its value, while the previous parameter only removed smaller ones.
  bw = morphology.remove_small_objects(bw.astype(bool), min_size=50)
D:\CGAIC\demo5\scripts\..\src\slots\..\..\..\demo4\src\features\traditional.py:247: FutureWarning: Parameter `min_size`
 is deprecated since version 0.26.0 and will be removed in 2.0.0 (or later). To avoid this warning, please use the para
meter `max_size` instead. For more details, see the documentation of `remove_small_objects`. Note that the new threshol
d removes objects smaller than **or equal to** its value, while the previous parameter only removed smaller ones.
  bw = morphology.remove_small_objects(bw.astype(bool), min_size=50)
D:\CGAIC\demo5\scripts\..\src\slots\..\..\..\demo4\src\features\traditional.py:247: FutureWarning: Parameter `min_size`
 is deprecated since version 0.26.0 and will be removed in 2.0.0 (or later). To avoid this warning, please use the para
meter `max_size` instead. For more details, see the documentation of `remove_small_objects`. Note that the new threshol
d removes objects smaller than **or equal to** its value, while the previous parameter only removed smaller ones.
  bw = morphology.remove_small_objects(bw.astype(bool), min_size=50)
D:\CGAIC\demo5\scripts\..\src\slots\..\..\..\demo4\src\features\traditional.py:247: FutureWarning: Parameter `min_size`
 is deprecated since version 0.26.0 and will be removed in 2.0.0 (or later). To avoid this warning, please use the para
meter `max_size` instead. For more details, see the documentation of `remove_small_objects`. Note that the new threshol
d removes objects smaller than **or equal to** its value, while the previous parameter only removed smaller ones.
  bw = morphology.remove_small_objects(bw.astype(bool), min_size=50)
D:\CGAIC\demo5\scripts\..\src\slots\..\..\..\demo4\src\features\traditional.py:247: FutureWarning: Parameter `min_size`
 is deprecated since version 0.26.0 and will be removed in 2.0.0 (or later). To avoid this warning, please use the para
meter `max_size` instead. For more details, see the documentation of `remove_small_objects`. Note that the new threshol
d removes objects smaller than **or equal to** its value, while the previous parameter only removed smaller ones.
  bw = morphology.remove_small_objects(bw.astype(bool), min_size=50)
[ssocl] U62 虚高检测: 槽位 inp 正常反馈 8 条 虚高率 0.50 → CDF 重估（反馈正常原始分并入校准分布）
D:\CGAIC\demo5\scripts\..\src\slots\..\..\..\demo4\src\features\traditional.py:247: FutureWarning: Parameter `min_size`
 is deprecated since version 0.26.0 and will be removed in 2.0.0 (or later). To avoid this warning, please use the para
meter `max_size` instead. For more details, see the documentation of `remove_small_objects`. Note that the new threshol
d removes objects smaller than **or equal to** its value, while the previous parameter only removed smaller ones.
  bw = morphology.remove_small_objects(bw.astype(bool), min_size=50)
D:\CGAIC\demo5\scripts\..\src\slots\..\..\..\demo4\src\features\traditional.py:247: FutureWarning: Parameter `min_size`
 is deprecated since version 0.26.0 and will be removed in 2.0.0 (or later). To avoid this warning, please use the para
meter `max_size` instead. For more details, see the documentation of `remove_small_objects`. Note that the new threshol
d removes objects smaller than **or equal to** its value, while the previous parameter only removed smaller ones.
  bw = morphology.remove_small_objects(bw.astype(bool), min_size=50)
D:\CGAIC\demo5\scripts\..\src\slots\..\..\..\demo4\src\features\traditional.py:247: FutureWarning: Parameter `min_size`
 is deprecated since version 0.26.0 and will be removed in 2.0.0 (or later). To avoid this warning, please use the para
meter `max_size` instead. For more details, see the documentation of `remove_small_objects`. Note that the new threshol
d removes objects smaller than **or equal to** its value, while the previous parameter only removed smaller ones.
  bw = morphology.remove_small_objects(bw.astype(bool), min_size=50)
D:\CGAIC\demo5\scripts\..\src\slots\..\..\..\demo4\src\features\traditional.py:247: FutureWarning: Parameter `min_size`
 is deprecated since version 0.26.0 and will be removed in 2.0.0 (or later). To avoid this warning, please use the para
meter `max_size` instead. For more details, see the documentation of `remove_small_objects`. Note that the new threshol
d removes objects smaller than **or equal to** its value, while the previous parameter only removed smaller ones.
  bw = morphology.remove_small_objects(bw.astype(bool), min_size=50)
D:\CGAIC\demo5\scripts\..\src\slots\..\..\..\demo4\src\features\traditional.py:247: FutureWarning: Parameter `min_size`
 is deprecated since version 0.26.0 and will be removed in 2.0.0 (or later). To avoid this warning, please use the para
meter `max_size` instead. For more details, see the documentation of `remove_small_objects`. Note that the new threshol
d removes objects smaller than **or equal to** its value, while the previous parameter only removed smaller ones.
  bw = morphology.remove_small_objects(bw.astype(bool), min_size=50)
D:\CGAIC\demo5\scripts\..\src\slots\..\..\..\demo4\src\features\traditional.py:247: FutureWarning: Parameter `min_size`
 is deprecated since version 0.26.0 and will be removed in 2.0.0 (or later). To avoid this warning, please use the para
meter `max_size` instead. For more details, see the documentation of `remove_small_objects`. Note that the new threshol
d removes objects smaller than **or equal to** its value, while the previous parameter only removed smaller ones.
  bw = morphology.remove_small_objects(bw.astype(bool), min_size=50)
D:\CGAIC\demo5\scripts\..\src\slots\..\..\..\demo4\src\features\traditional.py:247: FutureWarning: Parameter `min_size`
 is deprecated since version 0.26.0 and will be removed in 2.0.0 (or later). To avoid this warning, please use the para
meter `max_size` instead. For more details, see the documentation of `remove_small_objects`. Note that the new threshol
d removes objects smaller than **or equal to** its value, while the previous parameter only removed smaller ones.
  bw = morphology.remove_small_objects(bw.astype(bool), min_size=50)
D:\CGAIC\demo5\scripts\..\src\slots\..\..\..\demo4\src\features\traditional.py:247: FutureWarning: Parameter `min_size`
 is deprecated since version 0.26.0 and will be removed in 2.0.0 (or later). To avoid this warning, please use the para
meter `max_size` instead. For more details, see the documentation of `remove_small_objects`. Note that the new threshol
d removes objects smaller than **or equal to** its value, while the previous parameter only removed smaller ones.
  bw = morphology.remove_small_objects(bw.astype(bool), min_size=50)
D:\CGAIC\demo5\scripts\..\src\slots\..\..\..\demo4\src\features\traditional.py:247: FutureWarning: Parameter `min_size`
 is deprecated since version 0.26.0 and will be removed in 2.0.0 (or later). To avoid this warning, please use the para
meter `max_size` instead. For more details, see the documentation of `remove_small_objects`. Note that the new threshol
d removes objects smaller than **or equal to** its value, while the previous parameter only removed smaller ones.
  bw = morphology.remove_small_objects(bw.astype(bool), min_size=50)
D:\CGAIC\demo5\scripts\..\src\slots\..\..\..\demo4\src\features\traditional.py:247: FutureWarning: Parameter `min_size`
 is deprecated since version 0.26.0 and will be removed in 2.0.0 (or later). To avoid this warning, please use the para
meter `max_size` instead. For more details, see the documentation of `remove_small_objects`. Note that the new threshol
d removes objects smaller than **or equal to** its value, while the previous parameter only removed smaller ones.
  bw = morphology.remove_small_objects(bw.astype(bool), min_size=50)
D:\CGAIC\demo5\scripts\..\src\slots\..\..\..\demo4\src\features\traditional.py:247: FutureWarning: Parameter `min_size`
 is deprecated since version 0.26.0 and will be removed in 2.0.0 (or later). To avoid this warning, please use the para
meter `max_size` instead. For more details, see the documentation of `remove_small_objects`. Note that the new threshol
d removes objects smaller than **or equal to** its value, while the previous parameter only removed smaller ones.
  bw = morphology.remove_small_objects(bw.astype(bool), min_size=50)
D:\CGAIC\demo5\scripts\..\src\slots\..\..\..\demo4\src\features\traditional.py:247: FutureWarning: Parameter `min_size`
 is deprecated since version 0.26.0 and will be removed in 2.0.0 (or later). To avoid this warning, please use the para
meter `max_size` instead. For more details, see the documentation of `remove_small_objects`. Note that the new threshol
d removes objects smaller than **or equal to** its value, while the previous parameter only removed smaller ones.
  bw = morphology.remove_small_objects(bw.astype(bool), min_size=50)
D:\CGAIC\demo5\scripts\..\src\slots\..\..\..\demo4\src\features\traditional.py:247: FutureWarning: Parameter `min_size`
 is deprecated since version 0.26.0 and will be removed in 2.0.0 (or later). To avoid this warning, please use the para
meter `max_size` instead. For more details, see the documentation of `remove_small_objects`. Note that the new threshol
d removes objects smaller than **or equal to** its value, while the previous parameter only removed smaller ones.
  bw = morphology.remove_small_objects(bw.astype(bool), min_size=50)
D:\CGAIC\demo5\scripts\..\src\slots\..\..\..\demo4\src\features\traditional.py:247: FutureWarning: Parameter `min_size`
 is deprecated since version 0.26.0 and will be removed in 2.0.0 (or later). To avoid this warning, please use the para
meter `max_size` instead. For more details, see the documentation of `remove_small_objects`. Note that the new threshol
d removes objects smaller than **or equal to** its value, while the previous parameter only removed smaller ones.
  bw = morphology.remove_small_objects(bw.astype(bool), min_size=50)
D:\CGAIC\demo5\scripts\..\src\slots\..\..\..\demo4\src\features\traditional.py:247: FutureWarning: Parameter `min_size`
 is deprecated since version 0.26.0 and will be removed in 2.0.0 (or later). To avoid this warning, please use the para
meter `max_size` instead. For more details, see the documentation of `remove_small_objects`. Note that the new threshol
d removes objects smaller than **or equal to** its value, while the previous parameter only removed smaller ones.
  bw = morphology.remove_small_objects(bw.astype(bool), min_size=50)
D:\CGAIC\demo5\scripts\..\src\slots\..\..\..\demo4\src\features\traditional.py:247: FutureWarning: Parameter `min_size`
 is deprecated since version 0.26.0 and will be removed in 2.0.0 (or later). To avoid this warning, please use the para
meter `max_size` instead. For more details, see the documentation of `remove_small_objects`. Note that the new threshol
d removes objects smaller than **or equal to** its value, while the previous parameter only removed smaller ones.
  bw = morphology.remove_small_objects(bw.astype(bool), min_size=50)
D:\CGAIC\demo5\scripts\..\src\slots\..\..\..\demo4\src\features\traditional.py:247: FutureWarning: Parameter `min_size`
 is deprecated since version 0.26.0 and will be removed in 2.0.0 (or later). To avoid this warning, please use the para
meter `max_size` instead. For more details, see the documentation of `remove_small_objects`. Note that the new threshol
d removes objects smaller than **or equal to** its value, while the previous parameter only removed smaller ones.
  bw = morphology.remove_small_objects(bw.astype(bool), min_size=50)
D:\CGAIC\demo5\scripts\..\src\slots\..\..\..\demo4\src\features\traditional.py:247: FutureWarning: Parameter `min_size`
 is deprecated since version 0.26.0 and will be removed in 2.0.0 (or later). To avoid this warning, please use the para
meter `max_size` instead. For more details, see the documentation of `remove_small_objects`. Note that the new threshol
d removes objects smaller than **or equal to** its value, while the previous parameter only removed smaller ones.
  bw = morphology.remove_small_objects(bw.astype(bool), min_size=50)
D:\CGAIC\demo5\scripts\..\src\slots\..\..\..\demo4\src\features\traditional.py:247: FutureWarning: Parameter `min_size`
 is deprecated since version 0.26.0 and will be removed in 2.0.0 (or later). To avoid this warning, please use the para
meter `max_size` instead. For more details, see the documentation of `remove_small_objects`. Note that the new threshol
d removes objects smaller than **or equal to** its value, while the previous parameter only removed smaller ones.
  bw = morphology.remove_small_objects(bw.astype(bool), min_size=50)
D:\CGAIC\demo5\scripts\..\src\slots\..\..\..\demo4\src\features\traditional.py:247: FutureWarning: Parameter `min_size`
 is deprecated since version 0.26.0 and will be removed in 2.0.0 (or later). To avoid this warning, please use the para
meter `max_size` instead. For more details, see the documentation of `remove_small_objects`. Note that the new threshol
d removes objects smaller than **or equal to** its value, while the previous parameter only removed smaller ones.
  bw = morphology.remove_small_objects(bw.astype(bool), min_size=50)
[ssocl] U62 门控否决: 锚定集漂移 0.260 > tol，回滚虚高重估（冷却 10 反馈）
D:\CGAIC\demo5\scripts\..\src\slots\..\..\..\demo4\src\features\traditional.py:247: FutureWarning: Parameter `min_size`
 is deprecated since version 0.26.0 and will be removed in 2.0.0 (or later). To avoid this warning, please use the para
meter `max_size` instead. For more details, see the documentation of `remove_small_objects`. Note that the new threshol
d removes objects smaller than **or equal to** its value, while the previous parameter only removed smaller ones.
  bw = morphology.remove_small_objects(bw.astype(bool), min_size=50)
D:\CGAIC\demo5\scripts\..\src\slots\..\..\..\demo4\src\features\traditional.py:247: FutureWarning: Parameter `min_size`
 is deprecated since version 0.26.0 and will be removed in 2.0.0 (or later). To avoid this warning, please use the para
meter `max_size` instead. For more details, see the documentation of `remove_small_objects`. Note that the new threshol
d removes objects smaller than **or equal to** its value, while the previous parameter only removed smaller ones.
  bw = morphology.remove_small_objects(bw.astype(bool), min_size=50)
D:\CGAIC\demo5\scripts\..\src\slots\..\..\..\demo4\src\features\traditional.py:247: FutureWarning: Parameter `min_size`
 is deprecated since version 0.26.0 and will be removed in 2.0.0 (or later). To avoid this warning, please use the para
meter `max_size` instead. For more details, see the documentation of `remove_small_objects`. Note that the new threshol
d removes objects smaller than **or equal to** its value, while the previous parameter only removed smaller ones.
  bw = morphology.remove_small_objects(bw.astype(bool), min_size=50)
D:\CGAIC\demo5\scripts\..\src\slots\..\..\..\demo4\src\features\traditional.py:247: FutureWarning: Parameter `min_size`
 is deprecated since version 0.26.0 and will be removed in 2.0.0 (or later). To avoid this warning, please use the para
meter `max_size` instead. For more details, see the documentation of `remove_small_objects`. Note that the new threshol
d removes objects smaller than **or equal to** its value, while the previous parameter only removed smaller ones.
  bw = morphology.remove_small_objects(bw.astype(bool), min_size=50)
D:\CGAIC\demo5\scripts\..\src\slots\..\..\..\demo4\src\features\traditional.py:247: FutureWarning: Parameter `min_size`
 is deprecated since version 0.26.0 and will be removed in 2.0.0 (or later). To avoid this warning, please use the para
meter `max_size` instead. For more details, see the documentation of `remove_small_objects`. Note that the new threshol
d removes objects smaller than **or equal to** its value, while the previous parameter only removed smaller ones.
  bw = morphology.remove_small_objects(bw.astype(bool), min_size=50)
D:\CGAIC\demo5\scripts\..\src\slots\..\..\..\demo4\src\features\traditional.py:247: FutureWarning: Parameter `min_size`
 is deprecated since version 0.26.0 and will be removed in 2.0.0 (or later). To avoid this warning, please use the para
meter `max_size` instead. For more details, see the documentation of `remove_small_objects`. Note that the new threshol
d removes objects smaller than **or equal to** its value, while the previous parameter only removed smaller ones.
  bw = morphology.remove_small_objects(bw.astype(bool), min_size=50)
D:\CGAIC\demo5\scripts\..\src\slots\..\..\..\demo4\src\features\traditional.py:247: FutureWarning: Parameter `min_size`
 is deprecated since version 0.26.0 and will be removed in 2.0.0 (or later). To avoid this warning, please use the para
meter `max_size` instead. For more details, see the documentation of `remove_small_objects`. Note that the new threshol
d removes objects smaller than **or equal to** its value, while the previous parameter only removed smaller ones.
  bw = morphology.remove_small_objects(bw.astype(bool), min_size=50)
D:\CGAIC\demo5\scripts\..\src\slots\..\..\..\demo4\src\features\traditional.py:247: FutureWarning: Parameter `min_size`
 is deprecated since version 0.26.0 and will be removed in 2.0.0 (or later). To avoid this warning, please use the para
meter `max_size` instead. For more details, see the documentation of `remove_small_objects`. Note that the new threshol
d removes objects smaller than **or equal to** its value, while the previous parameter only removed smaller ones.
  bw = morphology.remove_small_objects(bw.astype(bool), min_size=50)
[ssocl] U62 虚高检测: 槽位 sem 正常反馈 10 条 虚高率 0.60 → CDF 重估（反馈正常原始分并入校准分布）
D:\CGAIC\demo5\scripts\..\src\slots\..\..\..\demo4\src\features\traditional.py:247: FutureWarning: Parameter `min_size`
 is deprecated since version 0.26.0 and will be removed in 2.0.0 (or later). To avoid this warning, please use the para
meter `max_size` instead. For more details, see the documentation of `remove_small_objects`. Note that the new threshol
d removes objects smaller than **or equal to** its value, while the previous parameter only removed smaller ones.
  bw = morphology.remove_small_objects(bw.astype(bool), min_size=50)
D:\CGAIC\demo5\scripts\..\src\slots\..\..\..\demo4\src\features\traditional.py:247: FutureWarning: Parameter `min_size`
 is deprecated since version 0.26.0 and will be removed in 2.0.0 (or later). To avoid this warning, please use the para
meter `max_size` instead. For more details, see the documentation of `remove_small_objects`. Note that the new threshol
d removes objects smaller than **or equal to** its value, while the previous parameter only removed smaller ones.
  bw = morphology.remove_small_objects(bw.astype(bool), min_size=50)
D:\CGAIC\demo5\scripts\..\src\slots\..\..\..\demo4\src\features\traditional.py:247: FutureWarning: Parameter `min_size`
 is deprecated since version 0.26.0 and will be removed in 2.0.0 (or later). To avoid this warning, please use the para
meter `max_size` instead. For more details, see the documentation of `remove_small_objects`. Note that the new threshol
d removes objects smaller than **or equal to** its value, while the previous parameter only removed smaller ones.
  bw = morphology.remove_small_objects(bw.astype(bool), min_size=50)
D:\CGAIC\demo5\scripts\..\src\slots\..\..\..\demo4\src\features\traditional.py:247: FutureWarning: Parameter `min_size`
 is deprecated since version 0.26.0 and will be removed in 2.0.0 (or later). To avoid this warning, please use the para
meter `max_size` instead. For more details, see the documentation of `remove_small_objects`. Note that the new threshol
d removes objects smaller than **or equal to** its value, while the previous parameter only removed smaller ones.
  bw = morphology.remove_small_objects(bw.astype(bool), min_size=50)
D:\CGAIC\demo5\scripts\..\src\slots\..\..\..\demo4\src\features\traditional.py:247: FutureWarning: Parameter `min_size`
 is deprecated since version 0.26.0 and will be removed in 2.0.0 (or later). To avoid this warning, please use the para
meter `max_size` instead. For more details, see the documentation of `remove_small_objects`. Note that the new threshol
d removes objects smaller than **or equal to** its value, while the previous parameter only removed smaller ones.
  bw = morphology.remove_small_objects(bw.astype(bool), min_size=50)
D:\CGAIC\demo5\scripts\..\src\slots\..\..\..\demo4\src\features\traditional.py:247: FutureWarning: Parameter `min_size`
 is deprecated since version 0.26.0 and will be removed in 2.0.0 (or later). To avoid this warning, please use the para
meter `max_size` instead. For more details, see the documentation of `remove_small_objects`. Note that the new threshol
d removes objects smaller than **or equal to** its value, while the previous parameter only removed smaller ones.
  bw = morphology.remove_small_objects(bw.astype(bool), min_size=50)
D:\CGAIC\demo5\scripts\..\src\slots\..\..\..\demo4\src\features\traditional.py:247: FutureWarning: Parameter `min_size`
 is deprecated since version 0.26.0 and will be removed in 2.0.0 (or later). To avoid this warning, please use the para
meter `max_size` instead. For more details, see the documentation of `remove_small_objects`. Note that the new threshol
d removes objects smaller than **or equal to** its value, while the previous parameter only removed smaller ones.
  bw = morphology.remove_small_objects(bw.astype(bool), min_size=50)
D:\CGAIC\demo5\scripts\..\src\slots\..\..\..\demo4\src\features\traditional.py:247: FutureWarning: Parameter `min_size`
 is deprecated since version 0.26.0 and will be removed in 2.0.0 (or later). To avoid this warning, please use the para
meter `max_size` instead. For more details, see the documentation of `remove_small_objects`. Note that the new threshol
d removes objects smaller than **or equal to** its value, while the previous parameter only removed smaller ones.
  bw = morphology.remove_small_objects(bw.astype(bool), min_size=50)
D:\CGAIC\demo5\scripts\..\src\slots\..\..\..\demo4\src\features\traditional.py:247: FutureWarning: Parameter `min_size`
 is deprecated since version 0.26.0 and will be removed in 2.0.0 (or later). To avoid this warning, please use the para
meter `max_size` instead. For more details, see the documentation of `remove_small_objects`. Note that the new threshol
d removes objects smaller than **or equal to** its value, while the previous parameter only removed smaller ones.
  bw = morphology.remove_small_objects(bw.astype(bool), min_size=50)
D:\CGAIC\demo5\scripts\..\src\slots\..\..\..\demo4\src\features\traditional.py:247: FutureWarning: Parameter `min_size`
 is deprecated since version 0.26.0 and will be removed in 2.0.0 (or later). To avoid this warning, please use the para
meter `max_size` instead. For more details, see the documentation of `remove_small_objects`. Note that the new threshol
d removes objects smaller than **or equal to** its value, while the previous parameter only removed smaller ones.
  bw = morphology.remove_small_objects(bw.astype(bool), min_size=50)
D:\CGAIC\demo5\scripts\..\src\slots\..\..\..\demo4\src\features\traditional.py:247: FutureWarning: Parameter `min_size`
 is deprecated since version 0.26.0 and will be removed in 2.0.0 (or later). To avoid this warning, please use the para
meter `max_size` instead. For more details, see the documentation of `remove_small_objects`. Note that the new threshol
d removes objects smaller than **or equal to** its value, while the previous parameter only removed smaller ones.
  bw = morphology.remove_small_objects(bw.astype(bool), min_size=50)
D:\CGAIC\demo5\scripts\..\src\slots\..\..\..\demo4\src\features\traditional.py:247: FutureWarning: Parameter `min_size`
 is deprecated since version 0.26.0 and will be removed in 2.0.0 (or later). To avoid this warning, please use the para
meter `max_size` instead. For more details, see the documentation of `remove_small_objects`. Note that the new threshol
d removes objects smaller than **or equal to** its value, while the previous parameter only removed smaller ones.
  bw = morphology.remove_small_objects(bw.astype(bool), min_size=50)
D:\CGAIC\demo5\scripts\..\src\slots\..\..\..\demo4\src\features\traditional.py:247: FutureWarning: Parameter `min_size`
 is deprecated since version 0.26.0 and will be removed in 2.0.0 (or later). To avoid this warning, please use the para
meter `max_size` instead. For more details, see the documentation of `remove_small_objects`. Note that the new threshol
d removes objects smaller than **or equal to** its value, while the previous parameter only removed smaller ones.
  bw = morphology.remove_small_objects(bw.astype(bool), min_size=50)
D:\CGAIC\demo5\scripts\..\src\slots\..\..\..\demo4\src\features\traditional.py:247: FutureWarning: Parameter `min_size`
 is deprecated since version 0.26.0 and will be removed in 2.0.0 (or later). To avoid this warning, please use the para
meter `max_size` instead. For more details, see the documentation of `remove_small_objects`. Note that the new threshol
d removes objects smaller than **or equal to** its value, while the previous parameter only removed smaller ones.
  bw = morphology.remove_small_objects(bw.astype(bool), min_size=50)
D:\CGAIC\demo5\scripts\..\src\slots\..\..\..\demo4\src\features\traditional.py:247: FutureWarning: Parameter `min_size`
 is deprecated since version 0.26.0 and will be removed in 2.0.0 (or later). To avoid this warning, please use the para
meter `max_size` instead. For more details, see the documentation of `remove_small_objects`. Note that the new threshol
d removes objects smaller than **or equal to** its value, while the previous parameter only removed smaller ones.
  bw = morphology.remove_small_objects(bw.astype(bool), min_size=50)
D:\CGAIC\demo5\scripts\..\src\slots\..\..\..\demo4\src\features\traditional.py:247: FutureWarning: Parameter `min_size`
 is deprecated since version 0.26.0 and will be removed in 2.0.0 (or later). To avoid this warning, please use the para
meter `max_size` instead. For more details, see the documentation of `remove_small_objects`. Note that the new threshol
d removes objects smaller than **or equal to** its value, while the previous parameter only removed smaller ones.
  bw = morphology.remove_small_objects(bw.astype(bool), min_size=50)
D:\CGAIC\demo5\scripts\..\src\slots\..\..\..\demo4\src\features\traditional.py:247: FutureWarning: Parameter `min_size`
 is deprecated since version 0.26.0 and will be removed in 2.0.0 (or later). To avoid this warning, please use the para
meter `max_size` instead. For more details, see the documentation of `remove_small_objects`. Note that the new threshol
d removes objects smaller than **or equal to** its value, while the previous parameter only removed smaller ones.
  bw = morphology.remove_small_objects(bw.astype(bool), min_size=50)
D:\CGAIC\demo5\scripts\..\src\slots\..\..\..\demo4\src\features\traditional.py:247: FutureWarning: Parameter `min_size`
 is deprecated since version 0.26.0 and will be removed in 2.0.0 (or later). To avoid this warning, please use the para
meter `max_size` instead. For more details, see the documentation of `remove_small_objects`. Note that the new threshol
d removes objects smaller than **or equal to** its value, while the previous parameter only removed smaller ones.
  bw = morphology.remove_small_objects(bw.astype(bool), min_size=50)
D:\CGAIC\demo5\scripts\..\src\slots\..\..\..\demo4\src\features\traditional.py:247: FutureWarning: Parameter `min_size`
 is deprecated since version 0.26.0 and will be removed in 2.0.0 (or later). To avoid this warning, please use the para
meter `max_size` instead. For more details, see the documentation of `remove_small_objects`. Note that the new threshol
d removes objects smaller than **or equal to** its value, while the previous parameter only removed smaller ones.
  bw = morphology.remove_small_objects(bw.astype(bool), min_size=50)
D:\CGAIC\demo5\scripts\..\src\slots\..\..\..\demo4\src\features\traditional.py:247: FutureWarning: Parameter `min_size`
 is deprecated since version 0.26.0 and will be removed in 2.0.0 (or later). To avoid this warning, please use the para
meter `max_size` instead. For more details, see the documentation of `remove_small_objects`. Note that the new threshol
d removes objects smaller than **or equal to** its value, while the previous parameter only removed smaller ones.
  bw = morphology.remove_small_objects(bw.astype(bool), min_size=50)
[ssocl] U62 门控否决: 锚定集漂移 0.282 > tol，回滚虚高重估（冷却 10 反馈）
D:\CGAIC\demo5\scripts\..\src\slots\..\..\..\demo4\src\features\traditional.py:247: FutureWarning: Parameter `min_size`
 is deprecated since version 0.26.0 and will be removed in 2.0.0 (or later). To avoid this warning, please use the para
meter `max_size` instead. For more details, see the documentation of `remove_small_objects`. Note that the new threshol
d removes objects smaller than **or equal to** its value, while the previous parameter only removed smaller ones.
  bw = morphology.remove_small_objects(bw.astype(bool), min_size=50)
D:\CGAIC\demo5\scripts\..\src\slots\..\..\..\demo4\src\features\traditional.py:247: FutureWarning: Parameter `min_size`
 is deprecated since version 0.26.0 and will be removed in 2.0.0 (or later). To avoid this warning, please use the para
meter `max_size` instead. For more details, see the documentation of `remove_small_objects`. Note that the new threshol
d removes objects smaller than **or equal to** its value, while the previous parameter only removed smaller ones.
  bw = morphology.remove_small_objects(bw.astype(bool), min_size=50)
D:\CGAIC\demo5\scripts\..\src\slots\..\..\..\demo4\src\features\traditional.py:247: FutureWarning: Parameter `min_size`
 is deprecated since version 0.26.0 and will be removed in 2.0.0 (or later). To avoid this warning, please use the para
meter `max_size` instead. For more details, see the documentation of `remove_small_objects`. Note that the new threshol
d removes objects smaller than **or equal to** its value, while the previous parameter only removed smaller ones.
  bw = morphology.remove_small_objects(bw.astype(bool), min_size=50)
D:\CGAIC\demo5\scripts\..\src\slots\..\..\..\demo4\src\features\traditional.py:247: FutureWarning: Parameter `min_size`
 is deprecated since version 0.26.0 and will be removed in 2.0.0 (or later). To avoid this warning, please use the para
meter `max_size` instead. For more details, see the documentation of `remove_small_objects`. Note that the new threshol
d removes objects smaller than **or equal to** its value, while the previous parameter only removed smaller ones.
  bw = morphology.remove_small_objects(bw.astype(bool), min_size=50)
D:\CGAIC\demo5\scripts\..\src\slots\..\..\..\demo4\src\features\traditional.py:247: FutureWarning: Parameter `min_size`
 is deprecated since version 0.26.0 and will be removed in 2.0.0 (or later). To avoid this warning, please use the para
meter `max_size` instead. For more details, see the documentation of `remove_small_objects`. Note that the new threshol
d removes objects smaller than **or equal to** its value, while the previous parameter only removed smaller ones.
  bw = morphology.remove_small_objects(bw.astype(bool), min_size=50)
D:\CGAIC\demo5\scripts\..\src\slots\..\..\..\demo4\src\features\traditional.py:247: FutureWarning: Parameter `min_size`
 is deprecated since version 0.26.0 and will be removed in 2.0.0 (or later). To avoid this warning, please use the para
meter `max_size` instead. For more details, see the documentation of `remove_small_objects`. Note that the new threshol
d removes objects smaller than **or equal to** its value, while the previous parameter only removed smaller ones.
  bw = morphology.remove_small_objects(bw.astype(bool), min_size=50)
D:\CGAIC\demo5\scripts\..\src\slots\..\..\..\demo4\src\features\traditional.py:247: FutureWarning: Parameter `min_size`
 is deprecated since version 0.26.0 and will be removed in 2.0.0 (or later). To avoid this warning, please use the para
meter `max_size` instead. For more details, see the documentation of `remove_small_objects`. Note that the new threshol
d removes objects smaller than **or equal to** its value, while the previous parameter only removed smaller ones.
  bw = morphology.remove_small_objects(bw.astype(bool), min_size=50)
D:\CGAIC\demo5\scripts\..\src\slots\..\..\..\demo4\src\features\traditional.py:247: FutureWarning: Parameter `min_size`
 is deprecated since version 0.26.0 and will be removed in 2.0.0 (or later). To avoid this warning, please use the para
meter `max_size` instead. For more details, see the documentation of `remove_small_objects`. Note that the new threshol
d removes objects smaller than **or equal to** its value, while the previous parameter only removed smaller ones.
  bw = morphology.remove_small_objects(bw.astype(bool), min_size=50)
D:\CGAIC\demo5\scripts\..\src\slots\..\..\..\demo4\src\features\traditional.py:247: FutureWarning: Parameter `min_size`
 is deprecated since version 0.26.0 and will be removed in 2.0.0 (or later). To avoid this warning, please use the para
meter `max_size` instead. For more details, see the documentation of `remove_small_objects`. Note that the new threshol
d removes objects smaller than **or equal to** its value, while the previous parameter only removed smaller ones.
  bw = morphology.remove_small_objects(bw.astype(bool), min_size=50)
D:\CGAIC\demo5\scripts\..\src\slots\..\..\..\demo4\src\features\traditional.py:247: FutureWarning: Parameter `min_size`
 is deprecated since version 0.26.0 and will be removed in 2.0.0 (or later). To avoid this warning, please use the para
meter `max_size` instead. For more details, see the documentation of `remove_small_objects`. Note that the new threshol
d removes objects smaller than **or equal to** its value, while the previous parameter only removed smaller ones.
  bw = morphology.remove_small_objects(bw.astype(bool), min_size=50)
D:\CGAIC\demo5\scripts\..\src\slots\..\..\..\demo4\src\features\traditional.py:247: FutureWarning: Parameter `min_size`
 is deprecated since version 0.26.0 and will be removed in 2.0.0 (or later). To avoid this warning, please use the para
meter `max_size` instead. For more details, see the documentation of `remove_small_objects`. Note that the new threshol
d removes objects smaller than **or equal to** its value, while the previous parameter only removed smaller ones.
  bw = morphology.remove_small_objects(bw.astype(bool), min_size=50)
D:\CGAIC\demo5\scripts\..\src\slots\..\..\..\demo4\src\features\traditional.py:247: FutureWarning: Parameter `min_size`
 is deprecated since version 0.26.0 and will be removed in 2.0.0 (or later). To avoid this warning, please use the para
meter `max_size` instead. For more details, see the documentation of `remove_small_objects`. Note that the new threshol
d removes objects smaller than **or equal to** its value, while the previous parameter only removed smaller ones.
  bw = morphology.remove_small_objects(bw.astype(bool), min_size=50)
D:\CGAIC\demo5\scripts\..\src\slots\..\..\..\demo4\src\features\traditional.py:247: FutureWarning: Parameter `min_size`
 is deprecated since version 0.26.0 and will be removed in 2.0.0 (or later). To avoid this warning, please use the para
meter `max_size` instead. For more details, see the documentation of `remove_small_objects`. Note that the new threshol
d removes objects smaller than **or equal to** its value, while the previous parameter only removed smaller ones.
  bw = morphology.remove_small_objects(bw.astype(bool), min_size=50)
D:\CGAIC\demo5\scripts\..\src\slots\..\..\..\demo4\src\features\traditional.py:247: FutureWarning: Parameter `min_size`
 is deprecated since version 0.26.0 and will be removed in 2.0.0 (or later). To avoid this warning, please use the para
meter `max_size` instead. For more details, see the documentation of `remove_small_objects`. Note that the new threshol
d removes objects smaller than **or equal to** its value, while the previous parameter only removed smaller ones.
  bw = morphology.remove_small_objects(bw.astype(bool), min_size=50)
D:\CGAIC\demo5\scripts\..\src\slots\..\..\..\demo4\src\features\traditional.py:247: FutureWarning: Parameter `min_size`
 is deprecated since version 0.26.0 and will be removed in 2.0.0 (or later). To avoid this warning, please use the para
meter `max_size` instead. For more details, see the documentation of `remove_small_objects`. Note that the new threshol
d removes objects smaller than **or equal to** its value, while the previous parameter only removed smaller ones.
  bw = morphology.remove_small_objects(bw.astype(bool), min_size=50)
D:\CGAIC\demo5\scripts\..\src\slots\..\..\..\demo4\src\features\traditional.py:247: FutureWarning: Parameter `min_size`
 is deprecated since version 0.26.0 and will be removed in 2.0.0 (or later). To avoid this warning, please use the para
meter `max_size` instead. For more details, see the documentation of `remove_small_objects`. Note that the new threshol
d removes objects smaller than **or equal to** its value, while the previous parameter only removed smaller ones.
  bw = morphology.remove_small_objects(bw.astype(bool), min_size=50)
D:\CGAIC\demo5\scripts\..\src\slots\..\..\..\demo4\src\features\traditional.py:247: FutureWarning: Parameter `min_size`
 is deprecated since version 0.26.0 and will be removed in 2.0.0 (or later). To avoid this warning, please use the para
meter `max_size` instead. For more details, see the documentation of `remove_small_objects`. Note that the new threshol
d removes objects smaller than **or equal to** its value, while the previous parameter only removed smaller ones.
  bw = morphology.remove_small_objects(bw.astype(bool), min_size=50)
D:\CGAIC\demo5\scripts\..\src\slots\..\..\..\demo4\src\features\traditional.py:247: FutureWarning: Parameter `min_size`
 is deprecated since version 0.26.0 and will be removed in 2.0.0 (or later). To avoid this warning, please use the para
meter `max_size` instead. For more details, see the documentation of `remove_small_objects`. Note that the new threshol
d removes objects smaller than **or equal to** its value, while the previous parameter only removed smaller ones.
  bw = morphology.remove_small_objects(bw.astype(bool), min_size=50)
D:\CGAIC\demo5\scripts\..\src\slots\..\..\..\demo4\src\features\traditional.py:247: FutureWarning: Parameter `min_size`
 is deprecated since version 0.26.0 and will be removed in 2.0.0 (or later). To avoid this warning, please use the para
meter `max_size` instead. For more details, see the documentation of `remove_small_objects`. Note that the new threshol
d removes objects smaller than **or equal to** its value, while the previous parameter only removed smaller ones.
  bw = morphology.remove_small_objects(bw.astype(bool), min_size=50)
D:\CGAIC\demo5\scripts\..\src\slots\..\..\..\demo4\src\features\traditional.py:247: FutureWarning: Parameter `min_size`
 is deprecated since version 0.26.0 and will be removed in 2.0.0 (or later). To avoid this warning, please use the para
meter `max_size` instead. For more details, see the documentation of `remove_small_objects`. Note that the new threshol
d removes objects smaller than **or equal to** its value, while the previous parameter only removed smaller ones.
  bw = morphology.remove_small_objects(bw.astype(bool), min_size=50)
D:\CGAIC\demo5\scripts\..\src\slots\..\..\..\demo4\src\features\traditional.py:247: FutureWarning: Parameter `min_size`
 is deprecated since version 0.26.0 and will be removed in 2.0.0 (or later). To avoid this warning, please use the para
meter `max_size` instead. For more details, see the documentation of `remove_small_objects`. Note that the new threshol
d removes objects smaller than **or equal to** its value, while the previous parameter only removed smaller ones.
  bw = morphology.remove_small_objects(bw.astype(bool), min_size=50)
D:\CGAIC\demo5\scripts\..\src\slots\..\..\..\demo4\src\features\traditional.py:247: FutureWarning: Parameter `min_size`
 is deprecated since version 0.26.0 and will be removed in 2.0.0 (or later). To avoid this warning, please use the para
meter `max_size` instead. For more details, see the documentation of `remove_small_objects`. Note that the new threshol
d removes objects smaller than **or equal to** its value, while the previous parameter only removed smaller ones.
  bw = morphology.remove_small_objects(bw.astype(bool), min_size=50)
D:\CGAIC\demo5\scripts\..\src\slots\..\..\..\demo4\src\features\traditional.py:247: FutureWarning: Parameter `min_size`
 is deprecated since version 0.26.0 and will be removed in 2.0.0 (or later). To avoid this warning, please use the para
meter `max_size` instead. For more details, see the documentation of `remove_small_objects`. Note that the new threshol
d removes objects smaller than **or equal to** its value, while the previous parameter only removed smaller ones.
  bw = morphology.remove_small_objects(bw.astype(bool), min_size=50)
D:\CGAIC\demo5\scripts\..\src\slots\..\..\..\demo4\src\features\traditional.py:247: FutureWarning: Parameter `min_size`
 is deprecated since version 0.26.0 and will be removed in 2.0.0 (or later). To avoid this warning, please use the para
meter `max_size` instead. For more details, see the documentation of `remove_small_objects`. Note that the new threshol
d removes objects smaller than **or equal to** its value, while the previous parameter only removed smaller ones.
  bw = morphology.remove_small_objects(bw.astype(bool), min_size=50)
D:\CGAIC\demo5\scripts\..\src\slots\..\..\..\demo4\src\features\traditional.py:247: FutureWarning: Parameter `min_size`
 is deprecated since version 0.26.0 and will be removed in 2.0.0 (or later). To avoid this warning, please use the para
meter `max_size` instead. For more details, see the documentation of `remove_small_objects`. Note that the new threshol
d removes objects smaller than **or equal to** its value, while the previous parameter only removed smaller ones.
  bw = morphology.remove_small_objects(bw.astype(bool), min_size=50)
D:\CGAIC\demo5\scripts\..\src\slots\..\..\..\demo4\src\features\traditional.py:247: FutureWarning: Parameter `min_size`
 is deprecated since version 0.26.0 and will be removed in 2.0.0 (or later). To avoid this warning, please use the para
meter `max_size` instead. For more details, see the documentation of `remove_small_objects`. Note that the new threshol
d removes objects smaller than **or equal to** its value, while the previous parameter only removed smaller ones.
  bw = morphology.remove_small_objects(bw.astype(bool), min_size=50)
D:\CGAIC\demo5\scripts\..\src\slots\..\..\..\demo4\src\features\traditional.py:247: FutureWarning: Parameter `min_size`
 is deprecated since version 0.26.0 and will be removed in 2.0.0 (or later). To avoid this warning, please use the para
meter `max_size` instead. For more details, see the documentation of `remove_small_objects`. Note that the new threshol
d removes objects smaller than **or equal to** its value, while the previous parameter only removed smaller ones.
  bw = morphology.remove_small_objects(bw.astype(bool), min_size=50)
D:\CGAIC\demo5\scripts\..\src\slots\..\..\..\demo4\src\features\traditional.py:247: FutureWarning: Parameter `min_size`
 is deprecated since version 0.26.0 and will be removed in 2.0.0 (or later). To avoid this warning, please use the para
meter `max_size` instead. For more details, see the documentation of `remove_small_objects`. Note that the new threshol
d removes objects smaller than **or equal to** its value, while the previous parameter only removed smaller ones.
  bw = morphology.remove_small_objects(bw.astype(bool), min_size=50)
D:\CGAIC\demo5\scripts\..\src\slots\..\..\..\demo4\src\features\traditional.py:247: FutureWarning: Parameter `min_size`
 is deprecated since version 0.26.0 and will be removed in 2.0.0 (or later). To avoid this warning, please use the para
meter `max_size` instead. For more details, see the documentation of `remove_small_objects`. Note that the new threshol
d removes objects smaller than **or equal to** its value, while the previous parameter only removed smaller ones.
  bw = morphology.remove_small_objects(bw.astype(bool), min_size=50)
D:\CGAIC\demo5\scripts\..\src\slots\..\..\..\demo4\src\features\traditional.py:247: FutureWarning: Parameter `min_size`
 is deprecated since version 0.26.0 and will be removed in 2.0.0 (or later). To avoid this warning, please use the para
meter `max_size` instead. For more details, see the documentation of `remove_small_objects`. Note that the new threshol
d removes objects smaller than **or equal to** its value, while the previous parameter only removed smaller ones.
  bw = morphology.remove_small_objects(bw.astype(bool), min_size=50)
D:\CGAIC\demo5\scripts\..\src\slots\..\..\..\demo4\src\features\traditional.py:247: FutureWarning: Parameter `min_size`
 is deprecated since version 0.26.0 and will be removed in 2.0.0 (or later). To avoid this warning, please use the para
meter `max_size` instead. For more details, see the documentation of `remove_small_objects`. Note that the new threshol
d removes objects smaller than **or equal to** its value, while the previous parameter only removed smaller ones.
  bw = morphology.remove_small_objects(bw.astype(bool), min_size=50)
D:\CGAIC\demo5\scripts\..\src\slots\..\..\..\demo4\src\features\traditional.py:247: FutureWarning: Parameter `min_size`
 is deprecated since version 0.26.0 and will be removed in 2.0.0 (or later). To avoid this warning, please use the para
meter `max_size` instead. For more details, see the documentation of `remove_small_objects`. Note that the new threshol
d removes objects smaller than **or equal to** its value, while the previous parameter only removed smaller ones.
  bw = morphology.remove_small_objects(bw.astype(bool), min_size=50)
D:\CGAIC\demo5\scripts\..\src\slots\..\..\..\demo4\src\features\traditional.py:247: FutureWarning: Parameter `min_size`
 is deprecated since version 0.26.0 and will be removed in 2.0.0 (or later). To avoid this warning, please use the para
meter `max_size` instead. For more details, see the documentation of `remove_small_objects`. Note that the new threshol
d removes objects smaller than **or equal to** its value, while the previous parameter only removed smaller ones.
  bw = morphology.remove_small_objects(bw.astype(bool), min_size=50)
D:\CGAIC\demo5\scripts\..\src\slots\..\..\..\demo4\src\features\traditional.py:247: FutureWarning: Parameter `min_size`
 is deprecated since version 0.26.0 and will be removed in 2.0.0 (or later). To avoid this warning, please use the para
meter `max_size` instead. For more details, see the documentation of `remove_small_objects`. Note that the new threshol
d removes objects smaller than **or equal to** its value, while the previous parameter only removed smaller ones.
  bw = morphology.remove_small_objects(bw.astype(bool), min_size=50)
D:\CGAIC\demo5\scripts\..\src\slots\..\..\..\demo4\src\features\traditional.py:247: FutureWarning: Parameter `min_size`
 is deprecated since version 0.26.0 and will be removed in 2.0.0 (or later). To avoid this warning, please use the para
meter `max_size` instead. For more details, see the documentation of `remove_small_objects`. Note that the new threshol
d removes objects smaller than **or equal to** its value, while the previous parameter only removed smaller ones.
  bw = morphology.remove_small_objects(bw.astype(bool), min_size=50)
D:\CGAIC\demo5\scripts\..\src\slots\..\..\..\demo4\src\features\traditional.py:247: FutureWarning: Parameter `min_size`
 is deprecated since version 0.26.0 and will be removed in 2.0.0 (or later). To avoid this warning, please use the para
meter `max_size` instead. For more details, see the documentation of `remove_small_objects`. Note that the new threshol
d removes objects smaller than **or equal to** its value, while the previous parameter only removed smaller ones.
  bw = morphology.remove_small_objects(bw.astype(bool), min_size=50)
D:\CGAIC\demo5\scripts\..\src\slots\..\..\..\demo4\src\features\traditional.py:247: FutureWarning: Parameter `min_size`
 is deprecated since version 0.26.0 and will be removed in 2.0.0 (or later). To avoid this warning, please use the para
meter `max_size` instead. For more details, see the documentation of `remove_small_objects`. Note that the new threshol
d removes objects smaller than **or equal to** its value, while the previous parameter only removed smaller ones.
  bw = morphology.remove_small_objects(bw.astype(bool), min_size=50)
D:\CGAIC\demo5\scripts\..\src\slots\..\..\..\demo4\src\features\traditional.py:247: FutureWarning: Parameter `min_size`
 is deprecated since version 0.26.0 and will be removed in 2.0.0 (or later). To avoid this warning, please use the para
meter `max_size` instead. For more details, see the documentation of `remove_small_objects`. Note that the new threshol
d removes objects smaller than **or equal to** its value, while the previous parameter only removed smaller ones.
  bw = morphology.remove_small_objects(bw.astype(bool), min_size=50)
D:\CGAIC\demo5\scripts\..\src\slots\..\..\..\demo4\src\features\traditional.py:247: FutureWarning: Parameter `min_size`
 is deprecated since version 0.26.0 and will be removed in 2.0.0 (or later). To avoid this warning, please use the para
meter `max_size` instead. For more details, see the documentation of `remove_small_objects`. Note that the new threshol
d removes objects smaller than **or equal to** its value, while the previous parameter only removed smaller ones.
  bw = morphology.remove_small_objects(bw.astype(bool), min_size=50)
D:\CGAIC\demo5\scripts\..\src\slots\..\..\..\demo4\src\features\traditional.py:247: FutureWarning: Parameter `min_size`
 is deprecated since version 0.26.0 and will be removed in 2.0.0 (or later). To avoid this warning, please use the para
meter `max_size` instead. For more details, see the documentation of `remove_small_objects`. Note that the new threshol
d removes objects smaller than **or equal to** its value, while the previous parameter only removed smaller ones.
  bw = morphology.remove_small_objects(bw.astype(bool), min_size=50)
D:\CGAIC\demo5\scripts\..\src\slots\..\..\..\demo4\src\features\traditional.py:247: FutureWarning: Parameter `min_size`
 is deprecated since version 0.26.0 and will be removed in 2.0.0 (or later). To avoid this warning, please use the para
meter `max_size` instead. For more details, see the documentation of `remove_small_objects`. Note that the new threshol
d removes objects smaller than **or equal to** its value, while the previous parameter only removed smaller ones.
  bw = morphology.remove_small_objects(bw.astype(bool), min_size=50)
D:\CGAIC\demo5\scripts\..\src\slots\..\..\..\demo4\src\features\traditional.py:247: FutureWarning: Parameter `min_size`
 is deprecated since version 0.26.0 and will be removed in 2.0.0 (or later). To avoid this warning, please use the para
meter `max_size` instead. For more details, see the documentation of `remove_small_objects`. Note that the new threshol
d removes objects smaller than **or equal to** its value, while the previous parameter only removed smaller ones.
  bw = morphology.remove_small_objects(bw.astype(bool), min_size=50)
D:\CGAIC\demo5\scripts\..\src\slots\..\..\..\demo4\src\features\traditional.py:247: FutureWarning: Parameter `min_size`
 is deprecated since version 0.26.0 and will be removed in 2.0.0 (or later). To avoid this warning, please use the para
meter `max_size` instead. For more details, see the documentation of `remove_small_objects`. Note that the new threshol
d removes objects smaller than **or equal to** its value, while the previous parameter only removed smaller ones.
  bw = morphology.remove_small_objects(bw.astype(bool), min_size=50)
D:\CGAIC\demo5\scripts\..\src\slots\..\..\..\demo4\src\features\traditional.py:247: FutureWarning: Parameter `min_size`
 is deprecated since version 0.26.0 and will be removed in 2.0.0 (or later). To avoid this warning, please use the para
meter `max_size` instead. For more details, see the documentation of `remove_small_objects`. Note that the new threshol
d removes objects smaller than **or equal to** its value, while the previous parameter only removed smaller ones.
  bw = morphology.remove_small_objects(bw.astype(bool), min_size=50)
D:\CGAIC\demo5\scripts\..\src\slots\..\..\..\demo4\src\features\traditional.py:247: FutureWarning: Parameter `min_size`
 is deprecated since version 0.26.0 and will be removed in 2.0.0 (or later). To avoid this warning, please use the para
meter `max_size` instead. For more details, see the documentation of `remove_small_objects`. Note that the new threshol
d removes objects smaller than **or equal to** its value, while the previous parameter only removed smaller ones.
  bw = morphology.remove_small_objects(bw.astype(bool), min_size=50)
D:\CGAIC\demo5\scripts\..\src\slots\..\..\..\demo4\src\features\traditional.py:247: FutureWarning: Parameter `min_size`
 is deprecated since version 0.26.0 and will be removed in 2.0.0 (or later). To avoid this warning, please use the para
meter `max_size` instead. For more details, see the documentation of `remove_small_objects`. Note that the new threshol
d removes objects smaller than **or equal to** its value, while the previous parameter only removed smaller ones.
  bw = morphology.remove_small_objects(bw.astype(bool), min_size=50)
D:\CGAIC\demo5\scripts\..\src\slots\..\..\..\demo4\src\features\traditional.py:247: FutureWarning: Parameter `min_size`
 is deprecated since version 0.26.0 and will be removed in 2.0.0 (or later). To avoid this warning, please use the para
meter `max_size` instead. For more details, see the documentation of `remove_small_objects`. Note that the new threshol
d removes objects smaller than **or equal to** its value, while the previous parameter only removed smaller ones.
  bw = morphology.remove_small_objects(bw.astype(bool), min_size=50)
D:\CGAIC\demo5\scripts\..\src\slots\..\..\..\demo4\src\features\traditional.py:247: FutureWarning: Parameter `min_size`
 is deprecated since version 0.26.0 and will be removed in 2.0.0 (or later). To avoid this warning, please use the para
meter `max_size` instead. For more details, see the documentation of `remove_small_objects`. Note that the new threshol
d removes objects smaller than **or equal to** its value, while the previous parameter only removed smaller ones.
  bw = morphology.remove_small_objects(bw.astype(bool), min_size=50)
D:\CGAIC\demo5\scripts\..\src\slots\..\..\..\demo4\src\features\traditional.py:247: FutureWarning: Parameter `min_size`
 is deprecated since version 0.26.0 and will be removed in 2.0.0 (or later). To avoid this warning, please use the para
meter `max_size` instead. For more details, see the documentation of `remove_small_objects`. Note that the new threshol
d removes objects smaller than **or equal to** its value, while the previous parameter only removed smaller ones.
  bw = morphology.remove_small_objects(bw.astype(bool), min_size=50)
D:\CGAIC\demo5\scripts\..\src\slots\..\..\..\demo4\src\features\traditional.py:247: FutureWarning: Parameter `min_size`
 is deprecated since version 0.26.0 and will be removed in 2.0.0 (or later). To avoid this warning, please use the para
meter `max_size` instead. For more details, see the documentation of `remove_small_objects`. Note that the new threshol
d removes objects smaller than **or equal to** its value, while the previous parameter only removed smaller ones.
  bw = morphology.remove_small_objects(bw.astype(bool), min_size=50)
D:\CGAIC\demo5\scripts\..\src\slots\..\..\..\demo4\src\features\traditional.py:247: FutureWarning: Parameter `min_size`
 is deprecated since version 0.26.0 and will be removed in 2.0.0 (or later). To avoid this warning, please use the para
meter `max_size` instead. For more details, see the documentation of `remove_small_objects`. Note that the new threshol
d removes objects smaller than **or equal to** its value, while the previous parameter only removed smaller ones.
  bw = morphology.remove_small_objects(bw.astype(bool), min_size=50)
D:\CGAIC\demo5\scripts\..\src\slots\..\..\..\demo4\src\features\traditional.py:247: FutureWarning: Parameter `min_size`
 is deprecated since version 0.26.0 and will be removed in 2.0.0 (or later). To avoid this warning, please use the para
meter `max_size` instead. For more details, see the documentation of `remove_small_objects`. Note that the new threshol
d removes objects smaller than **or equal to** its value, while the previous parameter only removed smaller ones.
  bw = morphology.remove_small_objects(bw.astype(bool), min_size=50)
D:\CGAIC\demo5\scripts\..\src\slots\..\..\..\demo4\src\features\traditional.py:247: FutureWarning: Parameter `min_size`
 is deprecated since version 0.26.0 and will be removed in 2.0.0 (or later). To avoid this warning, please use the para
meter `max_size` instead. For more details, see the documentation of `remove_small_objects`. Note that the new threshol
d removes objects smaller than **or equal to** its value, while the previous parameter only removed smaller ones.
  bw = morphology.remove_small_objects(bw.astype(bool), min_size=50)
D:\CGAIC\demo5\scripts\..\src\slots\..\..\..\demo4\src\features\traditional.py:247: FutureWarning: Parameter `min_size`
 is deprecated since version 0.26.0 and will be removed in 2.0.0 (or later). To avoid this warning, please use the para
meter `max_size` instead. For more details, see the documentation of `remove_small_objects`. Note that the new threshol
d removes objects smaller than **or equal to** its value, while the previous parameter only removed smaller ones.
  bw = morphology.remove_small_objects(bw.astype(bool), min_size=50)
D:\CGAIC\demo5\scripts\..\src\slots\..\..\..\demo4\src\features\traditional.py:247: FutureWarning: Parameter `min_size`
 is deprecated since version 0.26.0 and will be removed in 2.0.0 (or later). To avoid this warning, please use the para
meter `max_size` instead. For more details, see the documentation of `remove_small_objects`. Note that the new threshol
d removes objects smaller than **or equal to** its value, while the previous parameter only removed smaller ones.
  bw = morphology.remove_small_objects(bw.astype(bool), min_size=50)
D:\CGAIC\demo5\scripts\..\src\slots\..\..\..\demo4\src\features\traditional.py:247: FutureWarning: Parameter `min_size`
 is deprecated since version 0.26.0 and will be removed in 2.0.0 (or later). To avoid this warning, please use the para
meter `max_size` instead. For more details, see the documentation of `remove_small_objects`. Note that the new threshol
d removes objects smaller than **or equal to** its value, while the previous parameter only removed smaller ones.
  bw = morphology.remove_small_objects(bw.astype(bool), min_size=50)
D:\CGAIC\demo5\scripts\..\src\slots\..\..\..\demo4\src\features\traditional.py:247: FutureWarning: Parameter `min_size`
 is deprecated since version 0.26.0 and will be removed in 2.0.0 (or later). To avoid this warning, please use the para
meter `max_size` instead. For more details, see the documentation of `remove_small_objects`. Note that the new threshol
d removes objects smaller than **or equal to** its value, while the previous parameter only removed smaller ones.
  bw = morphology.remove_small_objects(bw.astype(bool), min_size=50)
D:\CGAIC\demo5\scripts\..\src\slots\..\..\..\demo4\src\features\traditional.py:247: FutureWarning: Parameter `min_size`
 is deprecated since version 0.26.0 and will be removed in 2.0.0 (or later). To avoid this warning, please use the para
meter `max_size` instead. For more details, see the documentation of `remove_small_objects`. Note that the new threshol
d removes objects smaller than **or equal to** its value, while the previous parameter only removed smaller ones.
  bw = morphology.remove_small_objects(bw.astype(bool), min_size=50)
D:\CGAIC\demo5\scripts\..\src\slots\..\..\..\demo4\src\features\traditional.py:247: FutureWarning: Parameter `min_size`
 is deprecated since version 0.26.0 and will be removed in 2.0.0 (or later). To avoid this warning, please use the para
meter `max_size` instead. For more details, see the documentation of `remove_small_objects`. Note that the new threshol
d removes objects smaller than **or equal to** its value, while the previous parameter only removed smaller ones.
  bw = morphology.remove_small_objects(bw.astype(bool), min_size=50)
D:\CGAIC\demo5\scripts\..\src\slots\..\..\..\demo4\src\features\traditional.py:247: FutureWarning: Parameter `min_size`
 is deprecated since version 0.26.0 and will be removed in 2.0.0 (or later). To avoid this warning, please use the para
meter `max_size` instead. For more details, see the documentation of `remove_small_objects`. Note that the new threshol
d removes objects smaller than **or equal to** its value, while the previous parameter only removed smaller ones.
  bw = morphology.remove_small_objects(bw.astype(bool), min_size=50)
D:\CGAIC\demo5\scripts\..\src\slots\..\..\..\demo4\src\features\traditional.py:247: FutureWarning: Parameter `min_size`
 is deprecated since version 0.26.0 and will be removed in 2.0.0 (or later). To avoid this warning, please use the para
meter `max_size` instead. For more details, see the documentation of `remove_small_objects`. Note that the new threshol
d removes objects smaller than **or equal to** its value, while the previous parameter only removed smaller ones.
  bw = morphology.remove_small_objects(bw.astype(bool), min_size=50)
D:\CGAIC\demo5\scripts\..\src\slots\..\..\..\demo4\src\features\traditional.py:247: FutureWarning: Parameter `min_size`
 is deprecated since version 0.26.0 and will be removed in 2.0.0 (or later). To avoid this warning, please use the para
meter `max_size` instead. For more details, see the documentation of `remove_small_objects`. Note that the new threshol
d removes objects smaller than **or equal to** its value, while the previous parameter only removed smaller ones.
  bw = morphology.remove_small_objects(bw.astype(bool), min_size=50)
D:\CGAIC\demo5\scripts\..\src\slots\..\..\..\demo4\src\features\traditional.py:247: FutureWarning: Parameter `min_size`
 is deprecated since version 0.26.0 and will be removed in 2.0.0 (or later). To avoid this warning, please use the para
meter `max_size` instead. For more details, see the documentation of `remove_small_objects`. Note that the new threshol
d removes objects smaller than **or equal to** its value, while the previous parameter only removed smaller ones.
  bw = morphology.remove_small_objects(bw.astype(bool), min_size=50)
D:\CGAIC\demo5\scripts\..\src\slots\..\..\..\demo4\src\features\traditional.py:247: FutureWarning: Parameter `min_size`
 is deprecated since version 0.26.0 and will be removed in 2.0.0 (or later). To avoid this warning, please use the para
meter `max_size` instead. For more details, see the documentation of `remove_small_objects`. Note that the new threshol
d removes objects smaller than **or equal to** its value, while the previous parameter only removed smaller ones.
  bw = morphology.remove_small_objects(bw.astype(bool), min_size=50)
  [lc] 反馈=20 锚定集AUROC=0.9577 F1=0.9302
D:\CGAIC\demo5\scripts\..\src\slots\..\..\..\demo4\src\features\traditional.py:247: FutureWarning: Parameter `min_size`
 is deprecated since version 0.26.0 and will be removed in 2.0.0 (or later). To avoid this warning, please use the para
meter `max_size` instead. For more details, see the documentation of `remove_small_objects`. Note that the new threshol
d removes objects smaller than **or equal to** its value, while the previous parameter only removed smaller ones.
  bw = morphology.remove_small_objects(bw.astype(bool), min_size=50)
D:\CGAIC\demo5\scripts\..\src\slots\..\..\..\demo4\src\features\traditional.py:247: FutureWarning: Parameter `min_size`
 is deprecated since version 0.26.0 and will be removed in 2.0.0 (or later). To avoid this warning, please use the para
meter `max_size` instead. For more details, see the documentation of `remove_small_objects`. Note that the new threshol
d removes objects smaller than **or equal to** its value, while the previous parameter only removed smaller ones.
  bw = morphology.remove_small_objects(bw.astype(bool), min_size=50)
D:\CGAIC\demo5\scripts\..\src\slots\..\..\..\demo4\src\features\traditional.py:247: FutureWarning: Parameter `min_size`
 is deprecated since version 0.26.0 and will be removed in 2.0.0 (or later). To avoid this warning, please use the para
meter `max_size` instead. For more details, see the documentation of `remove_small_objects`. Note that the new threshol
d removes objects smaller than **or equal to** its value, while the previous parameter only removed smaller ones.
  bw = morphology.remove_small_objects(bw.astype(bool), min_size=50)
D:\CGAIC\demo5\scripts\..\src\slots\..\..\..\demo4\src\features\traditional.py:247: FutureWarning: Parameter `min_size`
 is deprecated since version 0.26.0 and will be removed in 2.0.0 (or later). To avoid this warning, please use the para
meter `max_size` instead. For more details, see the documentation of `remove_small_objects`. Note that the new threshol
d removes objects smaller than **or equal to** its value, while the previous parameter only removed smaller ones.
  bw = morphology.remove_small_objects(bw.astype(bool), min_size=50)
D:\CGAIC\demo5\scripts\..\src\slots\..\..\..\demo4\src\features\traditional.py:247: FutureWarning: Parameter `min_size`
 is deprecated since version 0.26.0 and will be removed in 2.0.0 (or later). To avoid this warning, please use the para
meter `max_size` instead. For more details, see the documentation of `remove_small_objects`. Note that the new threshol
d removes objects smaller than **or equal to** its value, while the previous parameter only removed smaller ones.
  bw = morphology.remove_small_objects(bw.astype(bool), min_size=50)
D:\CGAIC\demo5\scripts\..\src\slots\..\..\..\demo4\src\features\traditional.py:247: FutureWarning: Parameter `min_size`
 is deprecated since version 0.26.0 and will be removed in 2.0.0 (or later). To avoid this warning, please use the para
meter `max_size` instead. For more details, see the documentation of `remove_small_objects`. Note that the new threshol
d removes objects smaller than **or equal to** its value, while the previous parameter only removed smaller ones.
  bw = morphology.remove_small_objects(bw.astype(bool), min_size=50)
D:\CGAIC\demo5\scripts\..\src\slots\..\..\..\demo4\src\features\traditional.py:247: FutureWarning: Parameter `min_size`
 is deprecated since version 0.26.0 and will be removed in 2.0.0 (or later). To avoid this warning, please use the para
meter `max_size` instead. For more details, see the documentation of `remove_small_objects`. Note that the new threshol
d removes objects smaller than **or equal to** its value, while the previous parameter only removed smaller ones.
  bw = morphology.remove_small_objects(bw.astype(bool), min_size=50)
[ssocl] U62 虚高检测: 槽位 layout 正常反馈 12 条 虚高率 0.58 → CDF 重估（反馈正常原始分并入校准分布）
D:\CGAIC\demo5\scripts\..\src\slots\..\..\..\demo4\src\features\traditional.py:247: FutureWarning: Parameter `min_size`
 is deprecated since version 0.26.0 and will be removed in 2.0.0 (or later). To avoid this warning, please use the para
meter `max_size` instead. For more details, see the documentation of `remove_small_objects`. Note that the new threshol
d removes objects smaller than **or equal to** its value, while the previous parameter only removed smaller ones.
  bw = morphology.remove_small_objects(bw.astype(bool), min_size=50)
D:\CGAIC\demo5\scripts\..\src\slots\..\..\..\demo4\src\features\traditional.py:247: FutureWarning: Parameter `min_size`
 is deprecated since version 0.26.0 and will be removed in 2.0.0 (or later). To avoid this warning, please use the para
meter `max_size` instead. For more details, see the documentation of `remove_small_objects`. Note that the new threshol
d removes objects smaller than **or equal to** its value, while the previous parameter only removed smaller ones.
  bw = morphology.remove_small_objects(bw.astype(bool), min_size=50)
D:\CGAIC\demo5\scripts\..\src\slots\..\..\..\demo4\src\features\traditional.py:247: FutureWarning: Parameter `min_size`
 is deprecated since version 0.26.0 and will be removed in 2.0.0 (or later). To avoid this warning, please use the para
meter `max_size` instead. For more details, see the documentation of `remove_small_objects`. Note that the new threshol
d removes objects smaller than **or equal to** its value, while the previous parameter only removed smaller ones.
  bw = morphology.remove_small_objects(bw.astype(bool), min_size=50)
D:\CGAIC\demo5\scripts\..\src\slots\..\..\..\demo4\src\features\traditional.py:247: FutureWarning: Parameter `min_size`
 is deprecated since version 0.26.0 and will be removed in 2.0.0 (or later). To avoid this warning, please use the para
meter `max_size` instead. For more details, see the documentation of `remove_small_objects`. Note that the new threshol
d removes objects smaller than **or equal to** its value, while the previous parameter only removed smaller ones.
  bw = morphology.remove_small_objects(bw.astype(bool), min_size=50)
D:\CGAIC\demo5\scripts\..\src\slots\..\..\..\demo4\src\features\traditional.py:247: FutureWarning: Parameter `min_size`
 is deprecated since version 0.26.0 and will be removed in 2.0.0 (or later). To avoid this warning, please use the para
meter `max_size` instead. For more details, see the documentation of `remove_small_objects`. Note that the new threshol
d removes objects smaller than **or equal to** its value, while the previous parameter only removed smaller ones.
  bw = morphology.remove_small_objects(bw.astype(bool), min_size=50)
D:\CGAIC\demo5\scripts\..\src\slots\..\..\..\demo4\src\features\traditional.py:247: FutureWarning: Parameter `min_size`
 is deprecated since version 0.26.0 and will be removed in 2.0.0 (or later). To avoid this warning, please use the para
meter `max_size` instead. For more details, see the documentation of `remove_small_objects`. Note that the new threshol
d removes objects smaller than **or equal to** its value, while the previous parameter only removed smaller ones.
  bw = morphology.remove_small_objects(bw.astype(bool), min_size=50)
D:\CGAIC\demo5\scripts\..\src\slots\..\..\..\demo4\src\features\traditional.py:247: FutureWarning: Parameter `min_size`
 is deprecated since version 0.26.0 and will be removed in 2.0.0 (or later). To avoid this warning, please use the para
meter `max_size` instead. For more details, see the documentation of `remove_small_objects`. Note that the new threshol
d removes objects smaller than **or equal to** its value, while the previous parameter only removed smaller ones.
  bw = morphology.remove_small_objects(bw.astype(bool), min_size=50)
D:\CGAIC\demo5\scripts\..\src\slots\..\..\..\demo4\src\features\traditional.py:247: FutureWarning: Parameter `min_size`
 is deprecated since version 0.26.0 and will be removed in 2.0.0 (or later). To avoid this warning, please use the para
meter `max_size` instead. For more details, see the documentation of `remove_small_objects`. Note that the new threshol
d removes objects smaller than **or equal to** its value, while the previous parameter only removed smaller ones.
  bw = morphology.remove_small_objects(bw.astype(bool), min_size=50)
D:\CGAIC\demo5\scripts\..\src\slots\..\..\..\demo4\src\features\traditional.py:247: FutureWarning: Parameter `min_size`
 is deprecated since version 0.26.0 and will be removed in 2.0.0 (or later). To avoid this warning, please use the para
meter `max_size` instead. For more details, see the documentation of `remove_small_objects`. Note that the new threshol
d removes objects smaller than **or equal to** its value, while the previous parameter only removed smaller ones.
  bw = morphology.remove_small_objects(bw.astype(bool), min_size=50)
D:\CGAIC\demo5\scripts\..\src\slots\..\..\..\demo4\src\features\traditional.py:247: FutureWarning: Parameter `min_size`
 is deprecated since version 0.26.0 and will be removed in 2.0.0 (or later). To avoid this warning, please use the para
meter `max_size` instead. For more details, see the documentation of `remove_small_objects`. Note that the new threshol
d removes objects smaller than **or equal to** its value, while the previous parameter only removed smaller ones.
  bw = morphology.remove_small_objects(bw.astype(bool), min_size=50)
D:\CGAIC\demo5\scripts\..\src\slots\..\..\..\demo4\src\features\traditional.py:247: FutureWarning: Parameter `min_size`
 is deprecated since version 0.26.0 and will be removed in 2.0.0 (or later). To avoid this warning, please use the para
meter `max_size` instead. For more details, see the documentation of `remove_small_objects`. Note that the new threshol
d removes objects smaller than **or equal to** its value, while the previous parameter only removed smaller ones.
  bw = morphology.remove_small_objects(bw.astype(bool), min_size=50)
D:\CGAIC\demo5\scripts\..\src\slots\..\..\..\demo4\src\features\traditional.py:247: FutureWarning: Parameter `min_size`
 is deprecated since version 0.26.0 and will be removed in 2.0.0 (or later). To avoid this warning, please use the para
meter `max_size` instead. For more details, see the documentation of `remove_small_objects`. Note that the new threshol
d removes objects smaller than **or equal to** its value, while the previous parameter only removed smaller ones.
  bw = morphology.remove_small_objects(bw.astype(bool), min_size=50)
D:\CGAIC\demo5\scripts\..\src\slots\..\..\..\demo4\src\features\traditional.py:247: FutureWarning: Parameter `min_size`
 is deprecated since version 0.26.0 and will be removed in 2.0.0 (or later). To avoid this warning, please use the para
meter `max_size` instead. For more details, see the documentation of `remove_small_objects`. Note that the new threshol
d removes objects smaller than **or equal to** its value, while the previous parameter only removed smaller ones.
  bw = morphology.remove_small_objects(bw.astype(bool), min_size=50)
D:\CGAIC\demo5\scripts\..\src\slots\..\..\..\demo4\src\features\traditional.py:247: FutureWarning: Parameter `min_size`
 is deprecated since version 0.26.0 and will be removed in 2.0.0 (or later). To avoid this warning, please use the para
meter `max_size` instead. For more details, see the documentation of `remove_small_objects`. Note that the new threshol
d removes objects smaller than **or equal to** its value, while the previous parameter only removed smaller ones.
  bw = morphology.remove_small_objects(bw.astype(bool), min_size=50)
D:\CGAIC\demo5\scripts\..\src\slots\..\..\..\demo4\src\features\traditional.py:247: FutureWarning: Parameter `min_size`
 is deprecated since version 0.26.0 and will be removed in 2.0.0 (or later). To avoid this warning, please use the para
meter `max_size` instead. For more details, see the documentation of `remove_small_objects`. Note that the new threshol
d removes objects smaller than **or equal to** its value, while the previous parameter only removed smaller ones.
  bw = morphology.remove_small_objects(bw.astype(bool), min_size=50)
D:\CGAIC\demo5\scripts\..\src\slots\..\..\..\demo4\src\features\traditional.py:247: FutureWarning: Parameter `min_size`
 is deprecated since version 0.26.0 and will be removed in 2.0.0 (or later). To avoid this warning, please use the para
meter `max_size` instead. For more details, see the documentation of `remove_small_objects`. Note that the new threshol
d removes objects smaller than **or equal to** its value, while the previous parameter only removed smaller ones.
  bw = morphology.remove_small_objects(bw.astype(bool), min_size=50)
D:\CGAIC\demo5\scripts\..\src\slots\..\..\..\demo4\src\features\traditional.py:247: FutureWarning: Parameter `min_size`
 is deprecated since version 0.26.0 and will be removed in 2.0.0 (or later). To avoid this warning, please use the para
meter `max_size` instead. For more details, see the documentation of `remove_small_objects`. Note that the new threshol
d removes objects smaller than **or equal to** its value, while the previous parameter only removed smaller ones.
  bw = morphology.remove_small_objects(bw.astype(bool), min_size=50)
D:\CGAIC\demo5\scripts\..\src\slots\..\..\..\demo4\src\features\traditional.py:247: FutureWarning: Parameter `min_size`
 is deprecated since version 0.26.0 and will be removed in 2.0.0 (or later). To avoid this warning, please use the para
meter `max_size` instead. For more details, see the documentation of `remove_small_objects`. Note that the new threshol
d removes objects smaller than **or equal to** its value, while the previous parameter only removed smaller ones.
  bw = morphology.remove_small_objects(bw.astype(bool), min_size=50)
D:\CGAIC\demo5\scripts\..\src\slots\..\..\..\demo4\src\features\traditional.py:247: FutureWarning: Parameter `min_size`
 is deprecated since version 0.26.0 and will be removed in 2.0.0 (or later). To avoid this warning, please use the para
meter `max_size` instead. For more details, see the documentation of `remove_small_objects`. Note that the new threshol
d removes objects smaller than **or equal to** its value, while the previous parameter only removed smaller ones.
  bw = morphology.remove_small_objects(bw.astype(bool), min_size=50)
D:\CGAIC\demo5\scripts\..\src\slots\..\..\..\demo4\src\features\traditional.py:247: FutureWarning: Parameter `min_size`
 is deprecated since version 0.26.0 and will be removed in 2.0.0 (or later). To avoid this warning, please use the para
meter `max_size` instead. For more details, see the documentation of `remove_small_objects`. Note that the new threshol
d removes objects smaller than **or equal to** its value, while the previous parameter only removed smaller ones.
  bw = morphology.remove_small_objects(bw.astype(bool), min_size=50)
[ssocl] U62 门控否决: 锚定集漂移 0.262 > tol，回滚虚高重估（冷却 10 反馈）
D:\CGAIC\demo5\scripts\..\src\slots\..\..\..\demo4\src\features\traditional.py:247: FutureWarning: Parameter `min_size`
 is deprecated since version 0.26.0 and will be removed in 2.0.0 (or later). To avoid this warning, please use the para
meter `max_size` instead. For more details, see the documentation of `remove_small_objects`. Note that the new threshol
d removes objects smaller than **or equal to** its value, while the previous parameter only removed smaller ones.
  bw = morphology.remove_small_objects(bw.astype(bool), min_size=50)
D:\CGAIC\demo5\scripts\..\src\slots\..\..\..\demo4\src\features\traditional.py:247: FutureWarning: Parameter `min_size`
 is deprecated since version 0.26.0 and will be removed in 2.0.0 (or later). To avoid this warning, please use the para
meter `max_size` instead. For more details, see the documentation of `remove_small_objects`. Note that the new threshol
d removes objects smaller than **or equal to** its value, while the previous parameter only removed smaller ones.
  bw = morphology.remove_small_objects(bw.astype(bool), min_size=50)
D:\CGAIC\demo5\scripts\..\src\slots\..\..\..\demo4\src\features\traditional.py:247: FutureWarning: Parameter `min_size`
 is deprecated since version 0.26.0 and will be removed in 2.0.0 (or later). To avoid this warning, please use the para
meter `max_size` instead. For more details, see the documentation of `remove_small_objects`. Note that the new threshol
d removes objects smaller than **or equal to** its value, while the previous parameter only removed smaller ones.
  bw = morphology.remove_small_objects(bw.astype(bool), min_size=50)
D:\CGAIC\demo5\scripts\..\src\slots\..\..\..\demo4\src\features\traditional.py:247: FutureWarning: Parameter `min_size`
 is deprecated since version 0.26.0 and will be removed in 2.0.0 (or later). To avoid this warning, please use the para
meter `max_size` instead. For more details, see the documentation of `remove_small_objects`. Note that the new threshol
d removes objects smaller than **or equal to** its value, while the previous parameter only removed smaller ones.
  bw = morphology.remove_small_objects(bw.astype(bool), min_size=50)
[ssocl] U62 虚高检测: 槽位 disc 正常反馈 13 条 虚高率 0.77 → CDF 重估（反馈正常原始分并入校准分布）
[ssocl] U62 虚高检测: 槽位 trad 正常反馈 13 条 虚高率 1.00 → CDF 重估（反馈正常原始分并入校准分布）
D:\CGAIC\demo5\scripts\..\src\slots\..\..\..\demo4\src\features\traditional.py:247: FutureWarning: Parameter `min_size`
 is deprecated since version 0.26.0 and will be removed in 2.0.0 (or later). To avoid this warning, please use the para
meter `max_size` instead. For more details, see the documentation of `remove_small_objects`. Note that the new threshol
d removes objects smaller than **or equal to** its value, while the previous parameter only removed smaller ones.
  bw = morphology.remove_small_objects(bw.astype(bool), min_size=50)
D:\CGAIC\demo5\scripts\..\src\slots\..\..\..\demo4\src\features\traditional.py:247: FutureWarning: Parameter `min_size`
 is deprecated since version 0.26.0 and will be removed in 2.0.0 (or later). To avoid this warning, please use the para
meter `max_size` instead. For more details, see the documentation of `remove_small_objects`. Note that the new threshol
d removes objects smaller than **or equal to** its value, while the previous parameter only removed smaller ones.
  bw = morphology.remove_small_objects(bw.astype(bool), min_size=50)
D:\CGAIC\demo5\scripts\..\src\slots\..\..\..\demo4\src\features\traditional.py:247: FutureWarning: Parameter `min_size`
 is deprecated since version 0.26.0 and will be removed in 2.0.0 (or later). To avoid this warning, please use the para
meter `max_size` instead. For more details, see the documentation of `remove_small_objects`. Note that the new threshol
d removes objects smaller than **or equal to** its value, while the previous parameter only removed smaller ones.
  bw = morphology.remove_small_objects(bw.astype(bool), min_size=50)
D:\CGAIC\demo5\scripts\..\src\slots\..\..\..\demo4\src\features\traditional.py:247: FutureWarning: Parameter `min_size`
 is deprecated since version 0.26.0 and will be removed in 2.0.0 (or later). To avoid this warning, please use the para
meter `max_size` instead. For more details, see the documentation of `remove_small_objects`. Note that the new threshol
d removes objects smaller than **or equal to** its value, while the previous parameter only removed smaller ones.
  bw = morphology.remove_small_objects(bw.astype(bool), min_size=50)
D:\CGAIC\demo5\scripts\..\src\slots\..\..\..\demo4\src\features\traditional.py:247: FutureWarning: Parameter `min_size`
 is deprecated since version 0.26.0 and will be removed in 2.0.0 (or later). To avoid this warning, please use the para
meter `max_size` instead. For more details, see the documentation of `remove_small_objects`. Note that the new threshol
d removes objects smaller than **or equal to** its value, while the previous parameter only removed smaller ones.
  bw = morphology.remove_small_objects(bw.astype(bool), min_size=50)
D:\CGAIC\demo5\scripts\..\src\slots\..\..\..\demo4\src\features\traditional.py:247: FutureWarning: Parameter `min_size`
 is deprecated since version 0.26.0 and will be removed in 2.0.0 (or later). To avoid this warning, please use the para
meter `max_size` instead. For more details, see the documentation of `remove_small_objects`. Note that the new threshol
d removes objects smaller than **or equal to** its value, while the previous parameter only removed smaller ones.
  bw = morphology.remove_small_objects(bw.astype(bool), min_size=50)
D:\CGAIC\demo5\scripts\..\src\slots\..\..\..\demo4\src\features\traditional.py:247: FutureWarning: Parameter `min_size`
 is deprecated since version 0.26.0 and will be removed in 2.0.0 (or later). To avoid this warning, please use the para
meter `max_size` instead. For more details, see the documentation of `remove_small_objects`. Note that the new threshol
d removes objects smaller than **or equal to** its value, while the previous parameter only removed smaller ones.
  bw = morphology.remove_small_objects(bw.astype(bool), min_size=50)
D:\CGAIC\demo5\scripts\..\src\slots\..\..\..\demo4\src\features\traditional.py:247: FutureWarning: Parameter `min_size`
 is deprecated since version 0.26.0 and will be removed in 2.0.0 (or later). To avoid this warning, please use the para
meter `max_size` instead. For more details, see the documentation of `remove_small_objects`. Note that the new threshol
d removes objects smaller than **or equal to** its value, while the previous parameter only removed smaller ones.
  bw = morphology.remove_small_objects(bw.astype(bool), min_size=50)
D:\CGAIC\demo5\scripts\..\src\slots\..\..\..\demo4\src\features\traditional.py:247: FutureWarning: Parameter `min_size`
 is deprecated since version 0.26.0 and will be removed in 2.0.0 (or later). To avoid this warning, please use the para
meter `max_size` instead. For more details, see the documentation of `remove_small_objects`. Note that the new threshol
d removes objects smaller than **or equal to** its value, while the previous parameter only removed smaller ones.
  bw = morphology.remove_small_objects(bw.astype(bool), min_size=50)
D:\CGAIC\demo5\scripts\..\src\slots\..\..\..\demo4\src\features\traditional.py:247: FutureWarning: Parameter `min_size`
 is deprecated since version 0.26.0 and will be removed in 2.0.0 (or later). To avoid this warning, please use the para
meter `max_size` instead. For more details, see the documentation of `remove_small_objects`. Note that the new threshol
d removes objects smaller than **or equal to** its value, while the previous parameter only removed smaller ones.
  bw = morphology.remove_small_objects(bw.astype(bool), min_size=50)
D:\CGAIC\demo5\scripts\..\src\slots\..\..\..\demo4\src\features\traditional.py:247: FutureWarning: Parameter `min_size`
 is deprecated since version 0.26.0 and will be removed in 2.0.0 (or later). To avoid this warning, please use the para
meter `max_size` instead. For more details, see the documentation of `remove_small_objects`. Note that the new threshol
d removes objects smaller than **or equal to** its value, while the previous parameter only removed smaller ones.
  bw = morphology.remove_small_objects(bw.astype(bool), min_size=50)
D:\CGAIC\demo5\scripts\..\src\slots\..\..\..\demo4\src\features\traditional.py:247: FutureWarning: Parameter `min_size`
 is deprecated since version 0.26.0 and will be removed in 2.0.0 (or later). To avoid this warning, please use the para
meter `max_size` instead. For more details, see the documentation of `remove_small_objects`. Note that the new threshol
d removes objects smaller than **or equal to** its value, while the previous parameter only removed smaller ones.
  bw = morphology.remove_small_objects(bw.astype(bool), min_size=50)
D:\CGAIC\demo5\scripts\..\src\slots\..\..\..\demo4\src\features\traditional.py:247: FutureWarning: Parameter `min_size`
 is deprecated since version 0.26.0 and will be removed in 2.0.0 (or later). To avoid this warning, please use the para
meter `max_size` instead. For more details, see the documentation of `remove_small_objects`. Note that the new threshol
d removes objects smaller than **or equal to** its value, while the previous parameter only removed smaller ones.
  bw = morphology.remove_small_objects(bw.astype(bool), min_size=50)
D:\CGAIC\demo5\scripts\..\src\slots\..\..\..\demo4\src\features\traditional.py:247: FutureWarning: Parameter `min_size`
 is deprecated since version 0.26.0 and will be removed in 2.0.0 (or later). To avoid this warning, please use the para
meter `max_size` instead. For more details, see the documentation of `remove_small_objects`. Note that the new threshol
d removes objects smaller than **or equal to** its value, while the previous parameter only removed smaller ones.
  bw = morphology.remove_small_objects(bw.astype(bool), min_size=50)
D:\CGAIC\demo5\scripts\..\src\slots\..\..\..\demo4\src\features\traditional.py:247: FutureWarning: Parameter `min_size`
 is deprecated since version 0.26.0 and will be removed in 2.0.0 (or later). To avoid this warning, please use the para
meter `max_size` instead. For more details, see the documentation of `remove_small_objects`. Note that the new threshol
d removes objects smaller than **or equal to** its value, while the previous parameter only removed smaller ones.
  bw = morphology.remove_small_objects(bw.astype(bool), min_size=50)
D:\CGAIC\demo5\scripts\..\src\slots\..\..\..\demo4\src\features\traditional.py:247: FutureWarning: Parameter `min_size`
 is deprecated since version 0.26.0 and will be removed in 2.0.0 (or later). To avoid this warning, please use the para
meter `max_size` instead. For more details, see the documentation of `remove_small_objects`. Note that the new threshol
d removes objects smaller than **or equal to** its value, while the previous parameter only removed smaller ones.
  bw = morphology.remove_small_objects(bw.astype(bool), min_size=50)
D:\CGAIC\demo5\scripts\..\src\slots\..\..\..\demo4\src\features\traditional.py:247: FutureWarning: Parameter `min_size`
 is deprecated since version 0.26.0 and will be removed in 2.0.0 (or later). To avoid this warning, please use the para
meter `max_size` instead. For more details, see the documentation of `remove_small_objects`. Note that the new threshol
d removes objects smaller than **or equal to** its value, while the previous parameter only removed smaller ones.
  bw = morphology.remove_small_objects(bw.astype(bool), min_size=50)
D:\CGAIC\demo5\scripts\..\src\slots\..\..\..\demo4\src\features\traditional.py:247: FutureWarning: Parameter `min_size`
 is deprecated since version 0.26.0 and will be removed in 2.0.0 (or later). To avoid this warning, please use the para
meter `max_size` instead. For more details, see the documentation of `remove_small_objects`. Note that the new threshol
d removes objects smaller than **or equal to** its value, while the previous parameter only removed smaller ones.
  bw = morphology.remove_small_objects(bw.astype(bool), min_size=50)
D:\CGAIC\demo5\scripts\..\src\slots\..\..\..\demo4\src\features\traditional.py:247: FutureWarning: Parameter `min_size`
 is deprecated since version 0.26.0 and will be removed in 2.0.0 (or later). To avoid this warning, please use the para
meter `max_size` instead. For more details, see the documentation of `remove_small_objects`. Note that the new threshol
d removes objects smaller than **or equal to** its value, while the previous parameter only removed smaller ones.
  bw = morphology.remove_small_objects(bw.astype(bool), min_size=50)
D:\CGAIC\demo5\scripts\..\src\slots\..\..\..\demo4\src\features\traditional.py:247: FutureWarning: Parameter `min_size`
 is deprecated since version 0.26.0 and will be removed in 2.0.0 (or later). To avoid this warning, please use the para
meter `max_size` instead. For more details, see the documentation of `remove_small_objects`. Note that the new threshol
d removes objects smaller than **or equal to** its value, while the previous parameter only removed smaller ones.
  bw = morphology.remove_small_objects(bw.astype(bool), min_size=50)
[ssocl] U62 门控否决: 锚定集漂移 0.265 > tol，回滚虚高重估（冷却 10 反馈）
D:\CGAIC\demo5\scripts\..\src\slots\..\..\..\demo4\src\features\traditional.py:247: FutureWarning: Parameter `min_size`
 is deprecated since version 0.26.0 and will be removed in 2.0.0 (or later). To avoid this warning, please use the para
meter `max_size` instead. For more details, see the documentation of `remove_small_objects`. Note that the new threshol
d removes objects smaller than **or equal to** its value, while the previous parameter only removed smaller ones.
  bw = morphology.remove_small_objects(bw.astype(bool), min_size=50)
D:\CGAIC\demo5\scripts\..\src\slots\..\..\..\demo4\src\features\traditional.py:247: FutureWarning: Parameter `min_size`
 is deprecated since version 0.26.0 and will be removed in 2.0.0 (or later). To avoid this warning, please use the para
meter `max_size` instead. For more details, see the documentation of `remove_small_objects`. Note that the new threshol
d removes objects smaller than **or equal to** its value, while the previous parameter only removed smaller ones.
  bw = morphology.remove_small_objects(bw.astype(bool), min_size=50)
[ssocl] U62 虚高检测: 槽位 inp 正常反馈 14 条 虚高率 0.50 → CDF 重估（反馈正常原始分并入校准分布）
D:\CGAIC\demo5\scripts\..\src\slots\..\..\..\demo4\src\features\traditional.py:247: FutureWarning: Parameter `min_size`
 is deprecated since version 0.26.0 and will be removed in 2.0.0 (or later). To avoid this warning, please use the para
meter `max_size` instead. For more details, see the documentation of `remove_small_objects`. Note that the new threshol
d removes objects smaller than **or equal to** its value, while the previous parameter only removed smaller ones.
  bw = morphology.remove_small_objects(bw.astype(bool), min_size=50)
D:\CGAIC\demo5\scripts\..\src\slots\..\..\..\demo4\src\features\traditional.py:247: FutureWarning: Parameter `min_size`
 is deprecated since version 0.26.0 and will be removed in 2.0.0 (or later). To avoid this warning, please use the para
meter `max_size` instead. For more details, see the documentation of `remove_small_objects`. Note that the new threshol
d removes objects smaller than **or equal to** its value, while the previous parameter only removed smaller ones.
  bw = morphology.remove_small_objects(bw.astype(bool), min_size=50)
D:\CGAIC\demo5\scripts\..\src\slots\..\..\..\demo4\src\features\traditional.py:247: FutureWarning: Parameter `min_size`
 is deprecated since version 0.26.0 and will be removed in 2.0.0 (or later). To avoid this warning, please use the para
meter `max_size` instead. For more details, see the documentation of `remove_small_objects`. Note that the new threshol
d removes objects smaller than **or equal to** its value, while the previous parameter only removed smaller ones.
  bw = morphology.remove_small_objects(bw.astype(bool), min_size=50)
D:\CGAIC\demo5\scripts\..\src\slots\..\..\..\demo4\src\features\traditional.py:247: FutureWarning: Parameter `min_size`
 is deprecated since version 0.26.0 and will be removed in 2.0.0 (or later). To avoid this warning, please use the para
meter `max_size` instead. For more details, see the documentation of `remove_small_objects`. Note that the new threshol
d removes objects smaller than **or equal to** its value, while the previous parameter only removed smaller ones.
  bw = morphology.remove_small_objects(bw.astype(bool), min_size=50)
D:\CGAIC\demo5\scripts\..\src\slots\..\..\..\demo4\src\features\traditional.py:247: FutureWarning: Parameter `min_size`
 is deprecated since version 0.26.0 and will be removed in 2.0.0 (or later). To avoid this warning, please use the para
meter `max_size` instead. For more details, see the documentation of `remove_small_objects`. Note that the new threshol
d removes objects smaller than **or equal to** its value, while the previous parameter only removed smaller ones.
  bw = morphology.remove_small_objects(bw.astype(bool), min_size=50)
D:\CGAIC\demo5\scripts\..\src\slots\..\..\..\demo4\src\features\traditional.py:247: FutureWarning: Parameter `min_size`
 is deprecated since version 0.26.0 and will be removed in 2.0.0 (or later). To avoid this warning, please use the para
meter `max_size` instead. For more details, see the documentation of `remove_small_objects`. Note that the new threshol
d removes objects smaller than **or equal to** its value, while the previous parameter only removed smaller ones.
  bw = morphology.remove_small_objects(bw.astype(bool), min_size=50)
D:\CGAIC\demo5\scripts\..\src\slots\..\..\..\demo4\src\features\traditional.py:247: FutureWarning: Parameter `min_size`
 is deprecated since version 0.26.0 and will be removed in 2.0.0 (or later). To avoid this warning, please use the para
meter `max_size` instead. For more details, see the documentation of `remove_small_objects`. Note that the new threshol
d removes objects smaller than **or equal to** its value, while the previous parameter only removed smaller ones.
  bw = morphology.remove_small_objects(bw.astype(bool), min_size=50)
D:\CGAIC\demo5\scripts\..\src\slots\..\..\..\demo4\src\features\traditional.py:247: FutureWarning: Parameter `min_size`
 is deprecated since version 0.26.0 and will be removed in 2.0.0 (or later). To avoid this warning, please use the para
meter `max_size` instead. For more details, see the documentation of `remove_small_objects`. Note that the new threshol
d removes objects smaller than **or equal to** its value, while the previous parameter only removed smaller ones.
  bw = morphology.remove_small_objects(bw.astype(bool), min_size=50)
D:\CGAIC\demo5\scripts\..\src\slots\..\..\..\demo4\src\features\traditional.py:247: FutureWarning: Parameter `min_size`
 is deprecated since version 0.26.0 and will be removed in 2.0.0 (or later). To avoid this warning, please use the para
meter `max_size` instead. For more details, see the documentation of `remove_small_objects`. Note that the new threshol
d removes objects smaller than **or equal to** its value, while the previous parameter only removed smaller ones.
  bw = morphology.remove_small_objects(bw.astype(bool), min_size=50)
D:\CGAIC\demo5\scripts\..\src\slots\..\..\..\demo4\src\features\traditional.py:247: FutureWarning: Parameter `min_size`
 is deprecated since version 0.26.0 and will be removed in 2.0.0 (or later). To avoid this warning, please use the para
meter `max_size` instead. For more details, see the documentation of `remove_small_objects`. Note that the new threshol
d removes objects smaller than **or equal to** its value, while the previous parameter only removed smaller ones.
  bw = morphology.remove_small_objects(bw.astype(bool), min_size=50)
D:\CGAIC\demo5\scripts\..\src\slots\..\..\..\demo4\src\features\traditional.py:247: FutureWarning: Parameter `min_size`
 is deprecated since version 0.26.0 and will be removed in 2.0.0 (or later). To avoid this warning, please use the para
meter `max_size` instead. For more details, see the documentation of `remove_small_objects`. Note that the new threshol
d removes objects smaller than **or equal to** its value, while the previous parameter only removed smaller ones.
  bw = morphology.remove_small_objects(bw.astype(bool), min_size=50)
D:\CGAIC\demo5\scripts\..\src\slots\..\..\..\demo4\src\features\traditional.py:247: FutureWarning: Parameter `min_size`
 is deprecated since version 0.26.0 and will be removed in 2.0.0 (or later). To avoid this warning, please use the para
meter `max_size` instead. For more details, see the documentation of `remove_small_objects`. Note that the new threshol
d removes objects smaller than **or equal to** its value, while the previous parameter only removed smaller ones.
  bw = morphology.remove_small_objects(bw.astype(bool), min_size=50)
D:\CGAIC\demo5\scripts\..\src\slots\..\..\..\demo4\src\features\traditional.py:247: FutureWarning: Parameter `min_size`
 is deprecated since version 0.26.0 and will be removed in 2.0.0 (or later). To avoid this warning, please use the para
meter `max_size` instead. For more details, see the documentation of `remove_small_objects`. Note that the new threshol
d removes objects smaller than **or equal to** its value, while the previous parameter only removed smaller ones.
  bw = morphology.remove_small_objects(bw.astype(bool), min_size=50)
D:\CGAIC\demo5\scripts\..\src\slots\..\..\..\demo4\src\features\traditional.py:247: FutureWarning: Parameter `min_size`
 is deprecated since version 0.26.0 and will be removed in 2.0.0 (or later). To avoid this warning, please use the para
meter `max_size` instead. For more details, see the documentation of `remove_small_objects`. Note that the new threshol
d removes objects smaller than **or equal to** its value, while the previous parameter only removed smaller ones.
  bw = morphology.remove_small_objects(bw.astype(bool), min_size=50)
D:\CGAIC\demo5\scripts\..\src\slots\..\..\..\demo4\src\features\traditional.py:247: FutureWarning: Parameter `min_size`
 is deprecated since version 0.26.0 and will be removed in 2.0.0 (or later). To avoid this warning, please use the para
meter `max_size` instead. For more details, see the documentation of `remove_small_objects`. Note that the new threshol
d removes objects smaller than **or equal to** its value, while the previous parameter only removed smaller ones.
  bw = morphology.remove_small_objects(bw.astype(bool), min_size=50)
D:\CGAIC\demo5\scripts\..\src\slots\..\..\..\demo4\src\features\traditional.py:247: FutureWarning: Parameter `min_size`
 is deprecated since version 0.26.0 and will be removed in 2.0.0 (or later). To avoid this warning, please use the para
meter `max_size` instead. For more details, see the documentation of `remove_small_objects`. Note that the new threshol
d removes objects smaller than **or equal to** its value, while the previous parameter only removed smaller ones.
  bw = morphology.remove_small_objects(bw.astype(bool), min_size=50)
D:\CGAIC\demo5\scripts\..\src\slots\..\..\..\demo4\src\features\traditional.py:247: FutureWarning: Parameter `min_size`
 is deprecated since version 0.26.0 and will be removed in 2.0.0 (or later). To avoid this warning, please use the para
meter `max_size` instead. For more details, see the documentation of `remove_small_objects`. Note that the new threshol
d removes objects smaller than **or equal to** its value, while the previous parameter only removed smaller ones.
  bw = morphology.remove_small_objects(bw.astype(bool), min_size=50)
D:\CGAIC\demo5\scripts\..\src\slots\..\..\..\demo4\src\features\traditional.py:247: FutureWarning: Parameter `min_size`
 is deprecated since version 0.26.0 and will be removed in 2.0.0 (or later). To avoid this warning, please use the para
meter `max_size` instead. For more details, see the documentation of `remove_small_objects`. Note that the new threshol
d removes objects smaller than **or equal to** its value, while the previous parameter only removed smaller ones.
  bw = morphology.remove_small_objects(bw.astype(bool), min_size=50)
D:\CGAIC\demo5\scripts\..\src\slots\..\..\..\demo4\src\features\traditional.py:247: FutureWarning: Parameter `min_size`
 is deprecated since version 0.26.0 and will be removed in 2.0.0 (or later). To avoid this warning, please use the para
meter `max_size` instead. For more details, see the documentation of `remove_small_objects`. Note that the new threshol
d removes objects smaller than **or equal to** its value, while the previous parameter only removed smaller ones.
  bw = morphology.remove_small_objects(bw.astype(bool), min_size=50)
D:\CGAIC\demo5\scripts\..\src\slots\..\..\..\demo4\src\features\traditional.py:247: FutureWarning: Parameter `min_size`
 is deprecated since version 0.26.0 and will be removed in 2.0.0 (or later). To avoid this warning, please use the para
meter `max_size` instead. For more details, see the documentation of `remove_small_objects`. Note that the new threshol
d removes objects smaller than **or equal to** its value, while the previous parameter only removed smaller ones.
  bw = morphology.remove_small_objects(bw.astype(bool), min_size=50)
[ssocl] U62 门控否决: 锚定集漂移 0.297 > tol，回滚虚高重估（冷却 10 反馈）
D:\CGAIC\demo5\scripts\..\src\slots\..\..\..\demo4\src\features\traditional.py:247: FutureWarning: Parameter `min_size`
 is deprecated since version 0.26.0 and will be removed in 2.0.0 (or later). To avoid this warning, please use the para
meter `max_size` instead. For more details, see the documentation of `remove_small_objects`. Note that the new threshol
d removes objects smaller than **or equal to** its value, while the previous parameter only removed smaller ones.
  bw = morphology.remove_small_objects(bw.astype(bool), min_size=50)
D:\CGAIC\demo5\scripts\..\src\slots\..\..\..\demo4\src\features\traditional.py:247: FutureWarning: Parameter `min_size`
 is deprecated since version 0.26.0 and will be removed in 2.0.0 (or later). To avoid this warning, please use the para
meter `max_size` instead. For more details, see the documentation of `remove_small_objects`. Note that the new threshol
d removes objects smaller than **or equal to** its value, while the previous parameter only removed smaller ones.
  bw = morphology.remove_small_objects(bw.astype(bool), min_size=50)
D:\CGAIC\demo5\scripts\..\src\slots\..\..\..\demo4\src\features\traditional.py:247: FutureWarning: Parameter `min_size`
 is deprecated since version 0.26.0 and will be removed in 2.0.0 (or later). To avoid this warning, please use the para
meter `max_size` instead. For more details, see the documentation of `remove_small_objects`. Note that the new threshol
d removes objects smaller than **or equal to** its value, while the previous parameter only removed smaller ones.
  bw = morphology.remove_small_objects(bw.astype(bool), min_size=50)
D:\CGAIC\demo5\scripts\..\src\slots\..\..\..\demo4\src\features\traditional.py:247: FutureWarning: Parameter `min_size`
 is deprecated since version 0.26.0 and will be removed in 2.0.0 (or later). To avoid this warning, please use the para
meter `max_size` instead. For more details, see the documentation of `remove_small_objects`. Note that the new threshol
d removes objects smaller than **or equal to** its value, while the previous parameter only removed smaller ones.
  bw = morphology.remove_small_objects(bw.astype(bool), min_size=50)
D:\CGAIC\demo5\scripts\..\src\slots\..\..\..\demo4\src\features\traditional.py:247: FutureWarning: Parameter `min_size`
 is deprecated since version 0.26.0 and will be removed in 2.0.0 (or later). To avoid this warning, please use the para
meter `max_size` instead. For more details, see the documentation of `remove_small_objects`. Note that the new threshol
d removes objects smaller than **or equal to** its value, while the previous parameter only removed smaller ones.
  bw = morphology.remove_small_objects(bw.astype(bool), min_size=50)
D:\CGAIC\demo5\scripts\..\src\slots\..\..\..\demo4\src\features\traditional.py:247: FutureWarning: Parameter `min_size`
 is deprecated since version 0.26.0 and will be removed in 2.0.0 (or later). To avoid this warning, please use the para
meter `max_size` instead. For more details, see the documentation of `remove_small_objects`. Note that the new threshol
d removes objects smaller than **or equal to** its value, while the previous parameter only removed smaller ones.
  bw = morphology.remove_small_objects(bw.astype(bool), min_size=50)
D:\CGAIC\demo5\scripts\..\src\slots\..\..\..\demo4\src\features\traditional.py:247: FutureWarning: Parameter `min_size`
 is deprecated since version 0.26.0 and will be removed in 2.0.0 (or later). To avoid this warning, please use the para
meter `max_size` instead. For more details, see the documentation of `remove_small_objects`. Note that the new threshol
d removes objects smaller than **or equal to** its value, while the previous parameter only removed smaller ones.
  bw = morphology.remove_small_objects(bw.astype(bool), min_size=50)
D:\CGAIC\demo5\scripts\..\src\slots\..\..\..\demo4\src\features\traditional.py:247: FutureWarning: Parameter `min_size`
 is deprecated since version 0.26.0 and will be removed in 2.0.0 (or later). To avoid this warning, please use the para
meter `max_size` instead. For more details, see the documentation of `remove_small_objects`. Note that the new threshol
d removes objects smaller than **or equal to** its value, while the previous parameter only removed smaller ones.
  bw = morphology.remove_small_objects(bw.astype(bool), min_size=50)
D:\CGAIC\demo5\scripts\..\src\slots\..\..\..\demo4\src\features\traditional.py:247: FutureWarning: Parameter `min_size`
 is deprecated since version 0.26.0 and will be removed in 2.0.0 (or later). To avoid this warning, please use the para
meter `max_size` instead. For more details, see the documentation of `remove_small_objects`. Note that the new threshol
d removes objects smaller than **or equal to** its value, while the previous parameter only removed smaller ones.
  bw = morphology.remove_small_objects(bw.astype(bool), min_size=50)
D:\CGAIC\demo5\scripts\..\src\slots\..\..\..\demo4\src\features\traditional.py:247: FutureWarning: Parameter `min_size`
 is deprecated since version 0.26.0 and will be removed in 2.0.0 (or later). To avoid this warning, please use the para
meter `max_size` instead. For more details, see the documentation of `remove_small_objects`. Note that the new threshol
d removes objects smaller than **or equal to** its value, while the previous parameter only removed smaller ones.
  bw = morphology.remove_small_objects(bw.astype(bool), min_size=50)
D:\CGAIC\demo5\scripts\..\src\slots\..\..\..\demo4\src\features\traditional.py:247: FutureWarning: Parameter `min_size`
 is deprecated since version 0.26.0 and will be removed in 2.0.0 (or later). To avoid this warning, please use the para
meter `max_size` instead. For more details, see the documentation of `remove_small_objects`. Note that the new threshol
d removes objects smaller than **or equal to** its value, while the previous parameter only removed smaller ones.
  bw = morphology.remove_small_objects(bw.astype(bool), min_size=50)
D:\CGAIC\demo5\scripts\..\src\slots\..\..\..\demo4\src\features\traditional.py:247: FutureWarning: Parameter `min_size`
 is deprecated since version 0.26.0 and will be removed in 2.0.0 (or later). To avoid this warning, please use the para
meter `max_size` instead. For more details, see the documentation of `remove_small_objects`. Note that the new threshol
d removes objects smaller than **or equal to** its value, while the previous parameter only removed smaller ones.
  bw = morphology.remove_small_objects(bw.astype(bool), min_size=50)
D:\CGAIC\demo5\scripts\..\src\slots\..\..\..\demo4\src\features\traditional.py:247: FutureWarning: Parameter `min_size`
 is deprecated since version 0.26.0 and will be removed in 2.0.0 (or later). To avoid this warning, please use the para
meter `max_size` instead. For more details, see the documentation of `remove_small_objects`. Note that the new threshol
d removes objects smaller than **or equal to** its value, while the previous parameter only removed smaller ones.
  bw = morphology.remove_small_objects(bw.astype(bool), min_size=50)
[ssocl] U62 虚高检测: 槽位 sem 正常反馈 15 条 虚高率 0.73 → CDF 重估（反馈正常原始分并入校准分布）
D:\CGAIC\demo5\scripts\..\src\slots\..\..\..\demo4\src\features\traditional.py:247: FutureWarning: Parameter `min_size`
 is deprecated since version 0.26.0 and will be removed in 2.0.0 (or later). To avoid this warning, please use the para
meter `max_size` instead. For more details, see the documentation of `remove_small_objects`. Note that the new threshol
d removes objects smaller than **or equal to** its value, while the previous parameter only removed smaller ones.
  bw = morphology.remove_small_objects(bw.astype(bool), min_size=50)
D:\CGAIC\demo5\scripts\..\src\slots\..\..\..\demo4\src\features\traditional.py:247: FutureWarning: Parameter `min_size`
 is deprecated since version 0.26.0 and will be removed in 2.0.0 (or later). To avoid this warning, please use the para
meter `max_size` instead. For more details, see the documentation of `remove_small_objects`. Note that the new threshol
d removes objects smaller than **or equal to** its value, while the previous parameter only removed smaller ones.
  bw = morphology.remove_small_objects(bw.astype(bool), min_size=50)
D:\CGAIC\demo5\scripts\..\src\slots\..\..\..\demo4\src\features\traditional.py:247: FutureWarning: Parameter `min_size`
 is deprecated since version 0.26.0 and will be removed in 2.0.0 (or later). To avoid this warning, please use the para
meter `max_size` instead. For more details, see the documentation of `remove_small_objects`. Note that the new threshol
d removes objects smaller than **or equal to** its value, while the previous parameter only removed smaller ones.
  bw = morphology.remove_small_objects(bw.astype(bool), min_size=50)
D:\CGAIC\demo5\scripts\..\src\slots\..\..\..\demo4\src\features\traditional.py:247: FutureWarning: Parameter `min_size`
 is deprecated since version 0.26.0 and will be removed in 2.0.0 (or later). To avoid this warning, please use the para
meter `max_size` instead. For more details, see the documentation of `remove_small_objects`. Note that the new threshol
d removes objects smaller than **or equal to** its value, while the previous parameter only removed smaller ones.
  bw = morphology.remove_small_objects(bw.astype(bool), min_size=50)
D:\CGAIC\demo5\scripts\..\src\slots\..\..\..\demo4\src\features\traditional.py:247: FutureWarning: Parameter `min_size`
 is deprecated since version 0.26.0 and will be removed in 2.0.0 (or later). To avoid this warning, please use the para
meter `max_size` instead. For more details, see the documentation of `remove_small_objects`. Note that the new threshol
d removes objects smaller than **or equal to** its value, while the previous parameter only removed smaller ones.
  bw = morphology.remove_small_objects(bw.astype(bool), min_size=50)
D:\CGAIC\demo5\scripts\..\src\slots\..\..\..\demo4\src\features\traditional.py:247: FutureWarning: Parameter `min_size`
 is deprecated since version 0.26.0 and will be removed in 2.0.0 (or later). To avoid this warning, please use the para
meter `max_size` instead. For more details, see the documentation of `remove_small_objects`. Note that the new threshol
d removes objects smaller than **or equal to** its value, while the previous parameter only removed smaller ones.
  bw = morphology.remove_small_objects(bw.astype(bool), min_size=50)
D:\CGAIC\demo5\scripts\..\src\slots\..\..\..\demo4\src\features\traditional.py:247: FutureWarning: Parameter `min_size`
 is deprecated since version 0.26.0 and will be removed in 2.0.0 (or later). To avoid this warning, please use the para
meter `max_size` instead. For more details, see the documentation of `remove_small_objects`. Note that the new threshol
d removes objects smaller than **or equal to** its value, while the previous parameter only removed smaller ones.
  bw = morphology.remove_small_objects(bw.astype(bool), min_size=50)
D:\CGAIC\demo5\scripts\..\src\slots\..\..\..\demo4\src\features\traditional.py:247: FutureWarning: Parameter `min_size`
 is deprecated since version 0.26.0 and will be removed in 2.0.0 (or later). To avoid this warning, please use the para
meter `max_size` instead. For more details, see the documentation of `remove_small_objects`. Note that the new threshol
d removes objects smaller than **or equal to** its value, while the previous parameter only removed smaller ones.
  bw = morphology.remove_small_objects(bw.astype(bool), min_size=50)
D:\CGAIC\demo5\scripts\..\src\slots\..\..\..\demo4\src\features\traditional.py:247: FutureWarning: Parameter `min_size`
 is deprecated since version 0.26.0 and will be removed in 2.0.0 (or later). To avoid this warning, please use the para
meter `max_size` instead. For more details, see the documentation of `remove_small_objects`. Note that the new threshol
d removes objects smaller than **or equal to** its value, while the previous parameter only removed smaller ones.
  bw = morphology.remove_small_objects(bw.astype(bool), min_size=50)
D:\CGAIC\demo5\scripts\..\src\slots\..\..\..\demo4\src\features\traditional.py:247: FutureWarning: Parameter `min_size`
 is deprecated since version 0.26.0 and will be removed in 2.0.0 (or later). To avoid this warning, please use the para
meter `max_size` instead. For more details, see the documentation of `remove_small_objects`. Note that the new threshol
d removes objects smaller than **or equal to** its value, while the previous parameter only removed smaller ones.
  bw = morphology.remove_small_objects(bw.astype(bool), min_size=50)
D:\CGAIC\demo5\scripts\..\src\slots\..\..\..\demo4\src\features\traditional.py:247: FutureWarning: Parameter `min_size`
 is deprecated since version 0.26.0 and will be removed in 2.0.0 (or later). To avoid this warning, please use the para
meter `max_size` instead. For more details, see the documentation of `remove_small_objects`. Note that the new threshol
d removes objects smaller than **or equal to** its value, while the previous parameter only removed smaller ones.
  bw = morphology.remove_small_objects(bw.astype(bool), min_size=50)
D:\CGAIC\demo5\scripts\..\src\slots\..\..\..\demo4\src\features\traditional.py:247: FutureWarning: Parameter `min_size`
 is deprecated since version 0.26.0 and will be removed in 2.0.0 (or later). To avoid this warning, please use the para
meter `max_size` instead. For more details, see the documentation of `remove_small_objects`. Note that the new threshol
d removes objects smaller than **or equal to** its value, while the previous parameter only removed smaller ones.
  bw = morphology.remove_small_objects(bw.astype(bool), min_size=50)
D:\CGAIC\demo5\scripts\..\src\slots\..\..\..\demo4\src\features\traditional.py:247: FutureWarning: Parameter `min_size`
 is deprecated since version 0.26.0 and will be removed in 2.0.0 (or later). To avoid this warning, please use the para
meter `max_size` instead. For more details, see the documentation of `remove_small_objects`. Note that the new threshol
d removes objects smaller than **or equal to** its value, while the previous parameter only removed smaller ones.
  bw = morphology.remove_small_objects(bw.astype(bool), min_size=50)
D:\CGAIC\demo5\scripts\..\src\slots\..\..\..\demo4\src\features\traditional.py:247: FutureWarning: Parameter `min_size`
 is deprecated since version 0.26.0 and will be removed in 2.0.0 (or later). To avoid this warning, please use the para
meter `max_size` instead. For more details, see the documentation of `remove_small_objects`. Note that the new threshol
d removes objects smaller than **or equal to** its value, while the previous parameter only removed smaller ones.
  bw = morphology.remove_small_objects(bw.astype(bool), min_size=50)
D:\CGAIC\demo5\scripts\..\src\slots\..\..\..\demo4\src\features\traditional.py:247: FutureWarning: Parameter `min_size`
 is deprecated since version 0.26.0 and will be removed in 2.0.0 (or later). To avoid this warning, please use the para
meter `max_size` instead. For more details, see the documentation of `remove_small_objects`. Note that the new threshol
d removes objects smaller than **or equal to** its value, while the previous parameter only removed smaller ones.
  bw = morphology.remove_small_objects(bw.astype(bool), min_size=50)
D:\CGAIC\demo5\scripts\..\src\slots\..\..\..\demo4\src\features\traditional.py:247: FutureWarning: Parameter `min_size`
 is deprecated since version 0.26.0 and will be removed in 2.0.0 (or later). To avoid this warning, please use the para
meter `max_size` instead. For more details, see the documentation of `remove_small_objects`. Note that the new threshol
d removes objects smaller than **or equal to** its value, while the previous parameter only removed smaller ones.
  bw = morphology.remove_small_objects(bw.astype(bool), min_size=50)
D:\CGAIC\demo5\scripts\..\src\slots\..\..\..\demo4\src\features\traditional.py:247: FutureWarning: Parameter `min_size`
 is deprecated since version 0.26.0 and will be removed in 2.0.0 (or later). To avoid this warning, please use the para
meter `max_size` instead. For more details, see the documentation of `remove_small_objects`. Note that the new threshol
d removes objects smaller than **or equal to** its value, while the previous parameter only removed smaller ones.
  bw = morphology.remove_small_objects(bw.astype(bool), min_size=50)
D:\CGAIC\demo5\scripts\..\src\slots\..\..\..\demo4\src\features\traditional.py:247: FutureWarning: Parameter `min_size`
 is deprecated since version 0.26.0 and will be removed in 2.0.0 (or later). To avoid this warning, please use the para
meter `max_size` instead. For more details, see the documentation of `remove_small_objects`. Note that the new threshol
d removes objects smaller than **or equal to** its value, while the previous parameter only removed smaller ones.
  bw = morphology.remove_small_objects(bw.astype(bool), min_size=50)
D:\CGAIC\demo5\scripts\..\src\slots\..\..\..\demo4\src\features\traditional.py:247: FutureWarning: Parameter `min_size`
 is deprecated since version 0.26.0 and will be removed in 2.0.0 (or later). To avoid this warning, please use the para
meter `max_size` instead. For more details, see the documentation of `remove_small_objects`. Note that the new threshol
d removes objects smaller than **or equal to** its value, while the previous parameter only removed smaller ones.
  bw = morphology.remove_small_objects(bw.astype(bool), min_size=50)
D:\CGAIC\demo5\scripts\..\src\slots\..\..\..\demo4\src\features\traditional.py:247: FutureWarning: Parameter `min_size`
 is deprecated since version 0.26.0 and will be removed in 2.0.0 (or later). To avoid this warning, please use the para
meter `max_size` instead. For more details, see the documentation of `remove_small_objects`. Note that the new threshol
d removes objects smaller than **or equal to** its value, while the previous parameter only removed smaller ones.
  bw = morphology.remove_small_objects(bw.astype(bool), min_size=50)
[ssocl] U62 门控否决: 锚定集漂移 0.280 > tol，回滚虚高重估（冷却 10 反馈）
D:\CGAIC\demo5\scripts\..\src\slots\..\..\..\demo4\src\features\traditional.py:247: FutureWarning: Parameter `min_size`
 is deprecated since version 0.26.0 and will be removed in 2.0.0 (or later). To avoid this warning, please use the para
meter `max_size` instead. For more details, see the documentation of `remove_small_objects`. Note that the new threshol
d removes objects smaller than **or equal to** its value, while the previous parameter only removed smaller ones.
  bw = morphology.remove_small_objects(bw.astype(bool), min_size=50)
D:\CGAIC\demo5\scripts\..\src\slots\..\..\..\demo4\src\features\traditional.py:247: FutureWarning: Parameter `min_size`
 is deprecated since version 0.26.0 and will be removed in 2.0.0 (or later). To avoid this warning, please use the para
meter `max_size` instead. For more details, see the documentation of `remove_small_objects`. Note that the new threshol
d removes objects smaller than **or equal to** its value, while the previous parameter only removed smaller ones.
  bw = morphology.remove_small_objects(bw.astype(bool), min_size=50)
D:\CGAIC\demo5\scripts\..\src\slots\..\..\..\demo4\src\features\traditional.py:247: FutureWarning: Parameter `min_size`
 is deprecated since version 0.26.0 and will be removed in 2.0.0 (or later). To avoid this warning, please use the para
meter `max_size` instead. For more details, see the documentation of `remove_small_objects`. Note that the new threshol
d removes objects smaller than **or equal to** its value, while the previous parameter only removed smaller ones.
  bw = morphology.remove_small_objects(bw.astype(bool), min_size=50)
D:\CGAIC\demo5\scripts\..\src\slots\..\..\..\demo4\src\features\traditional.py:247: FutureWarning: Parameter `min_size`
 is deprecated since version 0.26.0 and will be removed in 2.0.0 (or later). To avoid this warning, please use the para
meter `max_size` instead. For more details, see the documentation of `remove_small_objects`. Note that the new threshol
d removes objects smaller than **or equal to** its value, while the previous parameter only removed smaller ones.
  bw = morphology.remove_small_objects(bw.astype(bool), min_size=50)
D:\CGAIC\demo5\scripts\..\src\slots\..\..\..\demo4\src\features\traditional.py:247: FutureWarning: Parameter `min_size`
 is deprecated since version 0.26.0 and will be removed in 2.0.0 (or later). To avoid this warning, please use the para
meter `max_size` instead. For more details, see the documentation of `remove_small_objects`. Note that the new threshol
d removes objects smaller than **or equal to** its value, while the previous parameter only removed smaller ones.
  bw = morphology.remove_small_objects(bw.astype(bool), min_size=50)
D:\CGAIC\demo5\scripts\..\src\slots\..\..\..\demo4\src\features\traditional.py:247: FutureWarning: Parameter `min_size`
 is deprecated since version 0.26.0 and will be removed in 2.0.0 (or later). To avoid this warning, please use the para
meter `max_size` instead. For more details, see the documentation of `remove_small_objects`. Note that the new threshol
d removes objects smaller than **or equal to** its value, while the previous parameter only removed smaller ones.
  bw = morphology.remove_small_objects(bw.astype(bool), min_size=50)
D:\CGAIC\demo5\scripts\..\src\slots\..\..\..\demo4\src\features\traditional.py:247: FutureWarning: Parameter `min_size`
 is deprecated since version 0.26.0 and will be removed in 2.0.0 (or later). To avoid this warning, please use the para
meter `max_size` instead. For more details, see the documentation of `remove_small_objects`. Note that the new threshol
d removes objects smaller than **or equal to** its value, while the previous parameter only removed smaller ones.
  bw = morphology.remove_small_objects(bw.astype(bool), min_size=50)
D:\CGAIC\demo5\scripts\..\src\slots\..\..\..\demo4\src\features\traditional.py:247: FutureWarning: Parameter `min_size`
 is deprecated since version 0.26.0 and will be removed in 2.0.0 (or later). To avoid this warning, please use the para
meter `max_size` instead. For more details, see the documentation of `remove_small_objects`. Note that the new threshol
d removes objects smaller than **or equal to** its value, while the previous parameter only removed smaller ones.
  bw = morphology.remove_small_objects(bw.astype(bool), min_size=50)
D:\CGAIC\demo5\scripts\..\src\slots\..\..\..\demo4\src\features\traditional.py:247: FutureWarning: Parameter `min_size`
 is deprecated since version 0.26.0 and will be removed in 2.0.0 (or later). To avoid this warning, please use the para
meter `max_size` instead. For more details, see the documentation of `remove_small_objects`. Note that the new threshol
d removes objects smaller than **or equal to** its value, while the previous parameter only removed smaller ones.
  bw = morphology.remove_small_objects(bw.astype(bool), min_size=50)
D:\CGAIC\demo5\scripts\..\src\slots\..\..\..\demo4\src\features\traditional.py:247: FutureWarning: Parameter `min_size`
 is deprecated since version 0.26.0 and will be removed in 2.0.0 (or later). To avoid this warning, please use the para
meter `max_size` instead. For more details, see the documentation of `remove_small_objects`. Note that the new threshol
d removes objects smaller than **or equal to** its value, while the previous parameter only removed smaller ones.
  bw = morphology.remove_small_objects(bw.astype(bool), min_size=50)
D:\CGAIC\demo5\scripts\..\src\slots\..\..\..\demo4\src\features\traditional.py:247: FutureWarning: Parameter `min_size`
 is deprecated since version 0.26.0 and will be removed in 2.0.0 (or later). To avoid this warning, please use the para
meter `max_size` instead. For more details, see the documentation of `remove_small_objects`. Note that the new threshol
d removes objects smaller than **or equal to** its value, while the previous parameter only removed smaller ones.
  bw = morphology.remove_small_objects(bw.astype(bool), min_size=50)
D:\CGAIC\demo5\scripts\..\src\slots\..\..\..\demo4\src\features\traditional.py:247: FutureWarning: Parameter `min_size`
 is deprecated since version 0.26.0 and will be removed in 2.0.0 (or later). To avoid this warning, please use the para
meter `max_size` instead. For more details, see the documentation of `remove_small_objects`. Note that the new threshol
d removes objects smaller than **or equal to** its value, while the previous parameter only removed smaller ones.
  bw = morphology.remove_small_objects(bw.astype(bool), min_size=50)
D:\CGAIC\demo5\scripts\..\src\slots\..\..\..\demo4\src\features\traditional.py:247: FutureWarning: Parameter `min_size`
 is deprecated since version 0.26.0 and will be removed in 2.0.0 (or later). To avoid this warning, please use the para
meter `max_size` instead. For more details, see the documentation of `remove_small_objects`. Note that the new threshol
d removes objects smaller than **or equal to** its value, while the previous parameter only removed smaller ones.
  bw = morphology.remove_small_objects(bw.astype(bool), min_size=50)
D:\CGAIC\demo5\scripts\..\src\slots\..\..\..\demo4\src\features\traditional.py:247: FutureWarning: Parameter `min_size`
 is deprecated since version 0.26.0 and will be removed in 2.0.0 (or later). To avoid this warning, please use the para
meter `max_size` instead. For more details, see the documentation of `remove_small_objects`. Note that the new threshol
d removes objects smaller than **or equal to** its value, while the previous parameter only removed smaller ones.
  bw = morphology.remove_small_objects(bw.astype(bool), min_size=50)
D:\CGAIC\demo5\scripts\..\src\slots\..\..\..\demo4\src\features\traditional.py:247: FutureWarning: Parameter `min_size`
 is deprecated since version 0.26.0 and will be removed in 2.0.0 (or later). To avoid this warning, please use the para
meter `max_size` instead. For more details, see the documentation of `remove_small_objects`. Note that the new threshol
d removes objects smaller than **or equal to** its value, while the previous parameter only removed smaller ones.
  bw = morphology.remove_small_objects(bw.astype(bool), min_size=50)
D:\CGAIC\demo5\scripts\..\src\slots\..\..\..\demo4\src\features\traditional.py:247: FutureWarning: Parameter `min_size`
 is deprecated since version 0.26.0 and will be removed in 2.0.0 (or later). To avoid this warning, please use the para
meter `max_size` instead. For more details, see the documentation of `remove_small_objects`. Note that the new threshol
d removes objects smaller than **or equal to** its value, while the previous parameter only removed smaller ones.
  bw = morphology.remove_small_objects(bw.astype(bool), min_size=50)
D:\CGAIC\demo5\scripts\..\src\slots\..\..\..\demo4\src\features\traditional.py:247: FutureWarning: Parameter `min_size`
 is deprecated since version 0.26.0 and will be removed in 2.0.0 (or later). To avoid this warning, please use the para
meter `max_size` instead. For more details, see the documentation of `remove_small_objects`. Note that the new threshol
d removes objects smaller than **or equal to** its value, while the previous parameter only removed smaller ones.
  bw = morphology.remove_small_objects(bw.astype(bool), min_size=50)
D:\CGAIC\demo5\scripts\..\src\slots\..\..\..\demo4\src\features\traditional.py:247: FutureWarning: Parameter `min_size`
 is deprecated since version 0.26.0 and will be removed in 2.0.0 (or later). To avoid this warning, please use the para
meter `max_size` instead. For more details, see the documentation of `remove_small_objects`. Note that the new threshol
d removes objects smaller than **or equal to** its value, while the previous parameter only removed smaller ones.
  bw = morphology.remove_small_objects(bw.astype(bool), min_size=50)
D:\CGAIC\demo5\scripts\..\src\slots\..\..\..\demo4\src\features\traditional.py:247: FutureWarning: Parameter `min_size`
 is deprecated since version 0.26.0 and will be removed in 2.0.0 (or later). To avoid this warning, please use the para
meter `max_size` instead. For more details, see the documentation of `remove_small_objects`. Note that the new threshol
d removes objects smaller than **or equal to** its value, while the previous parameter only removed smaller ones.
  bw = morphology.remove_small_objects(bw.astype(bool), min_size=50)
D:\CGAIC\demo5\scripts\..\src\slots\..\..\..\demo4\src\features\traditional.py:247: FutureWarning: Parameter `min_size`
 is deprecated since version 0.26.0 and will be removed in 2.0.0 (or later). To avoid this warning, please use the para
meter `max_size` instead. For more details, see the documentation of `remove_small_objects`. Note that the new threshol
d removes objects smaller than **or equal to** its value, while the previous parameter only removed smaller ones.
  bw = morphology.remove_small_objects(bw.astype(bool), min_size=50)
D:\CGAIC\demo5\scripts\..\src\slots\..\..\..\demo4\src\features\traditional.py:247: FutureWarning: Parameter `min_size`
 is deprecated since version 0.26.0 and will be removed in 2.0.0 (or later). To avoid this warning, please use the para
meter `max_size` instead. For more details, see the documentation of `remove_small_objects`. Note that the new threshol
d removes objects smaller than **or equal to** its value, while the previous parameter only removed smaller ones.
  bw = morphology.remove_small_objects(bw.astype(bool), min_size=50)
D:\CGAIC\demo5\scripts\..\src\slots\..\..\..\demo4\src\features\traditional.py:247: FutureWarning: Parameter `min_size`
 is deprecated since version 0.26.0 and will be removed in 2.0.0 (or later). To avoid this warning, please use the para
meter `max_size` instead. For more details, see the documentation of `remove_small_objects`. Note that the new threshol
d removes objects smaller than **or equal to** its value, while the previous parameter only removed smaller ones.
  bw = morphology.remove_small_objects(bw.astype(bool), min_size=50)
D:\CGAIC\demo5\scripts\..\src\slots\..\..\..\demo4\src\features\traditional.py:247: FutureWarning: Parameter `min_size`
 is deprecated since version 0.26.0 and will be removed in 2.0.0 (or later). To avoid this warning, please use the para
meter `max_size` instead. For more details, see the documentation of `remove_small_objects`. Note that the new threshol
d removes objects smaller than **or equal to** its value, while the previous parameter only removed smaller ones.
  bw = morphology.remove_small_objects(bw.astype(bool), min_size=50)
D:\CGAIC\demo5\scripts\..\src\slots\..\..\..\demo4\src\features\traditional.py:247: FutureWarning: Parameter `min_size`
 is deprecated since version 0.26.0 and will be removed in 2.0.0 (or later). To avoid this warning, please use the para
meter `max_size` instead. For more details, see the documentation of `remove_small_objects`. Note that the new threshol
d removes objects smaller than **or equal to** its value, while the previous parameter only removed smaller ones.
  bw = morphology.remove_small_objects(bw.astype(bool), min_size=50)
D:\CGAIC\demo5\scripts\..\src\slots\..\..\..\demo4\src\features\traditional.py:247: FutureWarning: Parameter `min_size`
 is deprecated since version 0.26.0 and will be removed in 2.0.0 (or later). To avoid this warning, please use the para
meter `max_size` instead. For more details, see the documentation of `remove_small_objects`. Note that the new threshol
d removes objects smaller than **or equal to** its value, while the previous parameter only removed smaller ones.
  bw = morphology.remove_small_objects(bw.astype(bool), min_size=50)
D:\CGAIC\demo5\scripts\..\src\slots\..\..\..\demo4\src\features\traditional.py:247: FutureWarning: Parameter `min_size`
 is deprecated since version 0.26.0 and will be removed in 2.0.0 (or later). To avoid this warning, please use the para
meter `max_size` instead. For more details, see the documentation of `remove_small_objects`. Note that the new threshol
d removes objects smaller than **or equal to** its value, while the previous parameter only removed smaller ones.
  bw = morphology.remove_small_objects(bw.astype(bool), min_size=50)
D:\CGAIC\demo5\scripts\..\src\slots\..\..\..\demo4\src\features\traditional.py:247: FutureWarning: Parameter `min_size`
 is deprecated since version 0.26.0 and will be removed in 2.0.0 (or later). To avoid this warning, please use the para
meter `max_size` instead. For more details, see the documentation of `remove_small_objects`. Note that the new threshol
d removes objects smaller than **or equal to** its value, while the previous parameter only removed smaller ones.
  bw = morphology.remove_small_objects(bw.astype(bool), min_size=50)
D:\CGAIC\demo5\scripts\..\src\slots\..\..\..\demo4\src\features\traditional.py:247: FutureWarning: Parameter `min_size`
 is deprecated since version 0.26.0 and will be removed in 2.0.0 (or later). To avoid this warning, please use the para
meter `max_size` instead. For more details, see the documentation of `remove_small_objects`. Note that the new threshol
d removes objects smaller than **or equal to** its value, while the previous parameter only removed smaller ones.
  bw = morphology.remove_small_objects(bw.astype(bool), min_size=50)
D:\CGAIC\demo5\scripts\..\src\slots\..\..\..\demo4\src\features\traditional.py:247: FutureWarning: Parameter `min_size`
 is deprecated since version 0.26.0 and will be removed in 2.0.0 (or later). To avoid this warning, please use the para
meter `max_size` instead. For more details, see the documentation of `remove_small_objects`. Note that the new threshol
d removes objects smaller than **or equal to** its value, while the previous parameter only removed smaller ones.
  bw = morphology.remove_small_objects(bw.astype(bool), min_size=50)
D:\CGAIC\demo5\scripts\..\src\slots\..\..\..\demo4\src\features\traditional.py:247: FutureWarning: Parameter `min_size`
 is deprecated since version 0.26.0 and will be removed in 2.0.0 (or later). To avoid this warning, please use the para
meter `max_size` instead. For more details, see the documentation of `remove_small_objects`. Note that the new threshol
d removes objects smaller than **or equal to** its value, while the previous parameter only removed smaller ones.
  bw = morphology.remove_small_objects(bw.astype(bool), min_size=50)
D:\CGAIC\demo5\scripts\..\src\slots\..\..\..\demo4\src\features\traditional.py:247: FutureWarning: Parameter `min_size`
 is deprecated since version 0.26.0 and will be removed in 2.0.0 (or later). To avoid this warning, please use the para
meter `max_size` instead. For more details, see the documentation of `remove_small_objects`. Note that the new threshol
d removes objects smaller than **or equal to** its value, while the previous parameter only removed smaller ones.
  bw = morphology.remove_small_objects(bw.astype(bool), min_size=50)
D:\CGAIC\demo5\scripts\..\src\slots\..\..\..\demo4\src\features\traditional.py:247: FutureWarning: Parameter `min_size`
 is deprecated since version 0.26.0 and will be removed in 2.0.0 (or later). To avoid this warning, please use the para
meter `max_size` instead. For more details, see the documentation of `remove_small_objects`. Note that the new threshol
d removes objects smaller than **or equal to** its value, while the previous parameter only removed smaller ones.
  bw = morphology.remove_small_objects(bw.astype(bool), min_size=50)
D:\CGAIC\demo5\scripts\..\src\slots\..\..\..\demo4\src\features\traditional.py:247: FutureWarning: Parameter `min_size`
 is deprecated since version 0.26.0 and will be removed in 2.0.0 (or later). To avoid this warning, please use the para
meter `max_size` instead. For more details, see the documentation of `remove_small_objects`. Note that the new threshol
d removes objects smaller than **or equal to** its value, while the previous parameter only removed smaller ones.
  bw = morphology.remove_small_objects(bw.astype(bool), min_size=50)
D:\CGAIC\demo5\scripts\..\src\slots\..\..\..\demo4\src\features\traditional.py:247: FutureWarning: Parameter `min_size`
 is deprecated since version 0.26.0 and will be removed in 2.0.0 (or later). To avoid this warning, please use the para
meter `max_size` instead. For more details, see the documentation of `remove_small_objects`. Note that the new threshol
d removes objects smaller than **or equal to** its value, while the previous parameter only removed smaller ones.
  bw = morphology.remove_small_objects(bw.astype(bool), min_size=50)
D:\CGAIC\demo5\scripts\..\src\slots\..\..\..\demo4\src\features\traditional.py:247: FutureWarning: Parameter `min_size`
 is deprecated since version 0.26.0 and will be removed in 2.0.0 (or later). To avoid this warning, please use the para
meter `max_size` instead. For more details, see the documentation of `remove_small_objects`. Note that the new threshol
d removes objects smaller than **or equal to** its value, while the previous parameter only removed smaller ones.
  bw = morphology.remove_small_objects(bw.astype(bool), min_size=50)
D:\CGAIC\demo5\scripts\..\src\slots\..\..\..\demo4\src\features\traditional.py:247: FutureWarning: Parameter `min_size`
 is deprecated since version 0.26.0 and will be removed in 2.0.0 (or later). To avoid this warning, please use the para
meter `max_size` instead. For more details, see the documentation of `remove_small_objects`. Note that the new threshol
d removes objects smaller than **or equal to** its value, while the previous parameter only removed smaller ones.
  bw = morphology.remove_small_objects(bw.astype(bool), min_size=50)
D:\CGAIC\demo5\scripts\..\src\slots\..\..\..\demo4\src\features\traditional.py:247: FutureWarning: Parameter `min_size`
 is deprecated since version 0.26.0 and will be removed in 2.0.0 (or later). To avoid this warning, please use the para
meter `max_size` instead. For more details, see the documentation of `remove_small_objects`. Note that the new threshol
d removes objects smaller than **or equal to** its value, while the previous parameter only removed smaller ones.
  bw = morphology.remove_small_objects(bw.astype(bool), min_size=50)
D:\CGAIC\demo5\scripts\..\src\slots\..\..\..\demo4\src\features\traditional.py:247: FutureWarning: Parameter `min_size`
 is deprecated since version 0.26.0 and will be removed in 2.0.0 (or later). To avoid this warning, please use the para
meter `max_size` instead. For more details, see the documentation of `remove_small_objects`. Note that the new threshol
d removes objects smaller than **or equal to** its value, while the previous parameter only removed smaller ones.
  bw = morphology.remove_small_objects(bw.astype(bool), min_size=50)
D:\CGAIC\demo5\scripts\..\src\slots\..\..\..\demo4\src\features\traditional.py:247: FutureWarning: Parameter `min_size`
 is deprecated since version 0.26.0 and will be removed in 2.0.0 (or later). To avoid this warning, please use the para
meter `max_size` instead. For more details, see the documentation of `remove_small_objects`. Note that the new threshol
d removes objects smaller than **or equal to** its value, while the previous parameter only removed smaller ones.
  bw = morphology.remove_small_objects(bw.astype(bool), min_size=50)
D:\CGAIC\demo5\scripts\..\src\slots\..\..\..\demo4\src\features\traditional.py:247: FutureWarning: Parameter `min_size`
 is deprecated since version 0.26.0 and will be removed in 2.0.0 (or later). To avoid this warning, please use the para
meter `max_size` instead. For more details, see the documentation of `remove_small_objects`. Note that the new threshol
d removes objects smaller than **or equal to** its value, while the previous parameter only removed smaller ones.
  bw = morphology.remove_small_objects(bw.astype(bool), min_size=50)
D:\CGAIC\demo5\scripts\..\src\slots\..\..\..\demo4\src\features\traditional.py:247: FutureWarning: Parameter `min_size`
 is deprecated since version 0.26.0 and will be removed in 2.0.0 (or later). To avoid this warning, please use the para
meter `max_size` instead. For more details, see the documentation of `remove_small_objects`. Note that the new threshol
d removes objects smaller than **or equal to** its value, while the previous parameter only removed smaller ones.
  bw = morphology.remove_small_objects(bw.astype(bool), min_size=50)
D:\CGAIC\demo5\scripts\..\src\slots\..\..\..\demo4\src\features\traditional.py:247: FutureWarning: Parameter `min_size`
 is deprecated since version 0.26.0 and will be removed in 2.0.0 (or later). To avoid this warning, please use the para
meter `max_size` instead. For more details, see the documentation of `remove_small_objects`. Note that the new threshol
d removes objects smaller than **or equal to** its value, while the previous parameter only removed smaller ones.
  bw = morphology.remove_small_objects(bw.astype(bool), min_size=50)
D:\CGAIC\demo5\scripts\..\src\slots\..\..\..\demo4\src\features\traditional.py:247: FutureWarning: Parameter `min_size`
 is deprecated since version 0.26.0 and will be removed in 2.0.0 (or later). To avoid this warning, please use the para
meter `max_size` instead. For more details, see the documentation of `remove_small_objects`. Note that the new threshol
d removes objects smaller than **or equal to** its value, while the previous parameter only removed smaller ones.
  bw = morphology.remove_small_objects(bw.astype(bool), min_size=50)
D:\CGAIC\demo5\scripts\..\src\slots\..\..\..\demo4\src\features\traditional.py:247: FutureWarning: Parameter `min_size`
 is deprecated since version 0.26.0 and will be removed in 2.0.0 (or later). To avoid this warning, please use the para
meter `max_size` instead. For more details, see the documentation of `remove_small_objects`. Note that the new threshol
d removes objects smaller than **or equal to** its value, while the previous parameter only removed smaller ones.
  bw = morphology.remove_small_objects(bw.astype(bool), min_size=50)
D:\CGAIC\demo5\scripts\..\src\slots\..\..\..\demo4\src\features\traditional.py:247: FutureWarning: Parameter `min_size`
 is deprecated since version 0.26.0 and will be removed in 2.0.0 (or later). To avoid this warning, please use the para
meter `max_size` instead. For more details, see the documentation of `remove_small_objects`. Note that the new threshol
d removes objects smaller than **or equal to** its value, while the previous parameter only removed smaller ones.
  bw = morphology.remove_small_objects(bw.astype(bool), min_size=50)
D:\CGAIC\demo5\scripts\..\src\slots\..\..\..\demo4\src\features\traditional.py:247: FutureWarning: Parameter `min_size`
 is deprecated since version 0.26.0 and will be removed in 2.0.0 (or later). To avoid this warning, please use the para
meter `max_size` instead. For more details, see the documentation of `remove_small_objects`. Note that the new threshol
d removes objects smaller than **or equal to** its value, while the previous parameter only removed smaller ones.
  bw = morphology.remove_small_objects(bw.astype(bool), min_size=50)
D:\CGAIC\demo5\scripts\..\src\slots\..\..\..\demo4\src\features\traditional.py:247: FutureWarning: Parameter `min_size`
 is deprecated since version 0.26.0 and will be removed in 2.0.0 (or later). To avoid this warning, please use the para
meter `max_size` instead. For more details, see the documentation of `remove_small_objects`. Note that the new threshol
d removes objects smaller than **or equal to** its value, while the previous parameter only removed smaller ones.
  bw = morphology.remove_small_objects(bw.astype(bool), min_size=50)
D:\CGAIC\demo5\scripts\..\src\slots\..\..\..\demo4\src\features\traditional.py:247: FutureWarning: Parameter `min_size`
 is deprecated since version 0.26.0 and will be removed in 2.0.0 (or later). To avoid this warning, please use the para
meter `max_size` instead. For more details, see the documentation of `remove_small_objects`. Note that the new threshol
d removes objects smaller than **or equal to** its value, while the previous parameter only removed smaller ones.
  bw = morphology.remove_small_objects(bw.astype(bool), min_size=50)
D:\CGAIC\demo5\scripts\..\src\slots\..\..\..\demo4\src\features\traditional.py:247: FutureWarning: Parameter `min_size`
 is deprecated since version 0.26.0 and will be removed in 2.0.0 (or later). To avoid this warning, please use the para
meter `max_size` instead. For more details, see the documentation of `remove_small_objects`. Note that the new threshol
d removes objects smaller than **or equal to** its value, while the previous parameter only removed smaller ones.
  bw = morphology.remove_small_objects(bw.astype(bool), min_size=50)
D:\CGAIC\demo5\scripts\..\src\slots\..\..\..\demo4\src\features\traditional.py:247: FutureWarning: Parameter `min_size`
 is deprecated since version 0.26.0 and will be removed in 2.0.0 (or later). To avoid this warning, please use the para
meter `max_size` instead. For more details, see the documentation of `remove_small_objects`. Note that the new threshol
d removes objects smaller than **or equal to** its value, while the previous parameter only removed smaller ones.
  bw = morphology.remove_small_objects(bw.astype(bool), min_size=50)
D:\CGAIC\demo5\scripts\..\src\slots\..\..\..\demo4\src\features\traditional.py:247: FutureWarning: Parameter `min_size`
 is deprecated since version 0.26.0 and will be removed in 2.0.0 (or later). To avoid this warning, please use the para
meter `max_size` instead. For more details, see the documentation of `remove_small_objects`. Note that the new threshol
d removes objects smaller than **or equal to** its value, while the previous parameter only removed smaller ones.
  bw = morphology.remove_small_objects(bw.astype(bool), min_size=50)
D:\CGAIC\demo5\scripts\..\src\slots\..\..\..\demo4\src\features\traditional.py:247: FutureWarning: Parameter `min_size`
 is deprecated since version 0.26.0 and will be removed in 2.0.0 (or later). To avoid this warning, please use the para
meter `max_size` instead. For more details, see the documentation of `remove_small_objects`. Note that the new threshol
d removes objects smaller than **or equal to** its value, while the previous parameter only removed smaller ones.
  bw = morphology.remove_small_objects(bw.astype(bool), min_size=50)
D:\CGAIC\demo5\scripts\..\src\slots\..\..\..\demo4\src\features\traditional.py:247: FutureWarning: Parameter `min_size`
 is deprecated since version 0.26.0 and will be removed in 2.0.0 (or later). To avoid this warning, please use the para
meter `max_size` instead. For more details, see the documentation of `remove_small_objects`. Note that the new threshol
d removes objects smaller than **or equal to** its value, while the previous parameter only removed smaller ones.
  bw = morphology.remove_small_objects(bw.astype(bool), min_size=50)
D:\CGAIC\demo5\scripts\..\src\slots\..\..\..\demo4\src\features\traditional.py:247: FutureWarning: Parameter `min_size`
 is deprecated since version 0.26.0 and will be removed in 2.0.0 (or later). To avoid this warning, please use the para
meter `max_size` instead. For more details, see the documentation of `remove_small_objects`. Note that the new threshol
d removes objects smaller than **or equal to** its value, while the previous parameter only removed smaller ones.
  bw = morphology.remove_small_objects(bw.astype(bool), min_size=50)
D:\CGAIC\demo5\scripts\..\src\slots\..\..\..\demo4\src\features\traditional.py:247: FutureWarning: Parameter `min_size`
 is deprecated since version 0.26.0 and will be removed in 2.0.0 (or later). To avoid this warning, please use the para
meter `max_size` instead. For more details, see the documentation of `remove_small_objects`. Note that the new threshol
d removes objects smaller than **or equal to** its value, while the previous parameter only removed smaller ones.
  bw = morphology.remove_small_objects(bw.astype(bool), min_size=50)
D:\CGAIC\demo5\scripts\..\src\slots\..\..\..\demo4\src\features\traditional.py:247: FutureWarning: Parameter `min_size`
 is deprecated since version 0.26.0 and will be removed in 2.0.0 (or later). To avoid this warning, please use the para
meter `max_size` instead. For more details, see the documentation of `remove_small_objects`. Note that the new threshol
d removes objects smaller than **or equal to** its value, while the previous parameter only removed smaller ones.
  bw = morphology.remove_small_objects(bw.astype(bool), min_size=50)
D:\CGAIC\demo5\scripts\..\src\slots\..\..\..\demo4\src\features\traditional.py:247: FutureWarning: Parameter `min_size`
 is deprecated since version 0.26.0 and will be removed in 2.0.0 (or later). To avoid this warning, please use the para
meter `max_size` instead. For more details, see the documentation of `remove_small_objects`. Note that the new threshol
d removes objects smaller than **or equal to** its value, while the previous parameter only removed smaller ones.
  bw = morphology.remove_small_objects(bw.astype(bool), min_size=50)
D:\CGAIC\demo5\scripts\..\src\slots\..\..\..\demo4\src\features\traditional.py:247: FutureWarning: Parameter `min_size`
 is deprecated since version 0.26.0 and will be removed in 2.0.0 (or later). To avoid this warning, please use the para
meter `max_size` instead. For more details, see the documentation of `remove_small_objects`. Note that the new threshol
d removes objects smaller than **or equal to** its value, while the previous parameter only removed smaller ones.
  bw = morphology.remove_small_objects(bw.astype(bool), min_size=50)
D:\CGAIC\demo5\scripts\..\src\slots\..\..\..\demo4\src\features\traditional.py:247: FutureWarning: Parameter `min_size`
 is deprecated since version 0.26.0 and will be removed in 2.0.0 (or later). To avoid this warning, please use the para
meter `max_size` instead. For more details, see the documentation of `remove_small_objects`. Note that the new threshol
d removes objects smaller than **or equal to** its value, while the previous parameter only removed smaller ones.
  bw = morphology.remove_small_objects(bw.astype(bool), min_size=50)
D:\CGAIC\demo5\scripts\..\src\slots\..\..\..\demo4\src\features\traditional.py:247: FutureWarning: Parameter `min_size`
 is deprecated since version 0.26.0 and will be removed in 2.0.0 (or later). To avoid this warning, please use the para
meter `max_size` instead. For more details, see the documentation of `remove_small_objects`. Note that the new threshol
d removes objects smaller than **or equal to** its value, while the previous parameter only removed smaller ones.
  bw = morphology.remove_small_objects(bw.astype(bool), min_size=50)
D:\CGAIC\demo5\scripts\..\src\slots\..\..\..\demo4\src\features\traditional.py:247: FutureWarning: Parameter `min_size`
 is deprecated since version 0.26.0 and will be removed in 2.0.0 (or later). To avoid this warning, please use the para
meter `max_size` instead. For more details, see the documentation of `remove_small_objects`. Note that the new threshol
d removes objects smaller than **or equal to** its value, while the previous parameter only removed smaller ones.
  bw = morphology.remove_small_objects(bw.astype(bool), min_size=50)
D:\CGAIC\demo5\scripts\..\src\slots\..\..\..\demo4\src\features\traditional.py:247: FutureWarning: Parameter `min_size`
 is deprecated since version 0.26.0 and will be removed in 2.0.0 (or later). To avoid this warning, please use the para
meter `max_size` instead. For more details, see the documentation of `remove_small_objects`. Note that the new threshol
d removes objects smaller than **or equal to** its value, while the previous parameter only removed smaller ones.
  bw = morphology.remove_small_objects(bw.astype(bool), min_size=50)
D:\CGAIC\demo5\scripts\..\src\slots\..\..\..\demo4\src\features\traditional.py:247: FutureWarning: Parameter `min_size`
 is deprecated since version 0.26.0 and will be removed in 2.0.0 (or later). To avoid this warning, please use the para
meter `max_size` instead. For more details, see the documentation of `remove_small_objects`. Note that the new threshol
d removes objects smaller than **or equal to** its value, while the previous parameter only removed smaller ones.
  bw = morphology.remove_small_objects(bw.astype(bool), min_size=50)
D:\CGAIC\demo5\scripts\..\src\slots\..\..\..\demo4\src\features\traditional.py:247: FutureWarning: Parameter `min_size`
 is deprecated since version 0.26.0 and will be removed in 2.0.0 (or later). To avoid this warning, please use the para
meter `max_size` instead. For more details, see the documentation of `remove_small_objects`. Note that the new threshol
d removes objects smaller than **or equal to** its value, while the previous parameter only removed smaller ones.
  bw = morphology.remove_small_objects(bw.astype(bool), min_size=50)
D:\CGAIC\demo5\scripts\..\src\slots\..\..\..\demo4\src\features\traditional.py:247: FutureWarning: Parameter `min_size`
 is deprecated since version 0.26.0 and will be removed in 2.0.0 (or later). To avoid this warning, please use the para
meter `max_size` instead. For more details, see the documentation of `remove_small_objects`. Note that the new threshol
d removes objects smaller than **or equal to** its value, while the previous parameter only removed smaller ones.
  bw = morphology.remove_small_objects(bw.astype(bool), min_size=50)
  [lc] 反馈=30 锚定集AUROC=0.9153 F1=0.9048
D:\CGAIC\demo5\scripts\..\src\slots\..\..\..\demo4\src\features\traditional.py:247: FutureWarning: Parameter `min_size`
 is deprecated since version 0.26.0 and will be removed in 2.0.0 (or later). To avoid this warning, please use the para
meter `max_size` instead. For more details, see the documentation of `remove_small_objects`. Note that the new threshol
d removes objects smaller than **or equal to** its value, while the previous parameter only removed smaller ones.
  bw = morphology.remove_small_objects(bw.astype(bool), min_size=50)
D:\CGAIC\demo5\scripts\..\src\slots\..\..\..\demo4\src\features\traditional.py:247: FutureWarning: Parameter `min_size`
 is deprecated since version 0.26.0 and will be removed in 2.0.0 (or later). To avoid this warning, please use the para
meter `max_size` instead. For more details, see the documentation of `remove_small_objects`. Note that the new threshol
d removes objects smaller than **or equal to** its value, while the previous parameter only removed smaller ones.
  bw = morphology.remove_small_objects(bw.astype(bool), min_size=50)
D:\CGAIC\demo5\scripts\..\src\slots\..\..\..\demo4\src\features\traditional.py:247: FutureWarning: Parameter `min_size`
 is deprecated since version 0.26.0 and will be removed in 2.0.0 (or later). To avoid this warning, please use the para
meter `max_size` instead. For more details, see the documentation of `remove_small_objects`. Note that the new threshol
d removes objects smaller than **or equal to** its value, while the previous parameter only removed smaller ones.
  bw = morphology.remove_small_objects(bw.astype(bool), min_size=50)
D:\CGAIC\demo5\scripts\..\src\slots\..\..\..\demo4\src\features\traditional.py:247: FutureWarning: Parameter `min_size`
 is deprecated since version 0.26.0 and will be removed in 2.0.0 (or later). To avoid this warning, please use the para
meter `max_size` instead. For more details, see the documentation of `remove_small_objects`. Note that the new threshol
d removes objects smaller than **or equal to** its value, while the previous parameter only removed smaller ones.
  bw = morphology.remove_small_objects(bw.astype(bool), min_size=50)
D:\CGAIC\demo5\scripts\..\src\slots\..\..\..\demo4\src\features\traditional.py:247: FutureWarning: Parameter `min_size`
 is deprecated since version 0.26.0 and will be removed in 2.0.0 (or later). To avoid this warning, please use the para
meter `max_size` instead. For more details, see the documentation of `remove_small_objects`. Note that the new threshol
d removes objects smaller than **or equal to** its value, while the previous parameter only removed smaller ones.
  bw = morphology.remove_small_objects(bw.astype(bool), min_size=50)
D:\CGAIC\demo5\scripts\..\src\slots\..\..\..\demo4\src\features\traditional.py:247: FutureWarning: Parameter `min_size`
 is deprecated since version 0.26.0 and will be removed in 2.0.0 (or later). To avoid this warning, please use the para
meter `max_size` instead. For more details, see the documentation of `remove_small_objects`. Note that the new threshol
d removes objects smaller than **or equal to** its value, while the previous parameter only removed smaller ones.
  bw = morphology.remove_small_objects(bw.astype(bool), min_size=50)
D:\CGAIC\demo5\scripts\..\src\slots\..\..\..\demo4\src\features\traditional.py:247: FutureWarning: Parameter `min_size`
 is deprecated since version 0.26.0 and will be removed in 2.0.0 (or later). To avoid this warning, please use the para
meter `max_size` instead. For more details, see the documentation of `remove_small_objects`. Note that the new threshol
d removes objects smaller than **or equal to** its value, while the previous parameter only removed smaller ones.
  bw = morphology.remove_small_objects(bw.astype(bool), min_size=50)
D:\CGAIC\demo5\scripts\..\src\slots\..\..\..\demo4\src\features\traditional.py:247: FutureWarning: Parameter `min_size`
 is deprecated since version 0.26.0 and will be removed in 2.0.0 (or later). To avoid this warning, please use the para
meter `max_size` instead. For more details, see the documentation of `remove_small_objects`. Note that the new threshol
d removes objects smaller than **or equal to** its value, while the previous parameter only removed smaller ones.
  bw = morphology.remove_small_objects(bw.astype(bool), min_size=50)
D:\CGAIC\demo5\scripts\..\src\slots\..\..\..\demo4\src\features\traditional.py:247: FutureWarning: Parameter `min_size`
 is deprecated since version 0.26.0 and will be removed in 2.0.0 (or later). To avoid this warning, please use the para
meter `max_size` instead. For more details, see the documentation of `remove_small_objects`. Note that the new threshol
d removes objects smaller than **or equal to** its value, while the previous parameter only removed smaller ones.
  bw = morphology.remove_small_objects(bw.astype(bool), min_size=50)
D:\CGAIC\demo5\scripts\..\src\slots\..\..\..\demo4\src\features\traditional.py:247: FutureWarning: Parameter `min_size`
 is deprecated since version 0.26.0 and will be removed in 2.0.0 (or later). To avoid this warning, please use the para
meter `max_size` instead. For more details, see the documentation of `remove_small_objects`. Note that the new threshol
d removes objects smaller than **or equal to** its value, while the previous parameter only removed smaller ones.
  bw = morphology.remove_small_objects(bw.astype(bool), min_size=50)
[ssocl] U62 虚高检测: 槽位 layout 正常反馈 18 条 虚高率 0.56 → CDF 重估（反馈正常原始分并入校准分布）
D:\CGAIC\demo5\scripts\..\src\slots\..\..\..\demo4\src\features\traditional.py:247: FutureWarning: Parameter `min_size`
 is deprecated since version 0.26.0 and will be removed in 2.0.0 (or later). To avoid this warning, please use the para
meter `max_size` instead. For more details, see the documentation of `remove_small_objects`. Note that the new threshol
d removes objects smaller than **or equal to** its value, while the previous parameter only removed smaller ones.
  bw = morphology.remove_small_objects(bw.astype(bool), min_size=50)
D:\CGAIC\demo5\scripts\..\src\slots\..\..\..\demo4\src\features\traditional.py:247: FutureWarning: Parameter `min_size`
 is deprecated since version 0.26.0 and will be removed in 2.0.0 (or later). To avoid this warning, please use the para
meter `max_size` instead. For more details, see the documentation of `remove_small_objects`. Note that the new threshol
d removes objects smaller than **or equal to** its value, while the previous parameter only removed smaller ones.
  bw = morphology.remove_small_objects(bw.astype(bool), min_size=50)
D:\CGAIC\demo5\scripts\..\src\slots\..\..\..\demo4\src\features\traditional.py:247: FutureWarning: Parameter `min_size`
 is deprecated since version 0.26.0 and will be removed in 2.0.0 (or later). To avoid this warning, please use the para
meter `max_size` instead. For more details, see the documentation of `remove_small_objects`. Note that the new threshol
d removes objects smaller than **or equal to** its value, while the previous parameter only removed smaller ones.
  bw = morphology.remove_small_objects(bw.astype(bool), min_size=50)
D:\CGAIC\demo5\scripts\..\src\slots\..\..\..\demo4\src\features\traditional.py:247: FutureWarning: Parameter `min_size`
 is deprecated since version 0.26.0 and will be removed in 2.0.0 (or later). To avoid this warning, please use the para
meter `max_size` instead. For more details, see the documentation of `remove_small_objects`. Note that the new threshol
d removes objects smaller than **or equal to** its value, while the previous parameter only removed smaller ones.
  bw = morphology.remove_small_objects(bw.astype(bool), min_size=50)
D:\CGAIC\demo5\scripts\..\src\slots\..\..\..\demo4\src\features\traditional.py:247: FutureWarning: Parameter `min_size`
 is deprecated since version 0.26.0 and will be removed in 2.0.0 (or later). To avoid this warning, please use the para
meter `max_size` instead. For more details, see the documentation of `remove_small_objects`. Note that the new threshol
d removes objects smaller than **or equal to** its value, while the previous parameter only removed smaller ones.
  bw = morphology.remove_small_objects(bw.astype(bool), min_size=50)
D:\CGAIC\demo5\scripts\..\src\slots\..\..\..\demo4\src\features\traditional.py:247: FutureWarning: Parameter `min_size`
 is deprecated since version 0.26.0 and will be removed in 2.0.0 (or later). To avoid this warning, please use the para
meter `max_size` instead. For more details, see the documentation of `remove_small_objects`. Note that the new threshol
d removes objects smaller than **or equal to** its value, while the previous parameter only removed smaller ones.
  bw = morphology.remove_small_objects(bw.astype(bool), min_size=50)
D:\CGAIC\demo5\scripts\..\src\slots\..\..\..\demo4\src\features\traditional.py:247: FutureWarning: Parameter `min_size`
 is deprecated since version 0.26.0 and will be removed in 2.0.0 (or later). To avoid this warning, please use the para
meter `max_size` instead. For more details, see the documentation of `remove_small_objects`. Note that the new threshol
d removes objects smaller than **or equal to** its value, while the previous parameter only removed smaller ones.
  bw = morphology.remove_small_objects(bw.astype(bool), min_size=50)
D:\CGAIC\demo5\scripts\..\src\slots\..\..\..\demo4\src\features\traditional.py:247: FutureWarning: Parameter `min_size`
 is deprecated since version 0.26.0 and will be removed in 2.0.0 (or later). To avoid this warning, please use the para
meter `max_size` instead. For more details, see the documentation of `remove_small_objects`. Note that the new threshol
d removes objects smaller than **or equal to** its value, while the previous parameter only removed smaller ones.
  bw = morphology.remove_small_objects(bw.astype(bool), min_size=50)
D:\CGAIC\demo5\scripts\..\src\slots\..\..\..\demo4\src\features\traditional.py:247: FutureWarning: Parameter `min_size`
 is deprecated since version 0.26.0 and will be removed in 2.0.0 (or later). To avoid this warning, please use the para
meter `max_size` instead. For more details, see the documentation of `remove_small_objects`. Note that the new threshol
d removes objects smaller than **or equal to** its value, while the previous parameter only removed smaller ones.
  bw = morphology.remove_small_objects(bw.astype(bool), min_size=50)
D:\CGAIC\demo5\scripts\..\src\slots\..\..\..\demo4\src\features\traditional.py:247: FutureWarning: Parameter `min_size`
 is deprecated since version 0.26.0 and will be removed in 2.0.0 (or later). To avoid this warning, please use the para
meter `max_size` instead. For more details, see the documentation of `remove_small_objects`. Note that the new threshol
d removes objects smaller than **or equal to** its value, while the previous parameter only removed smaller ones.
  bw = morphology.remove_small_objects(bw.astype(bool), min_size=50)
D:\CGAIC\demo5\scripts\..\src\slots\..\..\..\demo4\src\features\traditional.py:247: FutureWarning: Parameter `min_size`
 is deprecated since version 0.26.0 and will be removed in 2.0.0 (or later). To avoid this warning, please use the para
meter `max_size` instead. For more details, see the documentation of `remove_small_objects`. Note that the new threshol
d removes objects smaller than **or equal to** its value, while the previous parameter only removed smaller ones.
  bw = morphology.remove_small_objects(bw.astype(bool), min_size=50)
D:\CGAIC\demo5\scripts\..\src\slots\..\..\..\demo4\src\features\traditional.py:247: FutureWarning: Parameter `min_size`
 is deprecated since version 0.26.0 and will be removed in 2.0.0 (or later). To avoid this warning, please use the para
meter `max_size` instead. For more details, see the documentation of `remove_small_objects`. Note that the new threshol
d removes objects smaller than **or equal to** its value, while the previous parameter only removed smaller ones.
  bw = morphology.remove_small_objects(bw.astype(bool), min_size=50)
D:\CGAIC\demo5\scripts\..\src\slots\..\..\..\demo4\src\features\traditional.py:247: FutureWarning: Parameter `min_size`
 is deprecated since version 0.26.0 and will be removed in 2.0.0 (or later). To avoid this warning, please use the para
meter `max_size` instead. For more details, see the documentation of `remove_small_objects`. Note that the new threshol
d removes objects smaller than **or equal to** its value, while the previous parameter only removed smaller ones.
  bw = morphology.remove_small_objects(bw.astype(bool), min_size=50)
D:\CGAIC\demo5\scripts\..\src\slots\..\..\..\demo4\src\features\traditional.py:247: FutureWarning: Parameter `min_size`
 is deprecated since version 0.26.0 and will be removed in 2.0.0 (or later). To avoid this warning, please use the para
meter `max_size` instead. For more details, see the documentation of `remove_small_objects`. Note that the new threshol
d removes objects smaller than **or equal to** its value, while the previous parameter only removed smaller ones.
  bw = morphology.remove_small_objects(bw.astype(bool), min_size=50)
D:\CGAIC\demo5\scripts\..\src\slots\..\..\..\demo4\src\features\traditional.py:247: FutureWarning: Parameter `min_size`
 is deprecated since version 0.26.0 and will be removed in 2.0.0 (or later). To avoid this warning, please use the para
meter `max_size` instead. For more details, see the documentation of `remove_small_objects`. Note that the new threshol
d removes objects smaller than **or equal to** its value, while the previous parameter only removed smaller ones.
  bw = morphology.remove_small_objects(bw.astype(bool), min_size=50)
D:\CGAIC\demo5\scripts\..\src\slots\..\..\..\demo4\src\features\traditional.py:247: FutureWarning: Parameter `min_size`
 is deprecated since version 0.26.0 and will be removed in 2.0.0 (or later). To avoid this warning, please use the para
meter `max_size` instead. For more details, see the documentation of `remove_small_objects`. Note that the new threshol
d removes objects smaller than **or equal to** its value, while the previous parameter only removed smaller ones.
  bw = morphology.remove_small_objects(bw.astype(bool), min_size=50)
D:\CGAIC\demo5\scripts\..\src\slots\..\..\..\demo4\src\features\traditional.py:247: FutureWarning: Parameter `min_size`
 is deprecated since version 0.26.0 and will be removed in 2.0.0 (or later). To avoid this warning, please use the para
meter `max_size` instead. For more details, see the documentation of `remove_small_objects`. Note that the new threshol
d removes objects smaller than **or equal to** its value, while the previous parameter only removed smaller ones.
  bw = morphology.remove_small_objects(bw.astype(bool), min_size=50)
D:\CGAIC\demo5\scripts\..\src\slots\..\..\..\demo4\src\features\traditional.py:247: FutureWarning: Parameter `min_size`
 is deprecated since version 0.26.0 and will be removed in 2.0.0 (or later). To avoid this warning, please use the para
meter `max_size` instead. For more details, see the documentation of `remove_small_objects`. Note that the new threshol
d removes objects smaller than **or equal to** its value, while the previous parameter only removed smaller ones.
  bw = morphology.remove_small_objects(bw.astype(bool), min_size=50)
D:\CGAIC\demo5\scripts\..\src\slots\..\..\..\demo4\src\features\traditional.py:247: FutureWarning: Parameter `min_size`
 is deprecated since version 0.26.0 and will be removed in 2.0.0 (or later). To avoid this warning, please use the para
meter `max_size` instead. For more details, see the documentation of `remove_small_objects`. Note that the new threshol
d removes objects smaller than **or equal to** its value, while the previous parameter only removed smaller ones.
  bw = morphology.remove_small_objects(bw.astype(bool), min_size=50)
D:\CGAIC\demo5\scripts\..\src\slots\..\..\..\demo4\src\features\traditional.py:247: FutureWarning: Parameter `min_size`
 is deprecated since version 0.26.0 and will be removed in 2.0.0 (or later). To avoid this warning, please use the para
meter `max_size` instead. For more details, see the documentation of `remove_small_objects`. Note that the new threshol
d removes objects smaller than **or equal to** its value, while the previous parameter only removed smaller ones.
  bw = morphology.remove_small_objects(bw.astype(bool), min_size=50)
[ssocl] U62 门控否决: 锚定集漂移 0.279 > tol，回滚虚高重估（冷却 10 反馈）
D:\CGAIC\demo5\scripts\..\src\slots\..\..\..\demo4\src\features\traditional.py:247: FutureWarning: Parameter `min_size`
 is deprecated since version 0.26.0 and will be removed in 2.0.0 (or later). To avoid this warning, please use the para
meter `max_size` instead. For more details, see the documentation of `remove_small_objects`. Note that the new threshol
d removes objects smaller than **or equal to** its value, while the previous parameter only removed smaller ones.
  bw = morphology.remove_small_objects(bw.astype(bool), min_size=50)
D:\CGAIC\demo5\scripts\..\src\slots\..\..\..\demo4\src\features\traditional.py:247: FutureWarning: Parameter `min_size`
 is deprecated since version 0.26.0 and will be removed in 2.0.0 (or later). To avoid this warning, please use the para
meter `max_size` instead. For more details, see the documentation of `remove_small_objects`. Note that the new threshol
d removes objects smaller than **or equal to** its value, while the previous parameter only removed smaller ones.
  bw = morphology.remove_small_objects(bw.astype(bool), min_size=50)
[ssocl] U62 虚高检测: 槽位 disc 正常反馈 19 条 虚高率 0.74 → CDF 重估（反馈正常原始分并入校准分布）
[ssocl] U62 虚高检测: 槽位 trad 正常反馈 19 条 虚高率 1.00 → CDF 重估（反馈正常原始分并入校准分布）
D:\CGAIC\demo5\scripts\..\src\slots\..\..\..\demo4\src\features\traditional.py:247: FutureWarning: Parameter `min_size`
 is deprecated since version 0.26.0 and will be removed in 2.0.0 (or later). To avoid this warning, please use the para
meter `max_size` instead. For more details, see the documentation of `remove_small_objects`. Note that the new threshol
d removes objects smaller than **or equal to** its value, while the previous parameter only removed smaller ones.
  bw = morphology.remove_small_objects(bw.astype(bool), min_size=50)
D:\CGAIC\demo5\scripts\..\src\slots\..\..\..\demo4\src\features\traditional.py:247: FutureWarning: Parameter `min_size`
 is deprecated since version 0.26.0 and will be removed in 2.0.0 (or later). To avoid this warning, please use the para
meter `max_size` instead. For more details, see the documentation of `remove_small_objects`. Note that the new threshol
d removes objects smaller than **or equal to** its value, while the previous parameter only removed smaller ones.
  bw = morphology.remove_small_objects(bw.astype(bool), min_size=50)
D:\CGAIC\demo5\scripts\..\src\slots\..\..\..\demo4\src\features\traditional.py:247: FutureWarning: Parameter `min_size`
 is deprecated since version 0.26.0 and will be removed in 2.0.0 (or later). To avoid this warning, please use the para
meter `max_size` instead. For more details, see the documentation of `remove_small_objects`. Note that the new threshol
d removes objects smaller than **or equal to** its value, while the previous parameter only removed smaller ones.
  bw = morphology.remove_small_objects(bw.astype(bool), min_size=50)
D:\CGAIC\demo5\scripts\..\src\slots\..\..\..\demo4\src\features\traditional.py:247: FutureWarning: Parameter `min_size`
 is deprecated since version 0.26.0 and will be removed in 2.0.0 (or later). To avoid this warning, please use the para
meter `max_size` instead. For more details, see the documentation of `remove_small_objects`. Note that the new threshol
d removes objects smaller than **or equal to** its value, while the previous parameter only removed smaller ones.
  bw = morphology.remove_small_objects(bw.astype(bool), min_size=50)
D:\CGAIC\demo5\scripts\..\src\slots\..\..\..\demo4\src\features\traditional.py:247: FutureWarning: Parameter `min_size`
 is deprecated since version 0.26.0 and will be removed in 2.0.0 (or later). To avoid this warning, please use the para
meter `max_size` instead. For more details, see the documentation of `remove_small_objects`. Note that the new threshol
d removes objects smaller than **or equal to** its value, while the previous parameter only removed smaller ones.
  bw = morphology.remove_small_objects(bw.astype(bool), min_size=50)
D:\CGAIC\demo5\scripts\..\src\slots\..\..\..\demo4\src\features\traditional.py:247: FutureWarning: Parameter `min_size`
 is deprecated since version 0.26.0 and will be removed in 2.0.0 (or later). To avoid this warning, please use the para
meter `max_size` instead. For more details, see the documentation of `remove_small_objects`. Note that the new threshol
d removes objects smaller than **or equal to** its value, while the previous parameter only removed smaller ones.
  bw = morphology.remove_small_objects(bw.astype(bool), min_size=50)
D:\CGAIC\demo5\scripts\..\src\slots\..\..\..\demo4\src\features\traditional.py:247: FutureWarning: Parameter `min_size`
 is deprecated since version 0.26.0 and will be removed in 2.0.0 (or later). To avoid this warning, please use the para
meter `max_size` instead. For more details, see the documentation of `remove_small_objects`. Note that the new threshol
d removes objects smaller than **or equal to** its value, while the previous parameter only removed smaller ones.
  bw = morphology.remove_small_objects(bw.astype(bool), min_size=50)
D:\CGAIC\demo5\scripts\..\src\slots\..\..\..\demo4\src\features\traditional.py:247: FutureWarning: Parameter `min_size`
 is deprecated since version 0.26.0 and will be removed in 2.0.0 (or later). To avoid this warning, please use the para
meter `max_size` instead. For more details, see the documentation of `remove_small_objects`. Note that the new threshol
d removes objects smaller than **or equal to** its value, while the previous parameter only removed smaller ones.
  bw = morphology.remove_small_objects(bw.astype(bool), min_size=50)
D:\CGAIC\demo5\scripts\..\src\slots\..\..\..\demo4\src\features\traditional.py:247: FutureWarning: Parameter `min_size`
 is deprecated since version 0.26.0 and will be removed in 2.0.0 (or later). To avoid this warning, please use the para
meter `max_size` instead. For more details, see the documentation of `remove_small_objects`. Note that the new threshol
d removes objects smaller than **or equal to** its value, while the previous parameter only removed smaller ones.
  bw = morphology.remove_small_objects(bw.astype(bool), min_size=50)
D:\CGAIC\demo5\scripts\..\src\slots\..\..\..\demo4\src\features\traditional.py:247: FutureWarning: Parameter `min_size`
 is deprecated since version 0.26.0 and will be removed in 2.0.0 (or later). To avoid this warning, please use the para
meter `max_size` instead. For more details, see the documentation of `remove_small_objects`. Note that the new threshol
d removes objects smaller than **or equal to** its value, while the previous parameter only removed smaller ones.
  bw = morphology.remove_small_objects(bw.astype(bool), min_size=50)
D:\CGAIC\demo5\scripts\..\src\slots\..\..\..\demo4\src\features\traditional.py:247: FutureWarning: Parameter `min_size`
 is deprecated since version 0.26.0 and will be removed in 2.0.0 (or later). To avoid this warning, please use the para
meter `max_size` instead. For more details, see the documentation of `remove_small_objects`. Note that the new threshol
d removes objects smaller than **or equal to** its value, while the previous parameter only removed smaller ones.
  bw = morphology.remove_small_objects(bw.astype(bool), min_size=50)
D:\CGAIC\demo5\scripts\..\src\slots\..\..\..\demo4\src\features\traditional.py:247: FutureWarning: Parameter `min_size`
 is deprecated since version 0.26.0 and will be removed in 2.0.0 (or later). To avoid this warning, please use the para
meter `max_size` instead. For more details, see the documentation of `remove_small_objects`. Note that the new threshol
d removes objects smaller than **or equal to** its value, while the previous parameter only removed smaller ones.
  bw = morphology.remove_small_objects(bw.astype(bool), min_size=50)
D:\CGAIC\demo5\scripts\..\src\slots\..\..\..\demo4\src\features\traditional.py:247: FutureWarning: Parameter `min_size`
 is deprecated since version 0.26.0 and will be removed in 2.0.0 (or later). To avoid this warning, please use the para
meter `max_size` instead. For more details, see the documentation of `remove_small_objects`. Note that the new threshol
d removes objects smaller than **or equal to** its value, while the previous parameter only removed smaller ones.
  bw = morphology.remove_small_objects(bw.astype(bool), min_size=50)
D:\CGAIC\demo5\scripts\..\src\slots\..\..\..\demo4\src\features\traditional.py:247: FutureWarning: Parameter `min_size`
 is deprecated since version 0.26.0 and will be removed in 2.0.0 (or later). To avoid this warning, please use the para
meter `max_size` instead. For more details, see the documentation of `remove_small_objects`. Note that the new threshol
d removes objects smaller than **or equal to** its value, while the previous parameter only removed smaller ones.
  bw = morphology.remove_small_objects(bw.astype(bool), min_size=50)
D:\CGAIC\demo5\scripts\..\src\slots\..\..\..\demo4\src\features\traditional.py:247: FutureWarning: Parameter `min_size`
 is deprecated since version 0.26.0 and will be removed in 2.0.0 (or later). To avoid this warning, please use the para
meter `max_size` instead. For more details, see the documentation of `remove_small_objects`. Note that the new threshol
d removes objects smaller than **or equal to** its value, while the previous parameter only removed smaller ones.
  bw = morphology.remove_small_objects(bw.astype(bool), min_size=50)
D:\CGAIC\demo5\scripts\..\src\slots\..\..\..\demo4\src\features\traditional.py:247: FutureWarning: Parameter `min_size`
 is deprecated since version 0.26.0 and will be removed in 2.0.0 (or later). To avoid this warning, please use the para
meter `max_size` instead. For more details, see the documentation of `remove_small_objects`. Note that the new threshol
d removes objects smaller than **or equal to** its value, while the previous parameter only removed smaller ones.
  bw = morphology.remove_small_objects(bw.astype(bool), min_size=50)
D:\CGAIC\demo5\scripts\..\src\slots\..\..\..\demo4\src\features\traditional.py:247: FutureWarning: Parameter `min_size`
 is deprecated since version 0.26.0 and will be removed in 2.0.0 (or later). To avoid this warning, please use the para
meter `max_size` instead. For more details, see the documentation of `remove_small_objects`. Note that the new threshol
d removes objects smaller than **or equal to** its value, while the previous parameter only removed smaller ones.
  bw = morphology.remove_small_objects(bw.astype(bool), min_size=50)
D:\CGAIC\demo5\scripts\..\src\slots\..\..\..\demo4\src\features\traditional.py:247: FutureWarning: Parameter `min_size`
 is deprecated since version 0.26.0 and will be removed in 2.0.0 (or later). To avoid this warning, please use the para
meter `max_size` instead. For more details, see the documentation of `remove_small_objects`. Note that the new threshol
d removes objects smaller than **or equal to** its value, while the previous parameter only removed smaller ones.
  bw = morphology.remove_small_objects(bw.astype(bool), min_size=50)
D:\CGAIC\demo5\scripts\..\src\slots\..\..\..\demo4\src\features\traditional.py:247: FutureWarning: Parameter `min_size`
 is deprecated since version 0.26.0 and will be removed in 2.0.0 (or later). To avoid this warning, please use the para
meter `max_size` instead. For more details, see the documentation of `remove_small_objects`. Note that the new threshol
d removes objects smaller than **or equal to** its value, while the previous parameter only removed smaller ones.
  bw = morphology.remove_small_objects(bw.astype(bool), min_size=50)
D:\CGAIC\demo5\scripts\..\src\slots\..\..\..\demo4\src\features\traditional.py:247: FutureWarning: Parameter `min_size`
 is deprecated since version 0.26.0 and will be removed in 2.0.0 (or later). To avoid this warning, please use the para
meter `max_size` instead. For more details, see the documentation of `remove_small_objects`. Note that the new threshol
d removes objects smaller than **or equal to** its value, while the previous parameter only removed smaller ones.
  bw = morphology.remove_small_objects(bw.astype(bool), min_size=50)
[ssocl] U62 门控否决: 锚定集漂移 0.273 > tol，回滚虚高重估（冷却 10 反馈）
D:\CGAIC\demo5\scripts\..\src\slots\..\..\..\demo4\src\features\traditional.py:247: FutureWarning: Parameter `min_size`
 is deprecated since version 0.26.0 and will be removed in 2.0.0 (or later). To avoid this warning, please use the para
meter `max_size` instead. For more details, see the documentation of `remove_small_objects`. Note that the new threshol
d removes objects smaller than **or equal to** its value, while the previous parameter only removed smaller ones.
  bw = morphology.remove_small_objects(bw.astype(bool), min_size=50)
D:\CGAIC\demo5\scripts\..\src\slots\..\..\..\demo4\src\features\traditional.py:247: FutureWarning: Parameter `min_size`
 is deprecated since version 0.26.0 and will be removed in 2.0.0 (or later). To avoid this warning, please use the para
meter `max_size` instead. For more details, see the documentation of `remove_small_objects`. Note that the new threshol
d removes objects smaller than **or equal to** its value, while the previous parameter only removed smaller ones.
  bw = morphology.remove_small_objects(bw.astype(bool), min_size=50)
[ssocl] U62 虚高检测: 槽位 inp 正常反馈 20 条 虚高率 0.50 → CDF 重估（反馈正常原始分并入校准分布）
D:\CGAIC\demo5\scripts\..\src\slots\..\..\..\demo4\src\features\traditional.py:247: FutureWarning: Parameter `min_size`
 is deprecated since version 0.26.0 and will be removed in 2.0.0 (or later). To avoid this warning, please use the para
meter `max_size` instead. For more details, see the documentation of `remove_small_objects`. Note that the new threshol
d removes objects smaller than **or equal to** its value, while the previous parameter only removed smaller ones.
  bw = morphology.remove_small_objects(bw.astype(bool), min_size=50)
D:\CGAIC\demo5\scripts\..\src\slots\..\..\..\demo4\src\features\traditional.py:247: FutureWarning: Parameter `min_size`
 is deprecated since version 0.26.0 and will be removed in 2.0.0 (or later). To avoid this warning, please use the para
meter `max_size` instead. For more details, see the documentation of `remove_small_objects`. Note that the new threshol
d removes objects smaller than **or equal to** its value, while the previous parameter only removed smaller ones.
  bw = morphology.remove_small_objects(bw.astype(bool), min_size=50)
D:\CGAIC\demo5\scripts\..\src\slots\..\..\..\demo4\src\features\traditional.py:247: FutureWarning: Parameter `min_size`
 is deprecated since version 0.26.0 and will be removed in 2.0.0 (or later). To avoid this warning, please use the para
meter `max_size` instead. For more details, see the documentation of `remove_small_objects`. Note that the new threshol
d removes objects smaller than **or equal to** its value, while the previous parameter only removed smaller ones.
  bw = morphology.remove_small_objects(bw.astype(bool), min_size=50)
D:\CGAIC\demo5\scripts\..\src\slots\..\..\..\demo4\src\features\traditional.py:247: FutureWarning: Parameter `min_size`
 is deprecated since version 0.26.0 and will be removed in 2.0.0 (or later). To avoid this warning, please use the para
meter `max_size` instead. For more details, see the documentation of `remove_small_objects`. Note that the new threshol
d removes objects smaller than **or equal to** its value, while the previous parameter only removed smaller ones.
  bw = morphology.remove_small_objects(bw.astype(bool), min_size=50)
D:\CGAIC\demo5\scripts\..\src\slots\..\..\..\demo4\src\features\traditional.py:247: FutureWarning: Parameter `min_size`
 is deprecated since version 0.26.0 and will be removed in 2.0.0 (or later). To avoid this warning, please use the para
meter `max_size` instead. For more details, see the documentation of `remove_small_objects`. Note that the new threshol
d removes objects smaller than **or equal to** its value, while the previous parameter only removed smaller ones.
  bw = morphology.remove_small_objects(bw.astype(bool), min_size=50)
D:\CGAIC\demo5\scripts\..\src\slots\..\..\..\demo4\src\features\traditional.py:247: FutureWarning: Parameter `min_size`
 is deprecated since version 0.26.0 and will be removed in 2.0.0 (or later). To avoid this warning, please use the para
meter `max_size` instead. For more details, see the documentation of `remove_small_objects`. Note that the new threshol
d removes objects smaller than **or equal to** its value, while the previous parameter only removed smaller ones.
  bw = morphology.remove_small_objects(bw.astype(bool), min_size=50)
D:\CGAIC\demo5\scripts\..\src\slots\..\..\..\demo4\src\features\traditional.py:247: FutureWarning: Parameter `min_size`
 is deprecated since version 0.26.0 and will be removed in 2.0.0 (or later). To avoid this warning, please use the para
meter `max_size` instead. For more details, see the documentation of `remove_small_objects`. Note that the new threshol
d removes objects smaller than **or equal to** its value, while the previous parameter only removed smaller ones.
  bw = morphology.remove_small_objects(bw.astype(bool), min_size=50)
D:\CGAIC\demo5\scripts\..\src\slots\..\..\..\demo4\src\features\traditional.py:247: FutureWarning: Parameter `min_size`
 is deprecated since version 0.26.0 and will be removed in 2.0.0 (or later). To avoid this warning, please use the para
meter `max_size` instead. For more details, see the documentation of `remove_small_objects`. Note that the new threshol
d removes objects smaller than **or equal to** its value, while the previous parameter only removed smaller ones.
  bw = morphology.remove_small_objects(bw.astype(bool), min_size=50)
D:\CGAIC\demo5\scripts\..\src\slots\..\..\..\demo4\src\features\traditional.py:247: FutureWarning: Parameter `min_size`
 is deprecated since version 0.26.0 and will be removed in 2.0.0 (or later). To avoid this warning, please use the para
meter `max_size` instead. For more details, see the documentation of `remove_small_objects`. Note that the new threshol
d removes objects smaller than **or equal to** its value, while the previous parameter only removed smaller ones.
  bw = morphology.remove_small_objects(bw.astype(bool), min_size=50)
D:\CGAIC\demo5\scripts\..\src\slots\..\..\..\demo4\src\features\traditional.py:247: FutureWarning: Parameter `min_size`
 is deprecated since version 0.26.0 and will be removed in 2.0.0 (or later). To avoid this warning, please use the para
meter `max_size` instead. For more details, see the documentation of `remove_small_objects`. Note that the new threshol
d removes objects smaller than **or equal to** its value, while the previous parameter only removed smaller ones.
  bw = morphology.remove_small_objects(bw.astype(bool), min_size=50)
D:\CGAIC\demo5\scripts\..\src\slots\..\..\..\demo4\src\features\traditional.py:247: FutureWarning: Parameter `min_size`
 is deprecated since version 0.26.0 and will be removed in 2.0.0 (or later). To avoid this warning, please use the para
meter `max_size` instead. For more details, see the documentation of `remove_small_objects`. Note that the new threshol
d removes objects smaller than **or equal to** its value, while the previous parameter only removed smaller ones.
  bw = morphology.remove_small_objects(bw.astype(bool), min_size=50)
D:\CGAIC\demo5\scripts\..\src\slots\..\..\..\demo4\src\features\traditional.py:247: FutureWarning: Parameter `min_size`
 is deprecated since version 0.26.0 and will be removed in 2.0.0 (or later). To avoid this warning, please use the para
meter `max_size` instead. For more details, see the documentation of `remove_small_objects`. Note that the new threshol
d removes objects smaller than **or equal to** its value, while the previous parameter only removed smaller ones.
  bw = morphology.remove_small_objects(bw.astype(bool), min_size=50)
D:\CGAIC\demo5\scripts\..\src\slots\..\..\..\demo4\src\features\traditional.py:247: FutureWarning: Parameter `min_size`
 is deprecated since version 0.26.0 and will be removed in 2.0.0 (or later). To avoid this warning, please use the para
meter `max_size` instead. For more details, see the documentation of `remove_small_objects`. Note that the new threshol
d removes objects smaller than **or equal to** its value, while the previous parameter only removed smaller ones.
  bw = morphology.remove_small_objects(bw.astype(bool), min_size=50)
D:\CGAIC\demo5\scripts\..\src\slots\..\..\..\demo4\src\features\traditional.py:247: FutureWarning: Parameter `min_size`
 is deprecated since version 0.26.0 and will be removed in 2.0.0 (or later). To avoid this warning, please use the para
meter `max_size` instead. For more details, see the documentation of `remove_small_objects`. Note that the new threshol
d removes objects smaller than **or equal to** its value, while the previous parameter only removed smaller ones.
  bw = morphology.remove_small_objects(bw.astype(bool), min_size=50)
D:\CGAIC\demo5\scripts\..\src\slots\..\..\..\demo4\src\features\traditional.py:247: FutureWarning: Parameter `min_size`
 is deprecated since version 0.26.0 and will be removed in 2.0.0 (or later). To avoid this warning, please use the para
meter `max_size` instead. For more details, see the documentation of `remove_small_objects`. Note that the new threshol
d removes objects smaller than **or equal to** its value, while the previous parameter only removed smaller ones.
  bw = morphology.remove_small_objects(bw.astype(bool), min_size=50)
D:\CGAIC\demo5\scripts\..\src\slots\..\..\..\demo4\src\features\traditional.py:247: FutureWarning: Parameter `min_size`
 is deprecated since version 0.26.0 and will be removed in 2.0.0 (or later). To avoid this warning, please use the para
meter `max_size` instead. For more details, see the documentation of `remove_small_objects`. Note that the new threshol
d removes objects smaller than **or equal to** its value, while the previous parameter only removed smaller ones.
  bw = morphology.remove_small_objects(bw.astype(bool), min_size=50)
D:\CGAIC\demo5\scripts\..\src\slots\..\..\..\demo4\src\features\traditional.py:247: FutureWarning: Parameter `min_size`
 is deprecated since version 0.26.0 and will be removed in 2.0.0 (or later). To avoid this warning, please use the para
meter `max_size` instead. For more details, see the documentation of `remove_small_objects`. Note that the new threshol
d removes objects smaller than **or equal to** its value, while the previous parameter only removed smaller ones.
  bw = morphology.remove_small_objects(bw.astype(bool), min_size=50)
D:\CGAIC\demo5\scripts\..\src\slots\..\..\..\demo4\src\features\traditional.py:247: FutureWarning: Parameter `min_size`
 is deprecated since version 0.26.0 and will be removed in 2.0.0 (or later). To avoid this warning, please use the para
meter `max_size` instead. For more details, see the documentation of `remove_small_objects`. Note that the new threshol
d removes objects smaller than **or equal to** its value, while the previous parameter only removed smaller ones.
  bw = morphology.remove_small_objects(bw.astype(bool), min_size=50)
D:\CGAIC\demo5\scripts\..\src\slots\..\..\..\demo4\src\features\traditional.py:247: FutureWarning: Parameter `min_size`
 is deprecated since version 0.26.0 and will be removed in 2.0.0 (or later). To avoid this warning, please use the para
meter `max_size` instead. For more details, see the documentation of `remove_small_objects`. Note that the new threshol
d removes objects smaller than **or equal to** its value, while the previous parameter only removed smaller ones.
  bw = morphology.remove_small_objects(bw.astype(bool), min_size=50)
D:\CGAIC\demo5\scripts\..\src\slots\..\..\..\demo4\src\features\traditional.py:247: FutureWarning: Parameter `min_size`
 is deprecated since version 0.26.0 and will be removed in 2.0.0 (or later). To avoid this warning, please use the para
meter `max_size` instead. For more details, see the documentation of `remove_small_objects`. Note that the new threshol
d removes objects smaller than **or equal to** its value, while the previous parameter only removed smaller ones.
  bw = morphology.remove_small_objects(bw.astype(bool), min_size=50)
[ssocl] U62 门控否决: 锚定集漂移 0.272 > tol，回滚虚高重估（冷却 10 反馈）
D:\CGAIC\demo5\scripts\..\src\slots\..\..\..\demo4\src\features\traditional.py:247: FutureWarning: Parameter `min_size`
 is deprecated since version 0.26.0 and will be removed in 2.0.0 (or later). To avoid this warning, please use the para
meter `max_size` instead. For more details, see the documentation of `remove_small_objects`. Note that the new threshol
d removes objects smaller than **or equal to** its value, while the previous parameter only removed smaller ones.
  bw = morphology.remove_small_objects(bw.astype(bool), min_size=50)
D:\CGAIC\demo5\scripts\..\src\slots\..\..\..\demo4\src\features\traditional.py:247: FutureWarning: Parameter `min_size`
 is deprecated since version 0.26.0 and will be removed in 2.0.0 (or later). To avoid this warning, please use the para
meter `max_size` instead. For more details, see the documentation of `remove_small_objects`. Note that the new threshol
d removes objects smaller than **or equal to** its value, while the previous parameter only removed smaller ones.
  bw = morphology.remove_small_objects(bw.astype(bool), min_size=50)
D:\CGAIC\demo5\scripts\..\src\slots\..\..\..\demo4\src\features\traditional.py:247: FutureWarning: Parameter `min_size`
 is deprecated since version 0.26.0 and will be removed in 2.0.0 (or later). To avoid this warning, please use the para
meter `max_size` instead. For more details, see the documentation of `remove_small_objects`. Note that the new threshol
d removes objects smaller than **or equal to** its value, while the previous parameter only removed smaller ones.
  bw = morphology.remove_small_objects(bw.astype(bool), min_size=50)
D:\CGAIC\demo5\scripts\..\src\slots\..\..\..\demo4\src\features\traditional.py:247: FutureWarning: Parameter `min_size`
 is deprecated since version 0.26.0 and will be removed in 2.0.0 (or later). To avoid this warning, please use the para
meter `max_size` instead. For more details, see the documentation of `remove_small_objects`. Note that the new threshol
d removes objects smaller than **or equal to** its value, while the previous parameter only removed smaller ones.
  bw = morphology.remove_small_objects(bw.astype(bool), min_size=50)
D:\CGAIC\demo5\scripts\..\src\slots\..\..\..\demo4\src\features\traditional.py:247: FutureWarning: Parameter `min_size`
 is deprecated since version 0.26.0 and will be removed in 2.0.0 (or later). To avoid this warning, please use the para
meter `max_size` instead. For more details, see the documentation of `remove_small_objects`. Note that the new threshol
d removes objects smaller than **or equal to** its value, while the previous parameter only removed smaller ones.
  bw = morphology.remove_small_objects(bw.astype(bool), min_size=50)
D:\CGAIC\demo5\scripts\..\src\slots\..\..\..\demo4\src\features\traditional.py:247: FutureWarning: Parameter `min_size`
 is deprecated since version 0.26.0 and will be removed in 2.0.0 (or later). To avoid this warning, please use the para
meter `max_size` instead. For more details, see the documentation of `remove_small_objects`. Note that the new threshol
d removes objects smaller than **or equal to** its value, while the previous parameter only removed smaller ones.
  bw = morphology.remove_small_objects(bw.astype(bool), min_size=50)
D:\CGAIC\demo5\scripts\..\src\slots\..\..\..\demo4\src\features\traditional.py:247: FutureWarning: Parameter `min_size`
 is deprecated since version 0.26.0 and will be removed in 2.0.0 (or later). To avoid this warning, please use the para
meter `max_size` instead. For more details, see the documentation of `remove_small_objects`. Note that the new threshol
d removes objects smaller than **or equal to** its value, while the previous parameter only removed smaller ones.
  bw = morphology.remove_small_objects(bw.astype(bool), min_size=50)
D:\CGAIC\demo5\scripts\..\src\slots\..\..\..\demo4\src\features\traditional.py:247: FutureWarning: Parameter `min_size`
 is deprecated since version 0.26.0 and will be removed in 2.0.0 (or later). To avoid this warning, please use the para
meter `max_size` instead. For more details, see the documentation of `remove_small_objects`. Note that the new threshol
d removes objects smaller than **or equal to** its value, while the previous parameter only removed smaller ones.
  bw = morphology.remove_small_objects(bw.astype(bool), min_size=50)
D:\CGAIC\demo5\scripts\..\src\slots\..\..\..\demo4\src\features\traditional.py:247: FutureWarning: Parameter `min_size`
 is deprecated since version 0.26.0 and will be removed in 2.0.0 (or later). To avoid this warning, please use the para
meter `max_size` instead. For more details, see the documentation of `remove_small_objects`. Note that the new threshol
d removes objects smaller than **or equal to** its value, while the previous parameter only removed smaller ones.
  bw = morphology.remove_small_objects(bw.astype(bool), min_size=50)
[ssocl] U62 虚高检测: 槽位 sem 正常反馈 20 条 虚高率 0.65 → CDF 重估（反馈正常原始分并入校准分布）
D:\CGAIC\demo5\scripts\..\src\slots\..\..\..\demo4\src\features\traditional.py:247: FutureWarning: Parameter `min_size`
 is deprecated since version 0.26.0 and will be removed in 2.0.0 (or later). To avoid this warning, please use the para
meter `max_size` instead. For more details, see the documentation of `remove_small_objects`. Note that the new threshol
d removes objects smaller than **or equal to** its value, while the previous parameter only removed smaller ones.
  bw = morphology.remove_small_objects(bw.astype(bool), min_size=50)
D:\CGAIC\demo5\scripts\..\src\slots\..\..\..\demo4\src\features\traditional.py:247: FutureWarning: Parameter `min_size`
 is deprecated since version 0.26.0 and will be removed in 2.0.0 (or later). To avoid this warning, please use the para
meter `max_size` instead. For more details, see the documentation of `remove_small_objects`. Note that the new threshol
d removes objects smaller than **or equal to** its value, while the previous parameter only removed smaller ones.
  bw = morphology.remove_small_objects(bw.astype(bool), min_size=50)
D:\CGAIC\demo5\scripts\..\src\slots\..\..\..\demo4\src\features\traditional.py:247: FutureWarning: Parameter `min_size`
 is deprecated since version 0.26.0 and will be removed in 2.0.0 (or later). To avoid this warning, please use the para
meter `max_size` instead. For more details, see the documentation of `remove_small_objects`. Note that the new threshol
d removes objects smaller than **or equal to** its value, while the previous parameter only removed smaller ones.
  bw = morphology.remove_small_objects(bw.astype(bool), min_size=50)
D:\CGAIC\demo5\scripts\..\src\slots\..\..\..\demo4\src\features\traditional.py:247: FutureWarning: Parameter `min_size`
 is deprecated since version 0.26.0 and will be removed in 2.0.0 (or later). To avoid this warning, please use the para
meter `max_size` instead. For more details, see the documentation of `remove_small_objects`. Note that the new threshol
d removes objects smaller than **or equal to** its value, while the previous parameter only removed smaller ones.
  bw = morphology.remove_small_objects(bw.astype(bool), min_size=50)
D:\CGAIC\demo5\scripts\..\src\slots\..\..\..\demo4\src\features\traditional.py:247: FutureWarning: Parameter `min_size`
 is deprecated since version 0.26.0 and will be removed in 2.0.0 (or later). To avoid this warning, please use the para
meter `max_size` instead. For more details, see the documentation of `remove_small_objects`. Note that the new threshol
d removes objects smaller than **or equal to** its value, while the previous parameter only removed smaller ones.
  bw = morphology.remove_small_objects(bw.astype(bool), min_size=50)
D:\CGAIC\demo5\scripts\..\src\slots\..\..\..\demo4\src\features\traditional.py:247: FutureWarning: Parameter `min_size`
 is deprecated since version 0.26.0 and will be removed in 2.0.0 (or later). To avoid this warning, please use the para
meter `max_size` instead. For more details, see the documentation of `remove_small_objects`. Note that the new threshol
d removes objects smaller than **or equal to** its value, while the previous parameter only removed smaller ones.
  bw = morphology.remove_small_objects(bw.astype(bool), min_size=50)
D:\CGAIC\demo5\scripts\..\src\slots\..\..\..\demo4\src\features\traditional.py:247: FutureWarning: Parameter `min_size`
 is deprecated since version 0.26.0 and will be removed in 2.0.0 (or later). To avoid this warning, please use the para
meter `max_size` instead. For more details, see the documentation of `remove_small_objects`. Note that the new threshol
d removes objects smaller than **or equal to** its value, while the previous parameter only removed smaller ones.
  bw = morphology.remove_small_objects(bw.astype(bool), min_size=50)
D:\CGAIC\demo5\scripts\..\src\slots\..\..\..\demo4\src\features\traditional.py:247: FutureWarning: Parameter `min_size`
 is deprecated since version 0.26.0 and will be removed in 2.0.0 (or later). To avoid this warning, please use the para
meter `max_size` instead. For more details, see the documentation of `remove_small_objects`. Note that the new threshol
d removes objects smaller than **or equal to** its value, while the previous parameter only removed smaller ones.
  bw = morphology.remove_small_objects(bw.astype(bool), min_size=50)
D:\CGAIC\demo5\scripts\..\src\slots\..\..\..\demo4\src\features\traditional.py:247: FutureWarning: Parameter `min_size`
 is deprecated since version 0.26.0 and will be removed in 2.0.0 (or later). To avoid this warning, please use the para
meter `max_size` instead. For more details, see the documentation of `remove_small_objects`. Note that the new threshol
d removes objects smaller than **or equal to** its value, while the previous parameter only removed smaller ones.
  bw = morphology.remove_small_objects(bw.astype(bool), min_size=50)
D:\CGAIC\demo5\scripts\..\src\slots\..\..\..\demo4\src\features\traditional.py:247: FutureWarning: Parameter `min_size`
 is deprecated since version 0.26.0 and will be removed in 2.0.0 (or later). To avoid this warning, please use the para
meter `max_size` instead. For more details, see the documentation of `remove_small_objects`. Note that the new threshol
d removes objects smaller than **or equal to** its value, while the previous parameter only removed smaller ones.
  bw = morphology.remove_small_objects(bw.astype(bool), min_size=50)
D:\CGAIC\demo5\scripts\..\src\slots\..\..\..\demo4\src\features\traditional.py:247: FutureWarning: Parameter `min_size`
 is deprecated since version 0.26.0 and will be removed in 2.0.0 (or later). To avoid this warning, please use the para
meter `max_size` instead. For more details, see the documentation of `remove_small_objects`. Note that the new threshol
d removes objects smaller than **or equal to** its value, while the previous parameter only removed smaller ones.
  bw = morphology.remove_small_objects(bw.astype(bool), min_size=50)
D:\CGAIC\demo5\scripts\..\src\slots\..\..\..\demo4\src\features\traditional.py:247: FutureWarning: Parameter `min_size`
 is deprecated since version 0.26.0 and will be removed in 2.0.0 (or later). To avoid this warning, please use the para
meter `max_size` instead. For more details, see the documentation of `remove_small_objects`. Note that the new threshol
d removes objects smaller than **or equal to** its value, while the previous parameter only removed smaller ones.
  bw = morphology.remove_small_objects(bw.astype(bool), min_size=50)
D:\CGAIC\demo5\scripts\..\src\slots\..\..\..\demo4\src\features\traditional.py:247: FutureWarning: Parameter `min_size`
 is deprecated since version 0.26.0 and will be removed in 2.0.0 (or later). To avoid this warning, please use the para
meter `max_size` instead. For more details, see the documentation of `remove_small_objects`. Note that the new threshol
d removes objects smaller than **or equal to** its value, while the previous parameter only removed smaller ones.
  bw = morphology.remove_small_objects(bw.astype(bool), min_size=50)
D:\CGAIC\demo5\scripts\..\src\slots\..\..\..\demo4\src\features\traditional.py:247: FutureWarning: Parameter `min_size`
 is deprecated since version 0.26.0 and will be removed in 2.0.0 (or later). To avoid this warning, please use the para
meter `max_size` instead. For more details, see the documentation of `remove_small_objects`. Note that the new threshol
d removes objects smaller than **or equal to** its value, while the previous parameter only removed smaller ones.
  bw = morphology.remove_small_objects(bw.astype(bool), min_size=50)
D:\CGAIC\demo5\scripts\..\src\slots\..\..\..\demo4\src\features\traditional.py:247: FutureWarning: Parameter `min_size`
 is deprecated since version 0.26.0 and will be removed in 2.0.0 (or later). To avoid this warning, please use the para
meter `max_size` instead. For more details, see the documentation of `remove_small_objects`. Note that the new threshol
d removes objects smaller than **or equal to** its value, while the previous parameter only removed smaller ones.
  bw = morphology.remove_small_objects(bw.astype(bool), min_size=50)
D:\CGAIC\demo5\scripts\..\src\slots\..\..\..\demo4\src\features\traditional.py:247: FutureWarning: Parameter `min_size`
 is deprecated since version 0.26.0 and will be removed in 2.0.0 (or later). To avoid this warning, please use the para
meter `max_size` instead. For more details, see the documentation of `remove_small_objects`. Note that the new threshol
d removes objects smaller than **or equal to** its value, while the previous parameter only removed smaller ones.
  bw = morphology.remove_small_objects(bw.astype(bool), min_size=50)
D:\CGAIC\demo5\scripts\..\src\slots\..\..\..\demo4\src\features\traditional.py:247: FutureWarning: Parameter `min_size`
 is deprecated since version 0.26.0 and will be removed in 2.0.0 (or later). To avoid this warning, please use the para
meter `max_size` instead. For more details, see the documentation of `remove_small_objects`. Note that the new threshol
d removes objects smaller than **or equal to** its value, while the previous parameter only removed smaller ones.
  bw = morphology.remove_small_objects(bw.astype(bool), min_size=50)
D:\CGAIC\demo5\scripts\..\src\slots\..\..\..\demo4\src\features\traditional.py:247: FutureWarning: Parameter `min_size`
 is deprecated since version 0.26.0 and will be removed in 2.0.0 (or later). To avoid this warning, please use the para
meter `max_size` instead. For more details, see the documentation of `remove_small_objects`. Note that the new threshol
d removes objects smaller than **or equal to** its value, while the previous parameter only removed smaller ones.
  bw = morphology.remove_small_objects(bw.astype(bool), min_size=50)
D:\CGAIC\demo5\scripts\..\src\slots\..\..\..\demo4\src\features\traditional.py:247: FutureWarning: Parameter `min_size`
 is deprecated since version 0.26.0 and will be removed in 2.0.0 (or later). To avoid this warning, please use the para
meter `max_size` instead. For more details, see the documentation of `remove_small_objects`. Note that the new threshol
d removes objects smaller than **or equal to** its value, while the previous parameter only removed smaller ones.
  bw = morphology.remove_small_objects(bw.astype(bool), min_size=50)
D:\CGAIC\demo5\scripts\..\src\slots\..\..\..\demo4\src\features\traditional.py:247: FutureWarning: Parameter `min_size`
 is deprecated since version 0.26.0 and will be removed in 2.0.0 (or later). To avoid this warning, please use the para
meter `max_size` instead. For more details, see the documentation of `remove_small_objects`. Note that the new threshol
d removes objects smaller than **or equal to** its value, while the previous parameter only removed smaller ones.
  bw = morphology.remove_small_objects(bw.astype(bool), min_size=50)
[ssocl] U62 门控否决: 锚定集漂移 0.277 > tol，回滚虚高重估（冷却 10 反馈）
D:\CGAIC\demo5\scripts\..\src\slots\..\..\..\demo4\src\features\traditional.py:247: FutureWarning: Parameter `min_size`
 is deprecated since version 0.26.0 and will be removed in 2.0.0 (or later). To avoid this warning, please use the para
meter `max_size` instead. For more details, see the documentation of `remove_small_objects`. Note that the new threshol
d removes objects smaller than **or equal to** its value, while the previous parameter only removed smaller ones.
  bw = morphology.remove_small_objects(bw.astype(bool), min_size=50)
D:\CGAIC\demo5\scripts\..\src\slots\..\..\..\demo4\src\features\traditional.py:247: FutureWarning: Parameter `min_size`
 is deprecated since version 0.26.0 and will be removed in 2.0.0 (or later). To avoid this warning, please use the para
meter `max_size` instead. For more details, see the documentation of `remove_small_objects`. Note that the new threshol
d removes objects smaller than **or equal to** its value, while the previous parameter only removed smaller ones.
  bw = morphology.remove_small_objects(bw.astype(bool), min_size=50)
D:\CGAIC\demo5\scripts\..\src\slots\..\..\..\demo4\src\features\traditional.py:247: FutureWarning: Parameter `min_size`
 is deprecated since version 0.26.0 and will be removed in 2.0.0 (or later). To avoid this warning, please use the para
meter `max_size` instead. For more details, see the documentation of `remove_small_objects`. Note that the new threshol
d removes objects smaller than **or equal to** its value, while the previous parameter only removed smaller ones.
  bw = morphology.remove_small_objects(bw.astype(bool), min_size=50)
D:\CGAIC\demo5\scripts\..\src\slots\..\..\..\demo4\src\features\traditional.py:247: FutureWarning: Parameter `min_size`
 is deprecated since version 0.26.0 and will be removed in 2.0.0 (or later). To avoid this warning, please use the para
meter `max_size` instead. For more details, see the documentation of `remove_small_objects`. Note that the new threshol
d removes objects smaller than **or equal to** its value, while the previous parameter only removed smaller ones.
  bw = morphology.remove_small_objects(bw.astype(bool), min_size=50)
D:\CGAIC\demo5\scripts\..\src\slots\..\..\..\demo4\src\features\traditional.py:247: FutureWarning: Parameter `min_size`
 is deprecated since version 0.26.0 and will be removed in 2.0.0 (or later). To avoid this warning, please use the para
meter `max_size` instead. For more details, see the documentation of `remove_small_objects`. Note that the new threshol
d removes objects smaller than **or equal to** its value, while the previous parameter only removed smaller ones.
  bw = morphology.remove_small_objects(bw.astype(bool), min_size=50)
D:\CGAIC\demo5\scripts\..\src\slots\..\..\..\demo4\src\features\traditional.py:247: FutureWarning: Parameter `min_size`
 is deprecated since version 0.26.0 and will be removed in 2.0.0 (or later). To avoid this warning, please use the para
meter `max_size` instead. For more details, see the documentation of `remove_small_objects`. Note that the new threshol
d removes objects smaller than **or equal to** its value, while the previous parameter only removed smaller ones.
  bw = morphology.remove_small_objects(bw.astype(bool), min_size=50)
D:\CGAIC\demo5\scripts\..\src\slots\..\..\..\demo4\src\features\traditional.py:247: FutureWarning: Parameter `min_size`
 is deprecated since version 0.26.0 and will be removed in 2.0.0 (or later). To avoid this warning, please use the para
meter `max_size` instead. For more details, see the documentation of `remove_small_objects`. Note that the new threshol
d removes objects smaller than **or equal to** its value, while the previous parameter only removed smaller ones.
  bw = morphology.remove_small_objects(bw.astype(bool), min_size=50)
D:\CGAIC\demo5\scripts\..\src\slots\..\..\..\demo4\src\features\traditional.py:247: FutureWarning: Parameter `min_size`
 is deprecated since version 0.26.0 and will be removed in 2.0.0 (or later). To avoid this warning, please use the para
meter `max_size` instead. For more details, see the documentation of `remove_small_objects`. Note that the new threshol
d removes objects smaller than **or equal to** its value, while the previous parameter only removed smaller ones.
  bw = morphology.remove_small_objects(bw.astype(bool), min_size=50)
D:\CGAIC\demo5\scripts\..\src\slots\..\..\..\demo4\src\features\traditional.py:247: FutureWarning: Parameter `min_size`
 is deprecated since version 0.26.0 and will be removed in 2.0.0 (or later). To avoid this warning, please use the para
meter `max_size` instead. For more details, see the documentation of `remove_small_objects`. Note that the new threshol
d removes objects smaller than **or equal to** its value, while the previous parameter only removed smaller ones.
  bw = morphology.remove_small_objects(bw.astype(bool), min_size=50)
D:\CGAIC\demo5\scripts\..\src\slots\..\..\..\demo4\src\features\traditional.py:247: FutureWarning: Parameter `min_size`
 is deprecated since version 0.26.0 and will be removed in 2.0.0 (or later). To avoid this warning, please use the para
meter `max_size` instead. For more details, see the documentation of `remove_small_objects`. Note that the new threshol
d removes objects smaller than **or equal to** its value, while the previous parameter only removed smaller ones.
  bw = morphology.remove_small_objects(bw.astype(bool), min_size=50)
D:\CGAIC\demo5\scripts\..\src\slots\..\..\..\demo4\src\features\traditional.py:247: FutureWarning: Parameter `min_size`
 is deprecated since version 0.26.0 and will be removed in 2.0.0 (or later). To avoid this warning, please use the para
meter `max_size` instead. For more details, see the documentation of `remove_small_objects`. Note that the new threshol
d removes objects smaller than **or equal to** its value, while the previous parameter only removed smaller ones.
  bw = morphology.remove_small_objects(bw.astype(bool), min_size=50)
D:\CGAIC\demo5\scripts\..\src\slots\..\..\..\demo4\src\features\traditional.py:247: FutureWarning: Parameter `min_size`
 is deprecated since version 0.26.0 and will be removed in 2.0.0 (or later). To avoid this warning, please use the para
meter `max_size` instead. For more details, see the documentation of `remove_small_objects`. Note that the new threshol
d removes objects smaller than **or equal to** its value, while the previous parameter only removed smaller ones.
  bw = morphology.remove_small_objects(bw.astype(bool), min_size=50)
D:\CGAIC\demo5\scripts\..\src\slots\..\..\..\demo4\src\features\traditional.py:247: FutureWarning: Parameter `min_size`
 is deprecated since version 0.26.0 and will be removed in 2.0.0 (or later). To avoid this warning, please use the para
meter `max_size` instead. For more details, see the documentation of `remove_small_objects`. Note that the new threshol
d removes objects smaller than **or equal to** its value, while the previous parameter only removed smaller ones.
  bw = morphology.remove_small_objects(bw.astype(bool), min_size=50)
D:\CGAIC\demo5\scripts\..\src\slots\..\..\..\demo4\src\features\traditional.py:247: FutureWarning: Parameter `min_size`
 is deprecated since version 0.26.0 and will be removed in 2.0.0 (or later). To avoid this warning, please use the para
meter `max_size` instead. For more details, see the documentation of `remove_small_objects`. Note that the new threshol
d removes objects smaller than **or equal to** its value, while the previous parameter only removed smaller ones.
  bw = morphology.remove_small_objects(bw.astype(bool), min_size=50)
D:\CGAIC\demo5\scripts\..\src\slots\..\..\..\demo4\src\features\traditional.py:247: FutureWarning: Parameter `min_size`
 is deprecated since version 0.26.0 and will be removed in 2.0.0 (or later). To avoid this warning, please use the para
meter `max_size` instead. For more details, see the documentation of `remove_small_objects`. Note that the new threshol
d removes objects smaller than **or equal to** its value, while the previous parameter only removed smaller ones.
  bw = morphology.remove_small_objects(bw.astype(bool), min_size=50)
D:\CGAIC\demo5\scripts\..\src\slots\..\..\..\demo4\src\features\traditional.py:247: FutureWarning: Parameter `min_size`
 is deprecated since version 0.26.0 and will be removed in 2.0.0 (or later). To avoid this warning, please use the para
meter `max_size` instead. For more details, see the documentation of `remove_small_objects`. Note that the new threshol
d removes objects smaller than **or equal to** its value, while the previous parameter only removed smaller ones.
  bw = morphology.remove_small_objects(bw.astype(bool), min_size=50)
D:\CGAIC\demo5\scripts\..\src\slots\..\..\..\demo4\src\features\traditional.py:247: FutureWarning: Parameter `min_size`
 is deprecated since version 0.26.0 and will be removed in 2.0.0 (or later). To avoid this warning, please use the para
meter `max_size` instead. For more details, see the documentation of `remove_small_objects`. Note that the new threshol
d removes objects smaller than **or equal to** its value, while the previous parameter only removed smaller ones.
  bw = morphology.remove_small_objects(bw.astype(bool), min_size=50)
D:\CGAIC\demo5\scripts\..\src\slots\..\..\..\demo4\src\features\traditional.py:247: FutureWarning: Parameter `min_size`
 is deprecated since version 0.26.0 and will be removed in 2.0.0 (or later). To avoid this warning, please use the para
meter `max_size` instead. For more details, see the documentation of `remove_small_objects`. Note that the new threshol
d removes objects smaller than **or equal to** its value, while the previous parameter only removed smaller ones.
  bw = morphology.remove_small_objects(bw.astype(bool), min_size=50)
D:\CGAIC\demo5\scripts\..\src\slots\..\..\..\demo4\src\features\traditional.py:247: FutureWarning: Parameter `min_size`
 is deprecated since version 0.26.0 and will be removed in 2.0.0 (or later). To avoid this warning, please use the para
meter `max_size` instead. For more details, see the documentation of `remove_small_objects`. Note that the new threshol
d removes objects smaller than **or equal to** its value, while the previous parameter only removed smaller ones.
  bw = morphology.remove_small_objects(bw.astype(bool), min_size=50)
D:\CGAIC\demo5\scripts\..\src\slots\..\..\..\demo4\src\features\traditional.py:247: FutureWarning: Parameter `min_size`
 is deprecated since version 0.26.0 and will be removed in 2.0.0 (or later). To avoid this warning, please use the para
meter `max_size` instead. For more details, see the documentation of `remove_small_objects`. Note that the new threshol
d removes objects smaller than **or equal to** its value, while the previous parameter only removed smaller ones.
  bw = morphology.remove_small_objects(bw.astype(bool), min_size=50)
D:\CGAIC\demo5\scripts\..\src\slots\..\..\..\demo4\src\features\traditional.py:247: FutureWarning: Parameter `min_size`
 is deprecated since version 0.26.0 and will be removed in 2.0.0 (or later). To avoid this warning, please use the para
meter `max_size` instead. For more details, see the documentation of `remove_small_objects`. Note that the new threshol
d removes objects smaller than **or equal to** its value, while the previous parameter only removed smaller ones.
  bw = morphology.remove_small_objects(bw.astype(bool), min_size=50)
D:\CGAIC\demo5\scripts\..\src\slots\..\..\..\demo4\src\features\traditional.py:247: FutureWarning: Parameter `min_size`
 is deprecated since version 0.26.0 and will be removed in 2.0.0 (or later). To avoid this warning, please use the para
meter `max_size` instead. For more details, see the documentation of `remove_small_objects`. Note that the new threshol
d removes objects smaller than **or equal to** its value, while the previous parameter only removed smaller ones.
  bw = morphology.remove_small_objects(bw.astype(bool), min_size=50)
D:\CGAIC\demo5\scripts\..\src\slots\..\..\..\demo4\src\features\traditional.py:247: FutureWarning: Parameter `min_size`
 is deprecated since version 0.26.0 and will be removed in 2.0.0 (or later). To avoid this warning, please use the para
meter `max_size` instead. For more details, see the documentation of `remove_small_objects`. Note that the new threshol
d removes objects smaller than **or equal to** its value, while the previous parameter only removed smaller ones.
  bw = morphology.remove_small_objects(bw.astype(bool), min_size=50)
D:\CGAIC\demo5\scripts\..\src\slots\..\..\..\demo4\src\features\traditional.py:247: FutureWarning: Parameter `min_size`
 is deprecated since version 0.26.0 and will be removed in 2.0.0 (or later). To avoid this warning, please use the para
meter `max_size` instead. For more details, see the documentation of `remove_small_objects`. Note that the new threshol
d removes objects smaller than **or equal to** its value, while the previous parameter only removed smaller ones.
  bw = morphology.remove_small_objects(bw.astype(bool), min_size=50)
D:\CGAIC\demo5\scripts\..\src\slots\..\..\..\demo4\src\features\traditional.py:247: FutureWarning: Parameter `min_size`
 is deprecated since version 0.26.0 and will be removed in 2.0.0 (or later). To avoid this warning, please use the para
meter `max_size` instead. For more details, see the documentation of `remove_small_objects`. Note that the new threshol
d removes objects smaller than **or equal to** its value, while the previous parameter only removed smaller ones.
  bw = morphology.remove_small_objects(bw.astype(bool), min_size=50)
D:\CGAIC\demo5\scripts\..\src\slots\..\..\..\demo4\src\features\traditional.py:247: FutureWarning: Parameter `min_size`
 is deprecated since version 0.26.0 and will be removed in 2.0.0 (or later). To avoid this warning, please use the para
meter `max_size` instead. For more details, see the documentation of `remove_small_objects`. Note that the new threshol
d removes objects smaller than **or equal to** its value, while the previous parameter only removed smaller ones.
  bw = morphology.remove_small_objects(bw.astype(bool), min_size=50)
D:\CGAIC\demo5\scripts\..\src\slots\..\..\..\demo4\src\features\traditional.py:247: FutureWarning: Parameter `min_size`
 is deprecated since version 0.26.0 and will be removed in 2.0.0 (or later). To avoid this warning, please use the para
meter `max_size` instead. For more details, see the documentation of `remove_small_objects`. Note that the new threshol
d removes objects smaller than **or equal to** its value, while the previous parameter only removed smaller ones.
  bw = morphology.remove_small_objects(bw.astype(bool), min_size=50)
D:\CGAIC\demo5\scripts\..\src\slots\..\..\..\demo4\src\features\traditional.py:247: FutureWarning: Parameter `min_size`
 is deprecated since version 0.26.0 and will be removed in 2.0.0 (or later). To avoid this warning, please use the para
meter `max_size` instead. For more details, see the documentation of `remove_small_objects`. Note that the new threshol
d removes objects smaller than **or equal to** its value, while the previous parameter only removed smaller ones.
  bw = morphology.remove_small_objects(bw.astype(bool), min_size=50)
D:\CGAIC\demo5\scripts\..\src\slots\..\..\..\demo4\src\features\traditional.py:247: FutureWarning: Parameter `min_size`
 is deprecated since version 0.26.0 and will be removed in 2.0.0 (or later). To avoid this warning, please use the para
meter `max_size` instead. For more details, see the documentation of `remove_small_objects`. Note that the new threshol
d removes objects smaller than **or equal to** its value, while the previous parameter only removed smaller ones.
  bw = morphology.remove_small_objects(bw.astype(bool), min_size=50)
D:\CGAIC\demo5\scripts\..\src\slots\..\..\..\demo4\src\features\traditional.py:247: FutureWarning: Parameter `min_size`
 is deprecated since version 0.26.0 and will be removed in 2.0.0 (or later). To avoid this warning, please use the para
meter `max_size` instead. For more details, see the documentation of `remove_small_objects`. Note that the new threshol
d removes objects smaller than **or equal to** its value, while the previous parameter only removed smaller ones.
  bw = morphology.remove_small_objects(bw.astype(bool), min_size=50)
D:\CGAIC\demo5\scripts\..\src\slots\..\..\..\demo4\src\features\traditional.py:247: FutureWarning: Parameter `min_size`
 is deprecated since version 0.26.0 and will be removed in 2.0.0 (or later). To avoid this warning, please use the para
meter `max_size` instead. For more details, see the documentation of `remove_small_objects`. Note that the new threshol
d removes objects smaller than **or equal to** its value, while the previous parameter only removed smaller ones.
  bw = morphology.remove_small_objects(bw.astype(bool), min_size=50)
D:\CGAIC\demo5\scripts\..\src\slots\..\..\..\demo4\src\features\traditional.py:247: FutureWarning: Parameter `min_size`
 is deprecated since version 0.26.0 and will be removed in 2.0.0 (or later). To avoid this warning, please use the para
meter `max_size` instead. For more details, see the documentation of `remove_small_objects`. Note that the new threshol
d removes objects smaller than **or equal to** its value, while the previous parameter only removed smaller ones.
  bw = morphology.remove_small_objects(bw.astype(bool), min_size=50)
D:\CGAIC\demo5\scripts\..\src\slots\..\..\..\demo4\src\features\traditional.py:247: FutureWarning: Parameter `min_size`
 is deprecated since version 0.26.0 and will be removed in 2.0.0 (or later). To avoid this warning, please use the para
meter `max_size` instead. For more details, see the documentation of `remove_small_objects`. Note that the new threshol
d removes objects smaller than **or equal to** its value, while the previous parameter only removed smaller ones.
  bw = morphology.remove_small_objects(bw.astype(bool), min_size=50)
D:\CGAIC\demo5\scripts\..\src\slots\..\..\..\demo4\src\features\traditional.py:247: FutureWarning: Parameter `min_size`
 is deprecated since version 0.26.0 and will be removed in 2.0.0 (or later). To avoid this warning, please use the para
meter `max_size` instead. For more details, see the documentation of `remove_small_objects`. Note that the new threshol
d removes objects smaller than **or equal to** its value, while the previous parameter only removed smaller ones.
  bw = morphology.remove_small_objects(bw.astype(bool), min_size=50)
D:\CGAIC\demo5\scripts\..\src\slots\..\..\..\demo4\src\features\traditional.py:247: FutureWarning: Parameter `min_size`
 is deprecated since version 0.26.0 and will be removed in 2.0.0 (or later). To avoid this warning, please use the para
meter `max_size` instead. For more details, see the documentation of `remove_small_objects`. Note that the new threshol
d removes objects smaller than **or equal to** its value, while the previous parameter only removed smaller ones.
  bw = morphology.remove_small_objects(bw.astype(bool), min_size=50)
D:\CGAIC\demo5\scripts\..\src\slots\..\..\..\demo4\src\features\traditional.py:247: FutureWarning: Parameter `min_size`
 is deprecated since version 0.26.0 and will be removed in 2.0.0 (or later). To avoid this warning, please use the para
meter `max_size` instead. For more details, see the documentation of `remove_small_objects`. Note that the new threshol
d removes objects smaller than **or equal to** its value, while the previous parameter only removed smaller ones.
  bw = morphology.remove_small_objects(bw.astype(bool), min_size=50)
D:\CGAIC\demo5\scripts\..\src\slots\..\..\..\demo4\src\features\traditional.py:247: FutureWarning: Parameter `min_size`
 is deprecated since version 0.26.0 and will be removed in 2.0.0 (or later). To avoid this warning, please use the para
meter `max_size` instead. For more details, see the documentation of `remove_small_objects`. Note that the new threshol
d removes objects smaller than **or equal to** its value, while the previous parameter only removed smaller ones.
  bw = morphology.remove_small_objects(bw.astype(bool), min_size=50)
D:\CGAIC\demo5\scripts\..\src\slots\..\..\..\demo4\src\features\traditional.py:247: FutureWarning: Parameter `min_size`
 is deprecated since version 0.26.0 and will be removed in 2.0.0 (or later). To avoid this warning, please use the para
meter `max_size` instead. For more details, see the documentation of `remove_small_objects`. Note that the new threshol
d removes objects smaller than **or equal to** its value, while the previous parameter only removed smaller ones.
  bw = morphology.remove_small_objects(bw.astype(bool), min_size=50)
D:\CGAIC\demo5\scripts\..\src\slots\..\..\..\demo4\src\features\traditional.py:247: FutureWarning: Parameter `min_size`
 is deprecated since version 0.26.0 and will be removed in 2.0.0 (or later). To avoid this warning, please use the para
meter `max_size` instead. For more details, see the documentation of `remove_small_objects`. Note that the new threshol
d removes objects smaller than **or equal to** its value, while the previous parameter only removed smaller ones.
  bw = morphology.remove_small_objects(bw.astype(bool), min_size=50)
D:\CGAIC\demo5\scripts\..\src\slots\..\..\..\demo4\src\features\traditional.py:247: FutureWarning: Parameter `min_size`
 is deprecated since version 0.26.0 and will be removed in 2.0.0 (or later). To avoid this warning, please use the para
meter `max_size` instead. For more details, see the documentation of `remove_small_objects`. Note that the new threshol
d removes objects smaller than **or equal to** its value, while the previous parameter only removed smaller ones.
  bw = morphology.remove_small_objects(bw.astype(bool), min_size=50)
D:\CGAIC\demo5\scripts\..\src\slots\..\..\..\demo4\src\features\traditional.py:247: FutureWarning: Parameter `min_size`
 is deprecated since version 0.26.0 and will be removed in 2.0.0 (or later). To avoid this warning, please use the para
meter `max_size` instead. For more details, see the documentation of `remove_small_objects`. Note that the new threshol
d removes objects smaller than **or equal to** its value, while the previous parameter only removed smaller ones.
  bw = morphology.remove_small_objects(bw.astype(bool), min_size=50)
D:\CGAIC\demo5\scripts\..\src\slots\..\..\..\demo4\src\features\traditional.py:247: FutureWarning: Parameter `min_size`
 is deprecated since version 0.26.0 and will be removed in 2.0.0 (or later). To avoid this warning, please use the para
meter `max_size` instead. For more details, see the documentation of `remove_small_objects`. Note that the new threshol
d removes objects smaller than **or equal to** its value, while the previous parameter only removed smaller ones.
  bw = morphology.remove_small_objects(bw.astype(bool), min_size=50)
D:\CGAIC\demo5\scripts\..\src\slots\..\..\..\demo4\src\features\traditional.py:247: FutureWarning: Parameter `min_size`
 is deprecated since version 0.26.0 and will be removed in 2.0.0 (or later). To avoid this warning, please use the para
meter `max_size` instead. For more details, see the documentation of `remove_small_objects`. Note that the new threshol
d removes objects smaller than **or equal to** its value, while the previous parameter only removed smaller ones.
  bw = morphology.remove_small_objects(bw.astype(bool), min_size=50)
D:\CGAIC\demo5\scripts\..\src\slots\..\..\..\demo4\src\features\traditional.py:247: FutureWarning: Parameter `min_size`
 is deprecated since version 0.26.0 and will be removed in 2.0.0 (or later). To avoid this warning, please use the para
meter `max_size` instead. For more details, see the documentation of `remove_small_objects`. Note that the new threshol
d removes objects smaller than **or equal to** its value, while the previous parameter only removed smaller ones.
  bw = morphology.remove_small_objects(bw.astype(bool), min_size=50)
D:\CGAIC\demo5\scripts\..\src\slots\..\..\..\demo4\src\features\traditional.py:247: FutureWarning: Parameter `min_size`
 is deprecated since version 0.26.0 and will be removed in 2.0.0 (or later). To avoid this warning, please use the para
meter `max_size` instead. For more details, see the documentation of `remove_small_objects`. Note that the new threshol
d removes objects smaller than **or equal to** its value, while the previous parameter only removed smaller ones.
  bw = morphology.remove_small_objects(bw.astype(bool), min_size=50)
D:\CGAIC\demo5\scripts\..\src\slots\..\..\..\demo4\src\features\traditional.py:247: FutureWarning: Parameter `min_size`
 is deprecated since version 0.26.0 and will be removed in 2.0.0 (or later). To avoid this warning, please use the para
meter `max_size` instead. For more details, see the documentation of `remove_small_objects`. Note that the new threshol
d removes objects smaller than **or equal to** its value, while the previous parameter only removed smaller ones.
  bw = morphology.remove_small_objects(bw.astype(bool), min_size=50)
D:\CGAIC\demo5\scripts\..\src\slots\..\..\..\demo4\src\features\traditional.py:247: FutureWarning: Parameter `min_size`
 is deprecated since version 0.26.0 and will be removed in 2.0.0 (or later). To avoid this warning, please use the para
meter `max_size` instead. For more details, see the documentation of `remove_small_objects`. Note that the new threshol
d removes objects smaller than **or equal to** its value, while the previous parameter only removed smaller ones.
  bw = morphology.remove_small_objects(bw.astype(bool), min_size=50)
D:\CGAIC\demo5\scripts\..\src\slots\..\..\..\demo4\src\features\traditional.py:247: FutureWarning: Parameter `min_size`
 is deprecated since version 0.26.0 and will be removed in 2.0.0 (or later). To avoid this warning, please use the para
meter `max_size` instead. For more details, see the documentation of `remove_small_objects`. Note that the new threshol
d removes objects smaller than **or equal to** its value, while the previous parameter only removed smaller ones.
  bw = morphology.remove_small_objects(bw.astype(bool), min_size=50)
D:\CGAIC\demo5\scripts\..\src\slots\..\..\..\demo4\src\features\traditional.py:247: FutureWarning: Parameter `min_size`
 is deprecated since version 0.26.0 and will be removed in 2.0.0 (or later). To avoid this warning, please use the para
meter `max_size` instead. For more details, see the documentation of `remove_small_objects`. Note that the new threshol
d removes objects smaller than **or equal to** its value, while the previous parameter only removed smaller ones.
  bw = morphology.remove_small_objects(bw.astype(bool), min_size=50)
D:\CGAIC\demo5\scripts\..\src\slots\..\..\..\demo4\src\features\traditional.py:247: FutureWarning: Parameter `min_size`
 is deprecated since version 0.26.0 and will be removed in 2.0.0 (or later). To avoid this warning, please use the para
meter `max_size` instead. For more details, see the documentation of `remove_small_objects`. Note that the new threshol
d removes objects smaller than **or equal to** its value, while the previous parameter only removed smaller ones.
  bw = morphology.remove_small_objects(bw.astype(bool), min_size=50)
D:\CGAIC\demo5\scripts\..\src\slots\..\..\..\demo4\src\features\traditional.py:247: FutureWarning: Parameter `min_size`
 is deprecated since version 0.26.0 and will be removed in 2.0.0 (or later). To avoid this warning, please use the para
meter `max_size` instead. For more details, see the documentation of `remove_small_objects`. Note that the new threshol
d removes objects smaller than **or equal to** its value, while the previous parameter only removed smaller ones.
  bw = morphology.remove_small_objects(bw.astype(bool), min_size=50)
D:\CGAIC\demo5\scripts\..\src\slots\..\..\..\demo4\src\features\traditional.py:247: FutureWarning: Parameter `min_size`
 is deprecated since version 0.26.0 and will be removed in 2.0.0 (or later). To avoid this warning, please use the para
meter `max_size` instead. For more details, see the documentation of `remove_small_objects`. Note that the new threshol
d removes objects smaller than **or equal to** its value, while the previous parameter only removed smaller ones.
  bw = morphology.remove_small_objects(bw.astype(bool), min_size=50)
D:\CGAIC\demo5\scripts\..\src\slots\..\..\..\demo4\src\features\traditional.py:247: FutureWarning: Parameter `min_size`
 is deprecated since version 0.26.0 and will be removed in 2.0.0 (or later). To avoid this warning, please use the para
meter `max_size` instead. For more details, see the documentation of `remove_small_objects`. Note that the new threshol
d removes objects smaller than **or equal to** its value, while the previous parameter only removed smaller ones.
  bw = morphology.remove_small_objects(bw.astype(bool), min_size=50)
D:\CGAIC\demo5\scripts\..\src\slots\..\..\..\demo4\src\features\traditional.py:247: FutureWarning: Parameter `min_size`
 is deprecated since version 0.26.0 and will be removed in 2.0.0 (or later). To avoid this warning, please use the para
meter `max_size` instead. For more details, see the documentation of `remove_small_objects`. Note that the new threshol
d removes objects smaller than **or equal to** its value, while the previous parameter only removed smaller ones.
  bw = morphology.remove_small_objects(bw.astype(bool), min_size=50)
D:\CGAIC\demo5\scripts\..\src\slots\..\..\..\demo4\src\features\traditional.py:247: FutureWarning: Parameter `min_size`
 is deprecated since version 0.26.0 and will be removed in 2.0.0 (or later). To avoid this warning, please use the para
meter `max_size` instead. For more details, see the documentation of `remove_small_objects`. Note that the new threshol
d removes objects smaller than **or equal to** its value, while the previous parameter only removed smaller ones.
  bw = morphology.remove_small_objects(bw.astype(bool), min_size=50)
D:\CGAIC\demo5\scripts\..\src\slots\..\..\..\demo4\src\features\traditional.py:247: FutureWarning: Parameter `min_size`
 is deprecated since version 0.26.0 and will be removed in 2.0.0 (or later). To avoid this warning, please use the para
meter `max_size` instead. For more details, see the documentation of `remove_small_objects`. Note that the new threshol
d removes objects smaller than **or equal to** its value, while the previous parameter only removed smaller ones.
  bw = morphology.remove_small_objects(bw.astype(bool), min_size=50)
D:\CGAIC\demo5\scripts\..\src\slots\..\..\..\demo4\src\features\traditional.py:247: FutureWarning: Parameter `min_size`
 is deprecated since version 0.26.0 and will be removed in 2.0.0 (or later). To avoid this warning, please use the para
meter `max_size` instead. For more details, see the documentation of `remove_small_objects`. Note that the new threshol
d removes objects smaller than **or equal to** its value, while the previous parameter only removed smaller ones.
  bw = morphology.remove_small_objects(bw.astype(bool), min_size=50)
D:\CGAIC\demo5\scripts\..\src\slots\..\..\..\demo4\src\features\traditional.py:247: FutureWarning: Parameter `min_size`
 is deprecated since version 0.26.0 and will be removed in 2.0.0 (or later). To avoid this warning, please use the para
meter `max_size` instead. For more details, see the documentation of `remove_small_objects`. Note that the new threshol
d removes objects smaller than **or equal to** its value, while the previous parameter only removed smaller ones.
  bw = morphology.remove_small_objects(bw.astype(bool), min_size=50)
D:\CGAIC\demo5\scripts\..\src\slots\..\..\..\demo4\src\features\traditional.py:247: FutureWarning: Parameter `min_size`
 is deprecated since version 0.26.0 and will be removed in 2.0.0 (or later). To avoid this warning, please use the para
meter `max_size` instead. For more details, see the documentation of `remove_small_objects`. Note that the new threshol
d removes objects smaller than **or equal to** its value, while the previous parameter only removed smaller ones.
  bw = morphology.remove_small_objects(bw.astype(bool), min_size=50)
D:\CGAIC\demo5\scripts\..\src\slots\..\..\..\demo4\src\features\traditional.py:247: FutureWarning: Parameter `min_size`
 is deprecated since version 0.26.0 and will be removed in 2.0.0 (or later). To avoid this warning, please use the para
meter `max_size` instead. For more details, see the documentation of `remove_small_objects`. Note that the new threshol
d removes objects smaller than **or equal to** its value, while the previous parameter only removed smaller ones.
  bw = morphology.remove_small_objects(bw.astype(bool), min_size=50)
D:\CGAIC\demo5\scripts\..\src\slots\..\..\..\demo4\src\features\traditional.py:247: FutureWarning: Parameter `min_size`
 is deprecated since version 0.26.0 and will be removed in 2.0.0 (or later). To avoid this warning, please use the para
meter `max_size` instead. For more details, see the documentation of `remove_small_objects`. Note that the new threshol
d removes objects smaller than **or equal to** its value, while the previous parameter only removed smaller ones.
  bw = morphology.remove_small_objects(bw.astype(bool), min_size=50)
D:\CGAIC\demo5\scripts\..\src\slots\..\..\..\demo4\src\features\traditional.py:247: FutureWarning: Parameter `min_size`
 is deprecated since version 0.26.0 and will be removed in 2.0.0 (or later). To avoid this warning, please use the para
meter `max_size` instead. For more details, see the documentation of `remove_small_objects`. Note that the new threshol
d removes objects smaller than **or equal to** its value, while the previous parameter only removed smaller ones.
  bw = morphology.remove_small_objects(bw.astype(bool), min_size=50)
D:\CGAIC\demo5\scripts\..\src\slots\..\..\..\demo4\src\features\traditional.py:247: FutureWarning: Parameter `min_size`
 is deprecated since version 0.26.0 and will be removed in 2.0.0 (or later). To avoid this warning, please use the para
meter `max_size` instead. For more details, see the documentation of `remove_small_objects`. Note that the new threshol
d removes objects smaller than **or equal to** its value, while the previous parameter only removed smaller ones.
  bw = morphology.remove_small_objects(bw.astype(bool), min_size=50)
D:\CGAIC\demo5\scripts\..\src\slots\..\..\..\demo4\src\features\traditional.py:247: FutureWarning: Parameter `min_size`
 is deprecated since version 0.26.0 and will be removed in 2.0.0 (or later). To avoid this warning, please use the para
meter `max_size` instead. For more details, see the documentation of `remove_small_objects`. Note that the new threshol
d removes objects smaller than **or equal to** its value, while the previous parameter only removed smaller ones.
  bw = morphology.remove_small_objects(bw.astype(bool), min_size=50)
  [lc] 反馈=40 锚定集AUROC=0.9153 F1=0.9268
D:\CGAIC\demo5\scripts\..\src\slots\..\..\..\demo4\src\features\traditional.py:247: FutureWarning: Parameter `min_size`
 is deprecated since version 0.26.0 and will be removed in 2.0.0 (or later). To avoid this warning, please use the para
meter `max_size` instead. For more details, see the documentation of `remove_small_objects`. Note that the new threshol
d removes objects smaller than **or equal to** its value, while the previous parameter only removed smaller ones.
  bw = morphology.remove_small_objects(bw.astype(bool), min_size=50)
D:\CGAIC\demo5\scripts\..\src\slots\..\..\..\demo4\src\features\traditional.py:247: FutureWarning: Parameter `min_size`
 is deprecated since version 0.26.0 and will be removed in 2.0.0 (or later). To avoid this warning, please use the para
meter `max_size` instead. For more details, see the documentation of `remove_small_objects`. Note that the new threshol
d removes objects smaller than **or equal to** its value, while the previous parameter only removed smaller ones.
  bw = morphology.remove_small_objects(bw.astype(bool), min_size=50)
D:\CGAIC\demo5\scripts\..\src\slots\..\..\..\demo4\src\features\traditional.py:247: FutureWarning: Parameter `min_size`
 is deprecated since version 0.26.0 and will be removed in 2.0.0 (or later). To avoid this warning, please use the para
meter `max_size` instead. For more details, see the documentation of `remove_small_objects`. Note that the new threshol
d removes objects smaller than **or equal to** its value, while the previous parameter only removed smaller ones.
  bw = morphology.remove_small_objects(bw.astype(bool), min_size=50)
D:\CGAIC\demo5\scripts\..\src\slots\..\..\..\demo4\src\features\traditional.py:247: FutureWarning: Parameter `min_size`
 is deprecated since version 0.26.0 and will be removed in 2.0.0 (or later). To avoid this warning, please use the para
meter `max_size` instead. For more details, see the documentation of `remove_small_objects`. Note that the new threshol
d removes objects smaller than **or equal to** its value, while the previous parameter only removed smaller ones.
  bw = morphology.remove_small_objects(bw.astype(bool), min_size=50)
D:\CGAIC\demo5\scripts\..\src\slots\..\..\..\demo4\src\features\traditional.py:247: FutureWarning: Parameter `min_size`
 is deprecated since version 0.26.0 and will be removed in 2.0.0 (or later). To avoid this warning, please use the para
meter `max_size` instead. For more details, see the documentation of `remove_small_objects`. Note that the new threshol
d removes objects smaller than **or equal to** its value, while the previous parameter only removed smaller ones.
  bw = morphology.remove_small_objects(bw.astype(bool), min_size=50)
D:\CGAIC\demo5\scripts\..\src\slots\..\..\..\demo4\src\features\traditional.py:247: FutureWarning: Parameter `min_size`
 is deprecated since version 0.26.0 and will be removed in 2.0.0 (or later). To avoid this warning, please use the para
meter `max_size` instead. For more details, see the documentation of `remove_small_objects`. Note that the new threshol
d removes objects smaller than **or equal to** its value, while the previous parameter only removed smaller ones.
  bw = morphology.remove_small_objects(bw.astype(bool), min_size=50)
D:\CGAIC\demo5\scripts\..\src\slots\..\..\..\demo4\src\features\traditional.py:247: FutureWarning: Parameter `min_size`
 is deprecated since version 0.26.0 and will be removed in 2.0.0 (or later). To avoid this warning, please use the para
meter `max_size` instead. For more details, see the documentation of `remove_small_objects`. Note that the new threshol
d removes objects smaller than **or equal to** its value, while the previous parameter only removed smaller ones.
  bw = morphology.remove_small_objects(bw.astype(bool), min_size=50)
D:\CGAIC\demo5\scripts\..\src\slots\..\..\..\demo4\src\features\traditional.py:247: FutureWarning: Parameter `min_size`
 is deprecated since version 0.26.0 and will be removed in 2.0.0 (or later). To avoid this warning, please use the para
meter `max_size` instead. For more details, see the documentation of `remove_small_objects`. Note that the new threshol
d removes objects smaller than **or equal to** its value, while the previous parameter only removed smaller ones.
  bw = morphology.remove_small_objects(bw.astype(bool), min_size=50)
D:\CGAIC\demo5\scripts\..\src\slots\..\..\..\demo4\src\features\traditional.py:247: FutureWarning: Parameter `min_size`
 is deprecated since version 0.26.0 and will be removed in 2.0.0 (or later). To avoid this warning, please use the para
meter `max_size` instead. For more details, see the documentation of `remove_small_objects`. Note that the new threshol
d removes objects smaller than **or equal to** its value, while the previous parameter only removed smaller ones.
  bw = morphology.remove_small_objects(bw.astype(bool), min_size=50)
[ssocl] U62 虚高检测: 槽位 layout 正常反馈 20 条 虚高率 0.50 → CDF 重估（反馈正常原始分并入校准分布）
D:\CGAIC\demo5\scripts\..\src\slots\..\..\..\demo4\src\features\traditional.py:247: FutureWarning: Parameter `min_size`
 is deprecated since version 0.26.0 and will be removed in 2.0.0 (or later). To avoid this warning, please use the para
meter `max_size` instead. For more details, see the documentation of `remove_small_objects`. Note that the new threshol
d removes objects smaller than **or equal to** its value, while the previous parameter only removed smaller ones.
  bw = morphology.remove_small_objects(bw.astype(bool), min_size=50)
D:\CGAIC\demo5\scripts\..\src\slots\..\..\..\demo4\src\features\traditional.py:247: FutureWarning: Parameter `min_size`
 is deprecated since version 0.26.0 and will be removed in 2.0.0 (or later). To avoid this warning, please use the para
meter `max_size` instead. For more details, see the documentation of `remove_small_objects`. Note that the new threshol
d removes objects smaller than **or equal to** its value, while the previous parameter only removed smaller ones.
  bw = morphology.remove_small_objects(bw.astype(bool), min_size=50)
D:\CGAIC\demo5\scripts\..\src\slots\..\..\..\demo4\src\features\traditional.py:247: FutureWarning: Parameter `min_size`
 is deprecated since version 0.26.0 and will be removed in 2.0.0 (or later). To avoid this warning, please use the para
meter `max_size` instead. For more details, see the documentation of `remove_small_objects`. Note that the new threshol
d removes objects smaller than **or equal to** its value, while the previous parameter only removed smaller ones.
  bw = morphology.remove_small_objects(bw.astype(bool), min_size=50)
D:\CGAIC\demo5\scripts\..\src\slots\..\..\..\demo4\src\features\traditional.py:247: FutureWarning: Parameter `min_size`
 is deprecated since version 0.26.0 and will be removed in 2.0.0 (or later). To avoid this warning, please use the para
meter `max_size` instead. For more details, see the documentation of `remove_small_objects`. Note that the new threshol
d removes objects smaller than **or equal to** its value, while the previous parameter only removed smaller ones.
  bw = morphology.remove_small_objects(bw.astype(bool), min_size=50)
D:\CGAIC\demo5\scripts\..\src\slots\..\..\..\demo4\src\features\traditional.py:247: FutureWarning: Parameter `min_size`
 is deprecated since version 0.26.0 and will be removed in 2.0.0 (or later). To avoid this warning, please use the para
meter `max_size` instead. For more details, see the documentation of `remove_small_objects`. Note that the new threshol
d removes objects smaller than **or equal to** its value, while the previous parameter only removed smaller ones.
  bw = morphology.remove_small_objects(bw.astype(bool), min_size=50)
D:\CGAIC\demo5\scripts\..\src\slots\..\..\..\demo4\src\features\traditional.py:247: FutureWarning: Parameter `min_size`
 is deprecated since version 0.26.0 and will be removed in 2.0.0 (or later). To avoid this warning, please use the para
meter `max_size` instead. For more details, see the documentation of `remove_small_objects`. Note that the new threshol
d removes objects smaller than **or equal to** its value, while the previous parameter only removed smaller ones.
  bw = morphology.remove_small_objects(bw.astype(bool), min_size=50)
D:\CGAIC\demo5\scripts\..\src\slots\..\..\..\demo4\src\features\traditional.py:247: FutureWarning: Parameter `min_size`
 is deprecated since version 0.26.0 and will be removed in 2.0.0 (or later). To avoid this warning, please use the para
meter `max_size` instead. For more details, see the documentation of `remove_small_objects`. Note that the new threshol
d removes objects smaller than **or equal to** its value, while the previous parameter only removed smaller ones.
  bw = morphology.remove_small_objects(bw.astype(bool), min_size=50)
D:\CGAIC\demo5\scripts\..\src\slots\..\..\..\demo4\src\features\traditional.py:247: FutureWarning: Parameter `min_size`
 is deprecated since version 0.26.0 and will be removed in 2.0.0 (or later). To avoid this warning, please use the para
meter `max_size` instead. For more details, see the documentation of `remove_small_objects`. Note that the new threshol
d removes objects smaller than **or equal to** its value, while the previous parameter only removed smaller ones.
  bw = morphology.remove_small_objects(bw.astype(bool), min_size=50)
D:\CGAIC\demo5\scripts\..\src\slots\..\..\..\demo4\src\features\traditional.py:247: FutureWarning: Parameter `min_size`
 is deprecated since version 0.26.0 and will be removed in 2.0.0 (or later). To avoid this warning, please use the para
meter `max_size` instead. For more details, see the documentation of `remove_small_objects`. Note that the new threshol
d removes objects smaller than **or equal to** its value, while the previous parameter only removed smaller ones.
  bw = morphology.remove_small_objects(bw.astype(bool), min_size=50)
D:\CGAIC\demo5\scripts\..\src\slots\..\..\..\demo4\src\features\traditional.py:247: FutureWarning: Parameter `min_size`
 is deprecated since version 0.26.0 and will be removed in 2.0.0 (or later). To avoid this warning, please use the para
meter `max_size` instead. For more details, see the documentation of `remove_small_objects`. Note that the new threshol
d removes objects smaller than **or equal to** its value, while the previous parameter only removed smaller ones.
  bw = morphology.remove_small_objects(bw.astype(bool), min_size=50)
D:\CGAIC\demo5\scripts\..\src\slots\..\..\..\demo4\src\features\traditional.py:247: FutureWarning: Parameter `min_size`
 is deprecated since version 0.26.0 and will be removed in 2.0.0 (or later). To avoid this warning, please use the para
meter `max_size` instead. For more details, see the documentation of `remove_small_objects`. Note that the new threshol
d removes objects smaller than **or equal to** its value, while the previous parameter only removed smaller ones.
  bw = morphology.remove_small_objects(bw.astype(bool), min_size=50)
D:\CGAIC\demo5\scripts\..\src\slots\..\..\..\demo4\src\features\traditional.py:247: FutureWarning: Parameter `min_size`
 is deprecated since version 0.26.0 and will be removed in 2.0.0 (or later). To avoid this warning, please use the para
meter `max_size` instead. For more details, see the documentation of `remove_small_objects`. Note that the new threshol
d removes objects smaller than **or equal to** its value, while the previous parameter only removed smaller ones.
  bw = morphology.remove_small_objects(bw.astype(bool), min_size=50)
D:\CGAIC\demo5\scripts\..\src\slots\..\..\..\demo4\src\features\traditional.py:247: FutureWarning: Parameter `min_size`
 is deprecated since version 0.26.0 and will be removed in 2.0.0 (or later). To avoid this warning, please use the para
meter `max_size` instead. For more details, see the documentation of `remove_small_objects`. Note that the new threshol
d removes objects smaller than **or equal to** its value, while the previous parameter only removed smaller ones.
  bw = morphology.remove_small_objects(bw.astype(bool), min_size=50)
D:\CGAIC\demo5\scripts\..\src\slots\..\..\..\demo4\src\features\traditional.py:247: FutureWarning: Parameter `min_size`
 is deprecated since version 0.26.0 and will be removed in 2.0.0 (or later). To avoid this warning, please use the para
meter `max_size` instead. For more details, see the documentation of `remove_small_objects`. Note that the new threshol
d removes objects smaller than **or equal to** its value, while the previous parameter only removed smaller ones.
  bw = morphology.remove_small_objects(bw.astype(bool), min_size=50)
D:\CGAIC\demo5\scripts\..\src\slots\..\..\..\demo4\src\features\traditional.py:247: FutureWarning: Parameter `min_size`
 is deprecated since version 0.26.0 and will be removed in 2.0.0 (or later). To avoid this warning, please use the para
meter `max_size` instead. For more details, see the documentation of `remove_small_objects`. Note that the new threshol
d removes objects smaller than **or equal to** its value, while the previous parameter only removed smaller ones.
  bw = morphology.remove_small_objects(bw.astype(bool), min_size=50)
D:\CGAIC\demo5\scripts\..\src\slots\..\..\..\demo4\src\features\traditional.py:247: FutureWarning: Parameter `min_size`
 is deprecated since version 0.26.0 and will be removed in 2.0.0 (or later). To avoid this warning, please use the para
meter `max_size` instead. For more details, see the documentation of `remove_small_objects`. Note that the new threshol
d removes objects smaller than **or equal to** its value, while the previous parameter only removed smaller ones.
  bw = morphology.remove_small_objects(bw.astype(bool), min_size=50)
D:\CGAIC\demo5\scripts\..\src\slots\..\..\..\demo4\src\features\traditional.py:247: FutureWarning: Parameter `min_size`
 is deprecated since version 0.26.0 and will be removed in 2.0.0 (or later). To avoid this warning, please use the para
meter `max_size` instead. For more details, see the documentation of `remove_small_objects`. Note that the new threshol
d removes objects smaller than **or equal to** its value, while the previous parameter only removed smaller ones.
  bw = morphology.remove_small_objects(bw.astype(bool), min_size=50)
D:\CGAIC\demo5\scripts\..\src\slots\..\..\..\demo4\src\features\traditional.py:247: FutureWarning: Parameter `min_size`
 is deprecated since version 0.26.0 and will be removed in 2.0.0 (or later). To avoid this warning, please use the para
meter `max_size` instead. For more details, see the documentation of `remove_small_objects`. Note that the new threshol
d removes objects smaller than **or equal to** its value, while the previous parameter only removed smaller ones.
  bw = morphology.remove_small_objects(bw.astype(bool), min_size=50)
D:\CGAIC\demo5\scripts\..\src\slots\..\..\..\demo4\src\features\traditional.py:247: FutureWarning: Parameter `min_size`
 is deprecated since version 0.26.0 and will be removed in 2.0.0 (or later). To avoid this warning, please use the para
meter `max_size` instead. For more details, see the documentation of `remove_small_objects`. Note that the new threshol
d removes objects smaller than **or equal to** its value, while the previous parameter only removed smaller ones.
  bw = morphology.remove_small_objects(bw.astype(bool), min_size=50)
D:\CGAIC\demo5\scripts\..\src\slots\..\..\..\demo4\src\features\traditional.py:247: FutureWarning: Parameter `min_size`
 is deprecated since version 0.26.0 and will be removed in 2.0.0 (or later). To avoid this warning, please use the para
meter `max_size` instead. For more details, see the documentation of `remove_small_objects`. Note that the new threshol
d removes objects smaller than **or equal to** its value, while the previous parameter only removed smaller ones.
  bw = morphology.remove_small_objects(bw.astype(bool), min_size=50)
[ssocl] U62 门控否决: 锚定集漂移 0.267 > tol，回滚虚高重估（冷却 10 反馈）
D:\CGAIC\demo5\scripts\..\src\slots\..\..\..\demo4\src\features\traditional.py:247: FutureWarning: Parameter `min_size`
 is deprecated since version 0.26.0 and will be removed in 2.0.0 (or later). To avoid this warning, please use the para
meter `max_size` instead. For more details, see the documentation of `remove_small_objects`. Note that the new threshol
d removes objects smaller than **or equal to** its value, while the previous parameter only removed smaller ones.
  bw = morphology.remove_small_objects(bw.astype(bool), min_size=50)
D:\CGAIC\demo5\scripts\..\src\slots\..\..\..\demo4\src\features\traditional.py:247: FutureWarning: Parameter `min_size`
 is deprecated since version 0.26.0 and will be removed in 2.0.0 (or later). To avoid this warning, please use the para
meter `max_size` instead. For more details, see the documentation of `remove_small_objects`. Note that the new threshol
d removes objects smaller than **or equal to** its value, while the previous parameter only removed smaller ones.
  bw = morphology.remove_small_objects(bw.astype(bool), min_size=50)
[ssocl] U62 虚高检测: 槽位 disc 正常反馈 20 条 虚高率 0.75 → CDF 重估（反馈正常原始分并入校准分布）
[ssocl] U62 虚高检测: 槽位 trad 正常反馈 20 条 虚高率 1.00 → CDF 重估（反馈正常原始分并入校准分布）
D:\CGAIC\demo5\scripts\..\src\slots\..\..\..\demo4\src\features\traditional.py:247: FutureWarning: Parameter `min_size`
 is deprecated since version 0.26.0 and will be removed in 2.0.0 (or later). To avoid this warning, please use the para
meter `max_size` instead. For more details, see the documentation of `remove_small_objects`. Note that the new threshol
d removes objects smaller than **or equal to** its value, while the previous parameter only removed smaller ones.
  bw = morphology.remove_small_objects(bw.astype(bool), min_size=50)
D:\CGAIC\demo5\scripts\..\src\slots\..\..\..\demo4\src\features\traditional.py:247: FutureWarning: Parameter `min_size`
 is deprecated since version 0.26.0 and will be removed in 2.0.0 (or later). To avoid this warning, please use the para
meter `max_size` instead. For more details, see the documentation of `remove_small_objects`. Note that the new threshol
d removes objects smaller than **or equal to** its value, while the previous parameter only removed smaller ones.
  bw = morphology.remove_small_objects(bw.astype(bool), min_size=50)
D:\CGAIC\demo5\scripts\..\src\slots\..\..\..\demo4\src\features\traditional.py:247: FutureWarning: Parameter `min_size`
 is deprecated since version 0.26.0 and will be removed in 2.0.0 (or later). To avoid this warning, please use the para
meter `max_size` instead. For more details, see the documentation of `remove_small_objects`. Note that the new threshol
d removes objects smaller than **or equal to** its value, while the previous parameter only removed smaller ones.
  bw = morphology.remove_small_objects(bw.astype(bool), min_size=50)
D:\CGAIC\demo5\scripts\..\src\slots\..\..\..\demo4\src\features\traditional.py:247: FutureWarning: Parameter `min_size`
 is deprecated since version 0.26.0 and will be removed in 2.0.0 (or later). To avoid this warning, please use the para
meter `max_size` instead. For more details, see the documentation of `remove_small_objects`. Note that the new threshol
d removes objects smaller than **or equal to** its value, while the previous parameter only removed smaller ones.
  bw = morphology.remove_small_objects(bw.astype(bool), min_size=50)
D:\CGAIC\demo5\scripts\..\src\slots\..\..\..\demo4\src\features\traditional.py:247: FutureWarning: Parameter `min_size`
 is deprecated since version 0.26.0 and will be removed in 2.0.0 (or later). To avoid this warning, please use the para
meter `max_size` instead. For more details, see the documentation of `remove_small_objects`. Note that the new threshol
d removes objects smaller than **or equal to** its value, while the previous parameter only removed smaller ones.
  bw = morphology.remove_small_objects(bw.astype(bool), min_size=50)
D:\CGAIC\demo5\scripts\..\src\slots\..\..\..\demo4\src\features\traditional.py:247: FutureWarning: Parameter `min_size`
 is deprecated since version 0.26.0 and will be removed in 2.0.0 (or later). To avoid this warning, please use the para
meter `max_size` instead. For more details, see the documentation of `remove_small_objects`. Note that the new threshol
d removes objects smaller than **or equal to** its value, while the previous parameter only removed smaller ones.
  bw = morphology.remove_small_objects(bw.astype(bool), min_size=50)
D:\CGAIC\demo5\scripts\..\src\slots\..\..\..\demo4\src\features\traditional.py:247: FutureWarning: Parameter `min_size`
 is deprecated since version 0.26.0 and will be removed in 2.0.0 (or later). To avoid this warning, please use the para
meter `max_size` instead. For more details, see the documentation of `remove_small_objects`. Note that the new threshol
d removes objects smaller than **or equal to** its value, while the previous parameter only removed smaller ones.
  bw = morphology.remove_small_objects(bw.astype(bool), min_size=50)
D:\CGAIC\demo5\scripts\..\src\slots\..\..\..\demo4\src\features\traditional.py:247: FutureWarning: Parameter `min_size`
 is deprecated since version 0.26.0 and will be removed in 2.0.0 (or later). To avoid this warning, please use the para
meter `max_size` instead. For more details, see the documentation of `remove_small_objects`. Note that the new threshol
d removes objects smaller than **or equal to** its value, while the previous parameter only removed smaller ones.
  bw = morphology.remove_small_objects(bw.astype(bool), min_size=50)
D:\CGAIC\demo5\scripts\..\src\slots\..\..\..\demo4\src\features\traditional.py:247: FutureWarning: Parameter `min_size`
 is deprecated since version 0.26.0 and will be removed in 2.0.0 (or later). To avoid this warning, please use the para
meter `max_size` instead. For more details, see the documentation of `remove_small_objects`. Note that the new threshol
d removes objects smaller than **or equal to** its value, while the previous parameter only removed smaller ones.
  bw = morphology.remove_small_objects(bw.astype(bool), min_size=50)
D:\CGAIC\demo5\scripts\..\src\slots\..\..\..\demo4\src\features\traditional.py:247: FutureWarning: Parameter `min_size`
 is deprecated since version 0.26.0 and will be removed in 2.0.0 (or later). To avoid this warning, please use the para
meter `max_size` instead. For more details, see the documentation of `remove_small_objects`. Note that the new threshol
d removes objects smaller than **or equal to** its value, while the previous parameter only removed smaller ones.
  bw = morphology.remove_small_objects(bw.astype(bool), min_size=50)
D:\CGAIC\demo5\scripts\..\src\slots\..\..\..\demo4\src\features\traditional.py:247: FutureWarning: Parameter `min_size`
 is deprecated since version 0.26.0 and will be removed in 2.0.0 (or later). To avoid this warning, please use the para
meter `max_size` instead. For more details, see the documentation of `remove_small_objects`. Note that the new threshol
d removes objects smaller than **or equal to** its value, while the previous parameter only removed smaller ones.
  bw = morphology.remove_small_objects(bw.astype(bool), min_size=50)
D:\CGAIC\demo5\scripts\..\src\slots\..\..\..\demo4\src\features\traditional.py:247: FutureWarning: Parameter `min_size`
 is deprecated since version 0.26.0 and will be removed in 2.0.0 (or later). To avoid this warning, please use the para
meter `max_size` instead. For more details, see the documentation of `remove_small_objects`. Note that the new threshol
d removes objects smaller than **or equal to** its value, while the previous parameter only removed smaller ones.
  bw = morphology.remove_small_objects(bw.astype(bool), min_size=50)
D:\CGAIC\demo5\scripts\..\src\slots\..\..\..\demo4\src\features\traditional.py:247: FutureWarning: Parameter `min_size`
 is deprecated since version 0.26.0 and will be removed in 2.0.0 (or later). To avoid this warning, please use the para
meter `max_size` instead. For more details, see the documentation of `remove_small_objects`. Note that the new threshol
d removes objects smaller than **or equal to** its value, while the previous parameter only removed smaller ones.
  bw = morphology.remove_small_objects(bw.astype(bool), min_size=50)
D:\CGAIC\demo5\scripts\..\src\slots\..\..\..\demo4\src\features\traditional.py:247: FutureWarning: Parameter `min_size`
 is deprecated since version 0.26.0 and will be removed in 2.0.0 (or later). To avoid this warning, please use the para
meter `max_size` instead. For more details, see the documentation of `remove_small_objects`. Note that the new threshol
d removes objects smaller than **or equal to** its value, while the previous parameter only removed smaller ones.
  bw = morphology.remove_small_objects(bw.astype(bool), min_size=50)
D:\CGAIC\demo5\scripts\..\src\slots\..\..\..\demo4\src\features\traditional.py:247: FutureWarning: Parameter `min_size`
 is deprecated since version 0.26.0 and will be removed in 2.0.0 (or later). To avoid this warning, please use the para
meter `max_size` instead. For more details, see the documentation of `remove_small_objects`. Note that the new threshol
d removes objects smaller than **or equal to** its value, while the previous parameter only removed smaller ones.
  bw = morphology.remove_small_objects(bw.astype(bool), min_size=50)
D:\CGAIC\demo5\scripts\..\src\slots\..\..\..\demo4\src\features\traditional.py:247: FutureWarning: Parameter `min_size`
 is deprecated since version 0.26.0 and will be removed in 2.0.0 (or later). To avoid this warning, please use the para
meter `max_size` instead. For more details, see the documentation of `remove_small_objects`. Note that the new threshol
d removes objects smaller than **or equal to** its value, while the previous parameter only removed smaller ones.
  bw = morphology.remove_small_objects(bw.astype(bool), min_size=50)
D:\CGAIC\demo5\scripts\..\src\slots\..\..\..\demo4\src\features\traditional.py:247: FutureWarning: Parameter `min_size`
 is deprecated since version 0.26.0 and will be removed in 2.0.0 (or later). To avoid this warning, please use the para
meter `max_size` instead. For more details, see the documentation of `remove_small_objects`. Note that the new threshol
d removes objects smaller than **or equal to** its value, while the previous parameter only removed smaller ones.
  bw = morphology.remove_small_objects(bw.astype(bool), min_size=50)
D:\CGAIC\demo5\scripts\..\src\slots\..\..\..\demo4\src\features\traditional.py:247: FutureWarning: Parameter `min_size`
 is deprecated since version 0.26.0 and will be removed in 2.0.0 (or later). To avoid this warning, please use the para
meter `max_size` instead. For more details, see the documentation of `remove_small_objects`. Note that the new threshol
d removes objects smaller than **or equal to** its value, while the previous parameter only removed smaller ones.
  bw = morphology.remove_small_objects(bw.astype(bool), min_size=50)
D:\CGAIC\demo5\scripts\..\src\slots\..\..\..\demo4\src\features\traditional.py:247: FutureWarning: Parameter `min_size`
 is deprecated since version 0.26.0 and will be removed in 2.0.0 (or later). To avoid this warning, please use the para
meter `max_size` instead. For more details, see the documentation of `remove_small_objects`. Note that the new threshol
d removes objects smaller than **or equal to** its value, while the previous parameter only removed smaller ones.
  bw = morphology.remove_small_objects(bw.astype(bool), min_size=50)
D:\CGAIC\demo5\scripts\..\src\slots\..\..\..\demo4\src\features\traditional.py:247: FutureWarning: Parameter `min_size`
 is deprecated since version 0.26.0 and will be removed in 2.0.0 (or later). To avoid this warning, please use the para
meter `max_size` instead. For more details, see the documentation of `remove_small_objects`. Note that the new threshol
d removes objects smaller than **or equal to** its value, while the previous parameter only removed smaller ones.
  bw = morphology.remove_small_objects(bw.astype(bool), min_size=50)
[ssocl] U62 门控否决: 锚定集漂移 0.271 > tol，回滚虚高重估（冷却 10 反馈）
D:\CGAIC\demo5\scripts\..\src\slots\..\..\..\demo4\src\features\traditional.py:247: FutureWarning: Parameter `min_size`
 is deprecated since version 0.26.0 and will be removed in 2.0.0 (or later). To avoid this warning, please use the para
meter `max_size` instead. For more details, see the documentation of `remove_small_objects`. Note that the new threshol
d removes objects smaller than **or equal to** its value, while the previous parameter only removed smaller ones.
  bw = morphology.remove_small_objects(bw.astype(bool), min_size=50)
D:\CGAIC\demo5\scripts\..\src\slots\..\..\..\demo4\src\features\traditional.py:247: FutureWarning: Parameter `min_size`
 is deprecated since version 0.26.0 and will be removed in 2.0.0 (or later). To avoid this warning, please use the para
meter `max_size` instead. For more details, see the documentation of `remove_small_objects`. Note that the new threshol
d removes objects smaller than **or equal to** its value, while the previous parameter only removed smaller ones.
  bw = morphology.remove_small_objects(bw.astype(bool), min_size=50)
[ssocl] U62 虚高检测: 槽位 inp 正常反馈 20 条 虚高率 0.50 → CDF 重估（反馈正常原始分并入校准分布）
D:\CGAIC\demo5\scripts\..\src\slots\..\..\..\demo4\src\features\traditional.py:247: FutureWarning: Parameter `min_size`
 is deprecated since version 0.26.0 and will be removed in 2.0.0 (or later). To avoid this warning, please use the para
meter `max_size` instead. For more details, see the documentation of `remove_small_objects`. Note that the new threshol
d removes objects smaller than **or equal to** its value, while the previous parameter only removed smaller ones.
  bw = morphology.remove_small_objects(bw.astype(bool), min_size=50)
D:\CGAIC\demo5\scripts\..\src\slots\..\..\..\demo4\src\features\traditional.py:247: FutureWarning: Parameter `min_size`
 is deprecated since version 0.26.0 and will be removed in 2.0.0 (or later). To avoid this warning, please use the para
meter `max_size` instead. For more details, see the documentation of `remove_small_objects`. Note that the new threshol
d removes objects smaller than **or equal to** its value, while the previous parameter only removed smaller ones.
  bw = morphology.remove_small_objects(bw.astype(bool), min_size=50)
D:\CGAIC\demo5\scripts\..\src\slots\..\..\..\demo4\src\features\traditional.py:247: FutureWarning: Parameter `min_size`
 is deprecated since version 0.26.0 and will be removed in 2.0.0 (or later). To avoid this warning, please use the para
meter `max_size` instead. For more details, see the documentation of `remove_small_objects`. Note that the new threshol
d removes objects smaller than **or equal to** its value, while the previous parameter only removed smaller ones.
  bw = morphology.remove_small_objects(bw.astype(bool), min_size=50)
D:\CGAIC\demo5\scripts\..\src\slots\..\..\..\demo4\src\features\traditional.py:247: FutureWarning: Parameter `min_size`
 is deprecated since version 0.26.0 and will be removed in 2.0.0 (or later). To avoid this warning, please use the para
meter `max_size` instead. For more details, see the documentation of `remove_small_objects`. Note that the new threshol
d removes objects smaller than **or equal to** its value, while the previous parameter only removed smaller ones.
  bw = morphology.remove_small_objects(bw.astype(bool), min_size=50)
D:\CGAIC\demo5\scripts\..\src\slots\..\..\..\demo4\src\features\traditional.py:247: FutureWarning: Parameter `min_size`
 is deprecated since version 0.26.0 and will be removed in 2.0.0 (or later). To avoid this warning, please use the para
meter `max_size` instead. For more details, see the documentation of `remove_small_objects`. Note that the new threshol
d removes objects smaller than **or equal to** its value, while the previous parameter only removed smaller ones.
  bw = morphology.remove_small_objects(bw.astype(bool), min_size=50)
D:\CGAIC\demo5\scripts\..\src\slots\..\..\..\demo4\src\features\traditional.py:247: FutureWarning: Parameter `min_size`
 is deprecated since version 0.26.0 and will be removed in 2.0.0 (or later). To avoid this warning, please use the para
meter `max_size` instead. For more details, see the documentation of `remove_small_objects`. Note that the new threshol
d removes objects smaller than **or equal to** its value, while the previous parameter only removed smaller ones.
  bw = morphology.remove_small_objects(bw.astype(bool), min_size=50)
D:\CGAIC\demo5\scripts\..\src\slots\..\..\..\demo4\src\features\traditional.py:247: FutureWarning: Parameter `min_size`
 is deprecated since version 0.26.0 and will be removed in 2.0.0 (or later). To avoid this warning, please use the para
meter `max_size` instead. For more details, see the documentation of `remove_small_objects`. Note that the new threshol
d removes objects smaller than **or equal to** its value, while the previous parameter only removed smaller ones.
  bw = morphology.remove_small_objects(bw.astype(bool), min_size=50)
D:\CGAIC\demo5\scripts\..\src\slots\..\..\..\demo4\src\features\traditional.py:247: FutureWarning: Parameter `min_size`
 is deprecated since version 0.26.0 and will be removed in 2.0.0 (or later). To avoid this warning, please use the para
meter `max_size` instead. For more details, see the documentation of `remove_small_objects`. Note that the new threshol
d removes objects smaller than **or equal to** its value, while the previous parameter only removed smaller ones.
  bw = morphology.remove_small_objects(bw.astype(bool), min_size=50)
D:\CGAIC\demo5\scripts\..\src\slots\..\..\..\demo4\src\features\traditional.py:247: FutureWarning: Parameter `min_size`
 is deprecated since version 0.26.0 and will be removed in 2.0.0 (or later). To avoid this warning, please use the para
meter `max_size` instead. For more details, see the documentation of `remove_small_objects`. Note that the new threshol
d removes objects smaller than **or equal to** its value, while the previous parameter only removed smaller ones.
  bw = morphology.remove_small_objects(bw.astype(bool), min_size=50)
D:\CGAIC\demo5\scripts\..\src\slots\..\..\..\demo4\src\features\traditional.py:247: FutureWarning: Parameter `min_size`
 is deprecated since version 0.26.0 and will be removed in 2.0.0 (or later). To avoid this warning, please use the para
meter `max_size` instead. For more details, see the documentation of `remove_small_objects`. Note that the new threshol
d removes objects smaller than **or equal to** its value, while the previous parameter only removed smaller ones.
  bw = morphology.remove_small_objects(bw.astype(bool), min_size=50)
D:\CGAIC\demo5\scripts\..\src\slots\..\..\..\demo4\src\features\traditional.py:247: FutureWarning: Parameter `min_size`
 is deprecated since version 0.26.0 and will be removed in 2.0.0 (or later). To avoid this warning, please use the para
meter `max_size` instead. For more details, see the documentation of `remove_small_objects`. Note that the new threshol
d removes objects smaller than **or equal to** its value, while the previous parameter only removed smaller ones.
  bw = morphology.remove_small_objects(bw.astype(bool), min_size=50)
D:\CGAIC\demo5\scripts\..\src\slots\..\..\..\demo4\src\features\traditional.py:247: FutureWarning: Parameter `min_size`
 is deprecated since version 0.26.0 and will be removed in 2.0.0 (or later). To avoid this warning, please use the para
meter `max_size` instead. For more details, see the documentation of `remove_small_objects`. Note that the new threshol
d removes objects smaller than **or equal to** its value, while the previous parameter only removed smaller ones.
  bw = morphology.remove_small_objects(bw.astype(bool), min_size=50)
D:\CGAIC\demo5\scripts\..\src\slots\..\..\..\demo4\src\features\traditional.py:247: FutureWarning: Parameter `min_size`
 is deprecated since version 0.26.0 and will be removed in 2.0.0 (or later). To avoid this warning, please use the para
meter `max_size` instead. For more details, see the documentation of `remove_small_objects`. Note that the new threshol
d removes objects smaller than **or equal to** its value, while the previous parameter only removed smaller ones.
  bw = morphology.remove_small_objects(bw.astype(bool), min_size=50)
D:\CGAIC\demo5\scripts\..\src\slots\..\..\..\demo4\src\features\traditional.py:247: FutureWarning: Parameter `min_size`
 is deprecated since version 0.26.0 and will be removed in 2.0.0 (or later). To avoid this warning, please use the para
meter `max_size` instead. For more details, see the documentation of `remove_small_objects`. Note that the new threshol
d removes objects smaller than **or equal to** its value, while the previous parameter only removed smaller ones.
  bw = morphology.remove_small_objects(bw.astype(bool), min_size=50)
D:\CGAIC\demo5\scripts\..\src\slots\..\..\..\demo4\src\features\traditional.py:247: FutureWarning: Parameter `min_size`
 is deprecated since version 0.26.0 and will be removed in 2.0.0 (or later). To avoid this warning, please use the para
meter `max_size` instead. For more details, see the documentation of `remove_small_objects`. Note that the new threshol
d removes objects smaller than **or equal to** its value, while the previous parameter only removed smaller ones.
  bw = morphology.remove_small_objects(bw.astype(bool), min_size=50)
D:\CGAIC\demo5\scripts\..\src\slots\..\..\..\demo4\src\features\traditional.py:247: FutureWarning: Parameter `min_size`
 is deprecated since version 0.26.0 and will be removed in 2.0.0 (or later). To avoid this warning, please use the para
meter `max_size` instead. For more details, see the documentation of `remove_small_objects`. Note that the new threshol
d removes objects smaller than **or equal to** its value, while the previous parameter only removed smaller ones.
  bw = morphology.remove_small_objects(bw.astype(bool), min_size=50)
D:\CGAIC\demo5\scripts\..\src\slots\..\..\..\demo4\src\features\traditional.py:247: FutureWarning: Parameter `min_size`
 is deprecated since version 0.26.0 and will be removed in 2.0.0 (or later). To avoid this warning, please use the para
meter `max_size` instead. For more details, see the documentation of `remove_small_objects`. Note that the new threshol
d removes objects smaller than **or equal to** its value, while the previous parameter only removed smaller ones.
  bw = morphology.remove_small_objects(bw.astype(bool), min_size=50)
D:\CGAIC\demo5\scripts\..\src\slots\..\..\..\demo4\src\features\traditional.py:247: FutureWarning: Parameter `min_size`
 is deprecated since version 0.26.0 and will be removed in 2.0.0 (or later). To avoid this warning, please use the para
meter `max_size` instead. For more details, see the documentation of `remove_small_objects`. Note that the new threshol
d removes objects smaller than **or equal to** its value, while the previous parameter only removed smaller ones.
  bw = morphology.remove_small_objects(bw.astype(bool), min_size=50)
D:\CGAIC\demo5\scripts\..\src\slots\..\..\..\demo4\src\features\traditional.py:247: FutureWarning: Parameter `min_size`
 is deprecated since version 0.26.0 and will be removed in 2.0.0 (or later). To avoid this warning, please use the para
meter `max_size` instead. For more details, see the documentation of `remove_small_objects`. Note that the new threshol
d removes objects smaller than **or equal to** its value, while the previous parameter only removed smaller ones.
  bw = morphology.remove_small_objects(bw.astype(bool), min_size=50)
D:\CGAIC\demo5\scripts\..\src\slots\..\..\..\demo4\src\features\traditional.py:247: FutureWarning: Parameter `min_size`
 is deprecated since version 0.26.0 and will be removed in 2.0.0 (or later). To avoid this warning, please use the para
meter `max_size` instead. For more details, see the documentation of `remove_small_objects`. Note that the new threshol
d removes objects smaller than **or equal to** its value, while the previous parameter only removed smaller ones.
  bw = morphology.remove_small_objects(bw.astype(bool), min_size=50)
[ssocl] U62 门控否决: 锚定集漂移 0.269 > tol，回滚虚高重估（冷却 10 反馈）
D:\CGAIC\demo5\scripts\..\src\slots\..\..\..\demo4\src\features\traditional.py:247: FutureWarning: Parameter `min_size`
 is deprecated since version 0.26.0 and will be removed in 2.0.0 (or later). To avoid this warning, please use the para
meter `max_size` instead. For more details, see the documentation of `remove_small_objects`. Note that the new threshol
d removes objects smaller than **or equal to** its value, while the previous parameter only removed smaller ones.
  bw = morphology.remove_small_objects(bw.astype(bool), min_size=50)
D:\CGAIC\demo5\scripts\..\src\slots\..\..\..\demo4\src\features\traditional.py:247: FutureWarning: Parameter `min_size`
 is deprecated since version 0.26.0 and will be removed in 2.0.0 (or later). To avoid this warning, please use the para
meter `max_size` instead. For more details, see the documentation of `remove_small_objects`. Note that the new threshol
d removes objects smaller than **or equal to** its value, while the previous parameter only removed smaller ones.
  bw = morphology.remove_small_objects(bw.astype(bool), min_size=50)
D:\CGAIC\demo5\scripts\..\src\slots\..\..\..\demo4\src\features\traditional.py:247: FutureWarning: Parameter `min_size`
 is deprecated since version 0.26.0 and will be removed in 2.0.0 (or later). To avoid this warning, please use the para
meter `max_size` instead. For more details, see the documentation of `remove_small_objects`. Note that the new threshol
d removes objects smaller than **or equal to** its value, while the previous parameter only removed smaller ones.
  bw = morphology.remove_small_objects(bw.astype(bool), min_size=50)
D:\CGAIC\demo5\scripts\..\src\slots\..\..\..\demo4\src\features\traditional.py:247: FutureWarning: Parameter `min_size`
 is deprecated since version 0.26.0 and will be removed in 2.0.0 (or later). To avoid this warning, please use the para
meter `max_size` instead. For more details, see the documentation of `remove_small_objects`. Note that the new threshol
d removes objects smaller than **or equal to** its value, while the previous parameter only removed smaller ones.
  bw = morphology.remove_small_objects(bw.astype(bool), min_size=50)
D:\CGAIC\demo5\scripts\..\src\slots\..\..\..\demo4\src\features\traditional.py:247: FutureWarning: Parameter `min_size`
 is deprecated since version 0.26.0 and will be removed in 2.0.0 (or later). To avoid this warning, please use the para
meter `max_size` instead. For more details, see the documentation of `remove_small_objects`. Note that the new threshol
d removes objects smaller than **or equal to** its value, while the previous parameter only removed smaller ones.
  bw = morphology.remove_small_objects(bw.astype(bool), min_size=50)
D:\CGAIC\demo5\scripts\..\src\slots\..\..\..\demo4\src\features\traditional.py:247: FutureWarning: Parameter `min_size`
 is deprecated since version 0.26.0 and will be removed in 2.0.0 (or later). To avoid this warning, please use the para
meter `max_size` instead. For more details, see the documentation of `remove_small_objects`. Note that the new threshol
d removes objects smaller than **or equal to** its value, while the previous parameter only removed smaller ones.
  bw = morphology.remove_small_objects(bw.astype(bool), min_size=50)
D:\CGAIC\demo5\scripts\..\src\slots\..\..\..\demo4\src\features\traditional.py:247: FutureWarning: Parameter `min_size`
 is deprecated since version 0.26.0 and will be removed in 2.0.0 (or later). To avoid this warning, please use the para
meter `max_size` instead. For more details, see the documentation of `remove_small_objects`. Note that the new threshol
d removes objects smaller than **or equal to** its value, while the previous parameter only removed smaller ones.
  bw = morphology.remove_small_objects(bw.astype(bool), min_size=50)
D:\CGAIC\demo5\scripts\..\src\slots\..\..\..\demo4\src\features\traditional.py:247: FutureWarning: Parameter `min_size`
 is deprecated since version 0.26.0 and will be removed in 2.0.0 (or later). To avoid this warning, please use the para
meter `max_size` instead. For more details, see the documentation of `remove_small_objects`. Note that the new threshol
d removes objects smaller than **or equal to** its value, while the previous parameter only removed smaller ones.
  bw = morphology.remove_small_objects(bw.astype(bool), min_size=50)
D:\CGAIC\demo5\scripts\..\src\slots\..\..\..\demo4\src\features\traditional.py:247: FutureWarning: Parameter `min_size`
 is deprecated since version 0.26.0 and will be removed in 2.0.0 (or later). To avoid this warning, please use the para
meter `max_size` instead. For more details, see the documentation of `remove_small_objects`. Note that the new threshol
d removes objects smaller than **or equal to** its value, while the previous parameter only removed smaller ones.
  bw = morphology.remove_small_objects(bw.astype(bool), min_size=50)
D:\CGAIC\demo5\scripts\..\src\slots\..\..\..\demo4\src\features\traditional.py:247: FutureWarning: Parameter `min_size`
 is deprecated since version 0.26.0 and will be removed in 2.0.0 (or later). To avoid this warning, please use the para
meter `max_size` instead. For more details, see the documentation of `remove_small_objects`. Note that the new threshol
d removes objects smaller than **or equal to** its value, while the previous parameter only removed smaller ones.
  bw = morphology.remove_small_objects(bw.astype(bool), min_size=50)
D:\CGAIC\demo5\scripts\..\src\slots\..\..\..\demo4\src\features\traditional.py:247: FutureWarning: Parameter `min_size`
 is deprecated since version 0.26.0 and will be removed in 2.0.0 (or later). To avoid this warning, please use the para
meter `max_size` instead. For more details, see the documentation of `remove_small_objects`. Note that the new threshol
d removes objects smaller than **or equal to** its value, while the previous parameter only removed smaller ones.
  bw = morphology.remove_small_objects(bw.astype(bool), min_size=50)
[ssocl] U62 虚高检测: 槽位 sem 正常反馈 20 条 虚高率 0.65 → CDF 重估（反馈正常原始分并入校准分布）
D:\CGAIC\demo5\scripts\..\src\slots\..\..\..\demo4\src\features\traditional.py:247: FutureWarning: Parameter `min_size`
 is deprecated since version 0.26.0 and will be removed in 2.0.0 (or later). To avoid this warning, please use the para
meter `max_size` instead. For more details, see the documentation of `remove_small_objects`. Note that the new threshol
d removes objects smaller than **or equal to** its value, while the previous parameter only removed smaller ones.
  bw = morphology.remove_small_objects(bw.astype(bool), min_size=50)
D:\CGAIC\demo5\scripts\..\src\slots\..\..\..\demo4\src\features\traditional.py:247: FutureWarning: Parameter `min_size`
 is deprecated since version 0.26.0 and will be removed in 2.0.0 (or later). To avoid this warning, please use the para
meter `max_size` instead. For more details, see the documentation of `remove_small_objects`. Note that the new threshol
d removes objects smaller than **or equal to** its value, while the previous parameter only removed smaller ones.
  bw = morphology.remove_small_objects(bw.astype(bool), min_size=50)
D:\CGAIC\demo5\scripts\..\src\slots\..\..\..\demo4\src\features\traditional.py:247: FutureWarning: Parameter `min_size`
 is deprecated since version 0.26.0 and will be removed in 2.0.0 (or later). To avoid this warning, please use the para
meter `max_size` instead. For more details, see the documentation of `remove_small_objects`. Note that the new threshol
d removes objects smaller than **or equal to** its value, while the previous parameter only removed smaller ones.
  bw = morphology.remove_small_objects(bw.astype(bool), min_size=50)
D:\CGAIC\demo5\scripts\..\src\slots\..\..\..\demo4\src\features\traditional.py:247: FutureWarning: Parameter `min_size`
 is deprecated since version 0.26.0 and will be removed in 2.0.0 (or later). To avoid this warning, please use the para
meter `max_size` instead. For more details, see the documentation of `remove_small_objects`. Note that the new threshol
d removes objects smaller than **or equal to** its value, while the previous parameter only removed smaller ones.
  bw = morphology.remove_small_objects(bw.astype(bool), min_size=50)
D:\CGAIC\demo5\scripts\..\src\slots\..\..\..\demo4\src\features\traditional.py:247: FutureWarning: Parameter `min_size`
 is deprecated since version 0.26.0 and will be removed in 2.0.0 (or later). To avoid this warning, please use the para
meter `max_size` instead. For more details, see the documentation of `remove_small_objects`. Note that the new threshol
d removes objects smaller than **or equal to** its value, while the previous parameter only removed smaller ones.
  bw = morphology.remove_small_objects(bw.astype(bool), min_size=50)
D:\CGAIC\demo5\scripts\..\src\slots\..\..\..\demo4\src\features\traditional.py:247: FutureWarning: Parameter `min_size`
 is deprecated since version 0.26.0 and will be removed in 2.0.0 (or later). To avoid this warning, please use the para
meter `max_size` instead. For more details, see the documentation of `remove_small_objects`. Note that the new threshol
d removes objects smaller than **or equal to** its value, while the previous parameter only removed smaller ones.
  bw = morphology.remove_small_objects(bw.astype(bool), min_size=50)
D:\CGAIC\demo5\scripts\..\src\slots\..\..\..\demo4\src\features\traditional.py:247: FutureWarning: Parameter `min_size`
 is deprecated since version 0.26.0 and will be removed in 2.0.0 (or later). To avoid this warning, please use the para
meter `max_size` instead. For more details, see the documentation of `remove_small_objects`. Note that the new threshol
d removes objects smaller than **or equal to** its value, while the previous parameter only removed smaller ones.
  bw = morphology.remove_small_objects(bw.astype(bool), min_size=50)
D:\CGAIC\demo5\scripts\..\src\slots\..\..\..\demo4\src\features\traditional.py:247: FutureWarning: Parameter `min_size`
 is deprecated since version 0.26.0 and will be removed in 2.0.0 (or later). To avoid this warning, please use the para
meter `max_size` instead. For more details, see the documentation of `remove_small_objects`. Note that the new threshol
d removes objects smaller than **or equal to** its value, while the previous parameter only removed smaller ones.
  bw = morphology.remove_small_objects(bw.astype(bool), min_size=50)
D:\CGAIC\demo5\scripts\..\src\slots\..\..\..\demo4\src\features\traditional.py:247: FutureWarning: Parameter `min_size`
 is deprecated since version 0.26.0 and will be removed in 2.0.0 (or later). To avoid this warning, please use the para
meter `max_size` instead. For more details, see the documentation of `remove_small_objects`. Note that the new threshol
d removes objects smaller than **or equal to** its value, while the previous parameter only removed smaller ones.
  bw = morphology.remove_small_objects(bw.astype(bool), min_size=50)
D:\CGAIC\demo5\scripts\..\src\slots\..\..\..\demo4\src\features\traditional.py:247: FutureWarning: Parameter `min_size`
 is deprecated since version 0.26.0 and will be removed in 2.0.0 (or later). To avoid this warning, please use the para
meter `max_size` instead. For more details, see the documentation of `remove_small_objects`. Note that the new threshol
d removes objects smaller than **or equal to** its value, while the previous parameter only removed smaller ones.
  bw = morphology.remove_small_objects(bw.astype(bool), min_size=50)
D:\CGAIC\demo5\scripts\..\src\slots\..\..\..\demo4\src\features\traditional.py:247: FutureWarning: Parameter `min_size`
 is deprecated since version 0.26.0 and will be removed in 2.0.0 (or later). To avoid this warning, please use the para
meter `max_size` instead. For more details, see the documentation of `remove_small_objects`. Note that the new threshol
d removes objects smaller than **or equal to** its value, while the previous parameter only removed smaller ones.
  bw = morphology.remove_small_objects(bw.astype(bool), min_size=50)
D:\CGAIC\demo5\scripts\..\src\slots\..\..\..\demo4\src\features\traditional.py:247: FutureWarning: Parameter `min_size`
 is deprecated since version 0.26.0 and will be removed in 2.0.0 (or later). To avoid this warning, please use the para
meter `max_size` instead. For more details, see the documentation of `remove_small_objects`. Note that the new threshol
d removes objects smaller than **or equal to** its value, while the previous parameter only removed smaller ones.
  bw = morphology.remove_small_objects(bw.astype(bool), min_size=50)
D:\CGAIC\demo5\scripts\..\src\slots\..\..\..\demo4\src\features\traditional.py:247: FutureWarning: Parameter `min_size`
 is deprecated since version 0.26.0 and will be removed in 2.0.0 (or later). To avoid this warning, please use the para
meter `max_size` instead. For more details, see the documentation of `remove_small_objects`. Note that the new threshol
d removes objects smaller than **or equal to** its value, while the previous parameter only removed smaller ones.
  bw = morphology.remove_small_objects(bw.astype(bool), min_size=50)
D:\CGAIC\demo5\scripts\..\src\slots\..\..\..\demo4\src\features\traditional.py:247: FutureWarning: Parameter `min_size`
 is deprecated since version 0.26.0 and will be removed in 2.0.0 (or later). To avoid this warning, please use the para
meter `max_size` instead. For more details, see the documentation of `remove_small_objects`. Note that the new threshol
d removes objects smaller than **or equal to** its value, while the previous parameter only removed smaller ones.
  bw = morphology.remove_small_objects(bw.astype(bool), min_size=50)
D:\CGAIC\demo5\scripts\..\src\slots\..\..\..\demo4\src\features\traditional.py:247: FutureWarning: Parameter `min_size`
 is deprecated since version 0.26.0 and will be removed in 2.0.0 (or later). To avoid this warning, please use the para
meter `max_size` instead. For more details, see the documentation of `remove_small_objects`. Note that the new threshol
d removes objects smaller than **or equal to** its value, while the previous parameter only removed smaller ones.
  bw = morphology.remove_small_objects(bw.astype(bool), min_size=50)
D:\CGAIC\demo5\scripts\..\src\slots\..\..\..\demo4\src\features\traditional.py:247: FutureWarning: Parameter `min_size`
 is deprecated since version 0.26.0 and will be removed in 2.0.0 (or later). To avoid this warning, please use the para
meter `max_size` instead. For more details, see the documentation of `remove_small_objects`. Note that the new threshol
d removes objects smaller than **or equal to** its value, while the previous parameter only removed smaller ones.
  bw = morphology.remove_small_objects(bw.astype(bool), min_size=50)
D:\CGAIC\demo5\scripts\..\src\slots\..\..\..\demo4\src\features\traditional.py:247: FutureWarning: Parameter `min_size`
 is deprecated since version 0.26.0 and will be removed in 2.0.0 (or later). To avoid this warning, please use the para
meter `max_size` instead. For more details, see the documentation of `remove_small_objects`. Note that the new threshol
d removes objects smaller than **or equal to** its value, while the previous parameter only removed smaller ones.
  bw = morphology.remove_small_objects(bw.astype(bool), min_size=50)
D:\CGAIC\demo5\scripts\..\src\slots\..\..\..\demo4\src\features\traditional.py:247: FutureWarning: Parameter `min_size`
 is deprecated since version 0.26.0 and will be removed in 2.0.0 (or later). To avoid this warning, please use the para
meter `max_size` instead. For more details, see the documentation of `remove_small_objects`. Note that the new threshol
d removes objects smaller than **or equal to** its value, while the previous parameter only removed smaller ones.
  bw = morphology.remove_small_objects(bw.astype(bool), min_size=50)
D:\CGAIC\demo5\scripts\..\src\slots\..\..\..\demo4\src\features\traditional.py:247: FutureWarning: Parameter `min_size`
 is deprecated since version 0.26.0 and will be removed in 2.0.0 (or later). To avoid this warning, please use the para
meter `max_size` instead. For more details, see the documentation of `remove_small_objects`. Note that the new threshol
d removes objects smaller than **or equal to** its value, while the previous parameter only removed smaller ones.
  bw = morphology.remove_small_objects(bw.astype(bool), min_size=50)
D:\CGAIC\demo5\scripts\..\src\slots\..\..\..\demo4\src\features\traditional.py:247: FutureWarning: Parameter `min_size`
 is deprecated since version 0.26.0 and will be removed in 2.0.0 (or later). To avoid this warning, please use the para
meter `max_size` instead. For more details, see the documentation of `remove_small_objects`. Note that the new threshol
d removes objects smaller than **or equal to** its value, while the previous parameter only removed smaller ones.
  bw = morphology.remove_small_objects(bw.astype(bool), min_size=50)
[ssocl] U62 门控否决: 锚定集漂移 0.263 > tol，回滚虚高重估（冷却 10 反馈）
D:\CGAIC\demo5\scripts\..\src\slots\..\..\..\demo4\src\features\traditional.py:247: FutureWarning: Parameter `min_size`
 is deprecated since version 0.26.0 and will be removed in 2.0.0 (or later). To avoid this warning, please use the para
meter `max_size` instead. For more details, see the documentation of `remove_small_objects`. Note that the new threshol
d removes objects smaller than **or equal to** its value, while the previous parameter only removed smaller ones.
  bw = morphology.remove_small_objects(bw.astype(bool), min_size=50)
D:\CGAIC\demo5\scripts\..\src\slots\..\..\..\demo4\src\features\traditional.py:247: FutureWarning: Parameter `min_size`
 is deprecated since version 0.26.0 and will be removed in 2.0.0 (or later). To avoid this warning, please use the para
meter `max_size` instead. For more details, see the documentation of `remove_small_objects`. Note that the new threshol
d removes objects smaller than **or equal to** its value, while the previous parameter only removed smaller ones.
  bw = morphology.remove_small_objects(bw.astype(bool), min_size=50)
D:\CGAIC\demo5\scripts\..\src\slots\..\..\..\demo4\src\features\traditional.py:247: FutureWarning: Parameter `min_size`
 is deprecated since version 0.26.0 and will be removed in 2.0.0 (or later). To avoid this warning, please use the para
meter `max_size` instead. For more details, see the documentation of `remove_small_objects`. Note that the new threshol
d removes objects smaller than **or equal to** its value, while the previous parameter only removed smaller ones.
  bw = morphology.remove_small_objects(bw.astype(bool), min_size=50)
D:\CGAIC\demo5\scripts\..\src\slots\..\..\..\demo4\src\features\traditional.py:247: FutureWarning: Parameter `min_size`
 is deprecated since version 0.26.0 and will be removed in 2.0.0 (or later). To avoid this warning, please use the para
meter `max_size` instead. For more details, see the documentation of `remove_small_objects`. Note that the new threshol
d removes objects smaller than **or equal to** its value, while the previous parameter only removed smaller ones.
  bw = morphology.remove_small_objects(bw.astype(bool), min_size=50)
D:\CGAIC\demo5\scripts\..\src\slots\..\..\..\demo4\src\features\traditional.py:247: FutureWarning: Parameter `min_size`
 is deprecated since version 0.26.0 and will be removed in 2.0.0 (or later). To avoid this warning, please use the para
meter `max_size` instead. For more details, see the documentation of `remove_small_objects`. Note that the new threshol
d removes objects smaller than **or equal to** its value, while the previous parameter only removed smaller ones.
  bw = morphology.remove_small_objects(bw.astype(bool), min_size=50)
D:\CGAIC\demo5\scripts\..\src\slots\..\..\..\demo4\src\features\traditional.py:247: FutureWarning: Parameter `min_size`
 is deprecated since version 0.26.0 and will be removed in 2.0.0 (or later). To avoid this warning, please use the para
meter `max_size` instead. For more details, see the documentation of `remove_small_objects`. Note that the new threshol
d removes objects smaller than **or equal to** its value, while the previous parameter only removed smaller ones.
  bw = morphology.remove_small_objects(bw.astype(bool), min_size=50)
D:\CGAIC\demo5\scripts\..\src\slots\..\..\..\demo4\src\features\traditional.py:247: FutureWarning: Parameter `min_size`
 is deprecated since version 0.26.0 and will be removed in 2.0.0 (or later). To avoid this warning, please use the para
meter `max_size` instead. For more details, see the documentation of `remove_small_objects`. Note that the new threshol
d removes objects smaller than **or equal to** its value, while the previous parameter only removed smaller ones.
  bw = morphology.remove_small_objects(bw.astype(bool), min_size=50)
D:\CGAIC\demo5\scripts\..\src\slots\..\..\..\demo4\src\features\traditional.py:247: FutureWarning: Parameter `min_size`
 is deprecated since version 0.26.0 and will be removed in 2.0.0 (or later). To avoid this warning, please use the para
meter `max_size` instead. For more details, see the documentation of `remove_small_objects`. Note that the new threshol
d removes objects smaller than **or equal to** its value, while the previous parameter only removed smaller ones.
  bw = morphology.remove_small_objects(bw.astype(bool), min_size=50)
D:\CGAIC\demo5\scripts\..\src\slots\..\..\..\demo4\src\features\traditional.py:247: FutureWarning: Parameter `min_size`
 is deprecated since version 0.26.0 and will be removed in 2.0.0 (or later). To avoid this warning, please use the para
meter `max_size` instead. For more details, see the documentation of `remove_small_objects`. Note that the new threshol
d removes objects smaller than **or equal to** its value, while the previous parameter only removed smaller ones.
  bw = morphology.remove_small_objects(bw.astype(bool), min_size=50)
D:\CGAIC\demo5\scripts\..\src\slots\..\..\..\demo4\src\features\traditional.py:247: FutureWarning: Parameter `min_size`
 is deprecated since version 0.26.0 and will be removed in 2.0.0 (or later). To avoid this warning, please use the para
meter `max_size` instead. For more details, see the documentation of `remove_small_objects`. Note that the new threshol
d removes objects smaller than **or equal to** its value, while the previous parameter only removed smaller ones.
  bw = morphology.remove_small_objects(bw.astype(bool), min_size=50)
D:\CGAIC\demo5\scripts\..\src\slots\..\..\..\demo4\src\features\traditional.py:247: FutureWarning: Parameter `min_size`
 is deprecated since version 0.26.0 and will be removed in 2.0.0 (or later). To avoid this warning, please use the para
meter `max_size` instead. For more details, see the documentation of `remove_small_objects`. Note that the new threshol
d removes objects smaller than **or equal to** its value, while the previous parameter only removed smaller ones.
  bw = morphology.remove_small_objects(bw.astype(bool), min_size=50)
D:\CGAIC\demo5\scripts\..\src\slots\..\..\..\demo4\src\features\traditional.py:247: FutureWarning: Parameter `min_size`
 is deprecated since version 0.26.0 and will be removed in 2.0.0 (or later). To avoid this warning, please use the para
meter `max_size` instead. For more details, see the documentation of `remove_small_objects`. Note that the new threshol
d removes objects smaller than **or equal to** its value, while the previous parameter only removed smaller ones.
  bw = morphology.remove_small_objects(bw.astype(bool), min_size=50)
D:\CGAIC\demo5\scripts\..\src\slots\..\..\..\demo4\src\features\traditional.py:247: FutureWarning: Parameter `min_size`
 is deprecated since version 0.26.0 and will be removed in 2.0.0 (or later). To avoid this warning, please use the para
meter `max_size` instead. For more details, see the documentation of `remove_small_objects`. Note that the new threshol
d removes objects smaller than **or equal to** its value, while the previous parameter only removed smaller ones.
  bw = morphology.remove_small_objects(bw.astype(bool), min_size=50)
D:\CGAIC\demo5\scripts\..\src\slots\..\..\..\demo4\src\features\traditional.py:247: FutureWarning: Parameter `min_size`
 is deprecated since version 0.26.0 and will be removed in 2.0.0 (or later). To avoid this warning, please use the para
meter `max_size` instead. For more details, see the documentation of `remove_small_objects`. Note that the new threshol
d removes objects smaller than **or equal to** its value, while the previous parameter only removed smaller ones.
  bw = morphology.remove_small_objects(bw.astype(bool), min_size=50)
D:\CGAIC\demo5\scripts\..\src\slots\..\..\..\demo4\src\features\traditional.py:247: FutureWarning: Parameter `min_size`
 is deprecated since version 0.26.0 and will be removed in 2.0.0 (or later). To avoid this warning, please use the para
meter `max_size` instead. For more details, see the documentation of `remove_small_objects`. Note that the new threshol
d removes objects smaller than **or equal to** its value, while the previous parameter only removed smaller ones.
  bw = morphology.remove_small_objects(bw.astype(bool), min_size=50)
D:\CGAIC\demo5\scripts\..\src\slots\..\..\..\demo4\src\features\traditional.py:247: FutureWarning: Parameter `min_size`
 is deprecated since version 0.26.0 and will be removed in 2.0.0 (or later). To avoid this warning, please use the para
meter `max_size` instead. For more details, see the documentation of `remove_small_objects`. Note that the new threshol
d removes objects smaller than **or equal to** its value, while the previous parameter only removed smaller ones.
  bw = morphology.remove_small_objects(bw.astype(bool), min_size=50)
D:\CGAIC\demo5\scripts\..\src\slots\..\..\..\demo4\src\features\traditional.py:247: FutureWarning: Parameter `min_size`
 is deprecated since version 0.26.0 and will be removed in 2.0.0 (or later). To avoid this warning, please use the para
meter `max_size` instead. For more details, see the documentation of `remove_small_objects`. Note that the new threshol
d removes objects smaller than **or equal to** its value, while the previous parameter only removed smaller ones.
  bw = morphology.remove_small_objects(bw.astype(bool), min_size=50)
D:\CGAIC\demo5\scripts\..\src\slots\..\..\..\demo4\src\features\traditional.py:247: FutureWarning: Parameter `min_size`
 is deprecated since version 0.26.0 and will be removed in 2.0.0 (or later). To avoid this warning, please use the para
meter `max_size` instead. For more details, see the documentation of `remove_small_objects`. Note that the new threshol
d removes objects smaller than **or equal to** its value, while the previous parameter only removed smaller ones.
  bw = morphology.remove_small_objects(bw.astype(bool), min_size=50)
D:\CGAIC\demo5\scripts\..\src\slots\..\..\..\demo4\src\features\traditional.py:247: FutureWarning: Parameter `min_size`
 is deprecated since version 0.26.0 and will be removed in 2.0.0 (or later). To avoid this warning, please use the para
meter `max_size` instead. For more details, see the documentation of `remove_small_objects`. Note that the new threshol
d removes objects smaller than **or equal to** its value, while the previous parameter only removed smaller ones.
  bw = morphology.remove_small_objects(bw.astype(bool), min_size=50)
D:\CGAIC\demo5\scripts\..\src\slots\..\..\..\demo4\src\features\traditional.py:247: FutureWarning: Parameter `min_size`
 is deprecated since version 0.26.0 and will be removed in 2.0.0 (or later). To avoid this warning, please use the para
meter `max_size` instead. For more details, see the documentation of `remove_small_objects`. Note that the new threshol
d removes objects smaller than **or equal to** its value, while the previous parameter only removed smaller ones.
  bw = morphology.remove_small_objects(bw.astype(bool), min_size=50)
D:\CGAIC\demo5\scripts\..\src\slots\..\..\..\demo4\src\features\traditional.py:247: FutureWarning: Parameter `min_size`
 is deprecated since version 0.26.0 and will be removed in 2.0.0 (or later). To avoid this warning, please use the para
meter `max_size` instead. For more details, see the documentation of `remove_small_objects`. Note that the new threshol
d removes objects smaller than **or equal to** its value, while the previous parameter only removed smaller ones.
  bw = morphology.remove_small_objects(bw.astype(bool), min_size=50)
D:\CGAIC\demo5\scripts\..\src\slots\..\..\..\demo4\src\features\traditional.py:247: FutureWarning: Parameter `min_size`
 is deprecated since version 0.26.0 and will be removed in 2.0.0 (or later). To avoid this warning, please use the para
meter `max_size` instead. For more details, see the documentation of `remove_small_objects`. Note that the new threshol
d removes objects smaller than **or equal to** its value, while the previous parameter only removed smaller ones.
  bw = morphology.remove_small_objects(bw.astype(bool), min_size=50)
D:\CGAIC\demo5\scripts\..\src\slots\..\..\..\demo4\src\features\traditional.py:247: FutureWarning: Parameter `min_size`
 is deprecated since version 0.26.0 and will be removed in 2.0.0 (or later). To avoid this warning, please use the para
meter `max_size` instead. For more details, see the documentation of `remove_small_objects`. Note that the new threshol
d removes objects smaller than **or equal to** its value, while the previous parameter only removed smaller ones.
  bw = morphology.remove_small_objects(bw.astype(bool), min_size=50)
D:\CGAIC\demo5\scripts\..\src\slots\..\..\..\demo4\src\features\traditional.py:247: FutureWarning: Parameter `min_size`
 is deprecated since version 0.26.0 and will be removed in 2.0.0 (or later). To avoid this warning, please use the para
meter `max_size` instead. For more details, see the documentation of `remove_small_objects`. Note that the new threshol
d removes objects smaller than **or equal to** its value, while the previous parameter only removed smaller ones.
  bw = morphology.remove_small_objects(bw.astype(bool), min_size=50)
D:\CGAIC\demo5\scripts\..\src\slots\..\..\..\demo4\src\features\traditional.py:247: FutureWarning: Parameter `min_size`
 is deprecated since version 0.26.0 and will be removed in 2.0.0 (or later). To avoid this warning, please use the para
meter `max_size` instead. For more details, see the documentation of `remove_small_objects`. Note that the new threshol
d removes objects smaller than **or equal to** its value, while the previous parameter only removed smaller ones.
  bw = morphology.remove_small_objects(bw.astype(bool), min_size=50)
D:\CGAIC\demo5\scripts\..\src\slots\..\..\..\demo4\src\features\traditional.py:247: FutureWarning: Parameter `min_size`
 is deprecated since version 0.26.0 and will be removed in 2.0.0 (or later). To avoid this warning, please use the para
meter `max_size` instead. For more details, see the documentation of `remove_small_objects`. Note that the new threshol
d removes objects smaller than **or equal to** its value, while the previous parameter only removed smaller ones.
  bw = morphology.remove_small_objects(bw.astype(bool), min_size=50)
D:\CGAIC\demo5\scripts\..\src\slots\..\..\..\demo4\src\features\traditional.py:247: FutureWarning: Parameter `min_size`
 is deprecated since version 0.26.0 and will be removed in 2.0.0 (or later). To avoid this warning, please use the para
meter `max_size` instead. For more details, see the documentation of `remove_small_objects`. Note that the new threshol
d removes objects smaller than **or equal to** its value, while the previous parameter only removed smaller ones.
  bw = morphology.remove_small_objects(bw.astype(bool), min_size=50)
D:\CGAIC\demo5\scripts\..\src\slots\..\..\..\demo4\src\features\traditional.py:247: FutureWarning: Parameter `min_size`
 is deprecated since version 0.26.0 and will be removed in 2.0.0 (or later). To avoid this warning, please use the para
meter `max_size` instead. For more details, see the documentation of `remove_small_objects`. Note that the new threshol
d removes objects smaller than **or equal to** its value, while the previous parameter only removed smaller ones.
  bw = morphology.remove_small_objects(bw.astype(bool), min_size=50)
D:\CGAIC\demo5\scripts\..\src\slots\..\..\..\demo4\src\features\traditional.py:247: FutureWarning: Parameter `min_size`
 is deprecated since version 0.26.0 and will be removed in 2.0.0 (or later). To avoid this warning, please use the para
meter `max_size` instead. For more details, see the documentation of `remove_small_objects`. Note that the new threshol
d removes objects smaller than **or equal to** its value, while the previous parameter only removed smaller ones.
  bw = morphology.remove_small_objects(bw.astype(bool), min_size=50)
D:\CGAIC\demo5\scripts\..\src\slots\..\..\..\demo4\src\features\traditional.py:247: FutureWarning: Parameter `min_size`
 is deprecated since version 0.26.0 and will be removed in 2.0.0 (or later). To avoid this warning, please use the para
meter `max_size` instead. For more details, see the documentation of `remove_small_objects`. Note that the new threshol
d removes objects smaller than **or equal to** its value, while the previous parameter only removed smaller ones.
  bw = morphology.remove_small_objects(bw.astype(bool), min_size=50)
D:\CGAIC\demo5\scripts\..\src\slots\..\..\..\demo4\src\features\traditional.py:247: FutureWarning: Parameter `min_size`
 is deprecated since version 0.26.0 and will be removed in 2.0.0 (or later). To avoid this warning, please use the para
meter `max_size` instead. For more details, see the documentation of `remove_small_objects`. Note that the new threshol
d removes objects smaller than **or equal to** its value, while the previous parameter only removed smaller ones.
  bw = morphology.remove_small_objects(bw.astype(bool), min_size=50)
D:\CGAIC\demo5\scripts\..\src\slots\..\..\..\demo4\src\features\traditional.py:247: FutureWarning: Parameter `min_size`
 is deprecated since version 0.26.0 and will be removed in 2.0.0 (or later). To avoid this warning, please use the para
meter `max_size` instead. For more details, see the documentation of `remove_small_objects`. Note that the new threshol
d removes objects smaller than **or equal to** its value, while the previous parameter only removed smaller ones.
  bw = morphology.remove_small_objects(bw.astype(bool), min_size=50)
D:\CGAIC\demo5\scripts\..\src\slots\..\..\..\demo4\src\features\traditional.py:247: FutureWarning: Parameter `min_size`
 is deprecated since version 0.26.0 and will be removed in 2.0.0 (or later). To avoid this warning, please use the para
meter `max_size` instead. For more details, see the documentation of `remove_small_objects`. Note that the new threshol
d removes objects smaller than **or equal to** its value, while the previous parameter only removed smaller ones.
  bw = morphology.remove_small_objects(bw.astype(bool), min_size=50)
D:\CGAIC\demo5\scripts\..\src\slots\..\..\..\demo4\src\features\traditional.py:247: FutureWarning: Parameter `min_size`
 is deprecated since version 0.26.0 and will be removed in 2.0.0 (or later). To avoid this warning, please use the para
meter `max_size` instead. For more details, see the documentation of `remove_small_objects`. Note that the new threshol
d removes objects smaller than **or equal to** its value, while the previous parameter only removed smaller ones.
  bw = morphology.remove_small_objects(bw.astype(bool), min_size=50)
D:\CGAIC\demo5\scripts\..\src\slots\..\..\..\demo4\src\features\traditional.py:247: FutureWarning: Parameter `min_size`
 is deprecated since version 0.26.0 and will be removed in 2.0.0 (or later). To avoid this warning, please use the para
meter `max_size` instead. For more details, see the documentation of `remove_small_objects`. Note that the new threshol
d removes objects smaller than **or equal to** its value, while the previous parameter only removed smaller ones.
  bw = morphology.remove_small_objects(bw.astype(bool), min_size=50)
D:\CGAIC\demo5\scripts\..\src\slots\..\..\..\demo4\src\features\traditional.py:247: FutureWarning: Parameter `min_size`
 is deprecated since version 0.26.0 and will be removed in 2.0.0 (or later). To avoid this warning, please use the para
meter `max_size` instead. For more details, see the documentation of `remove_small_objects`. Note that the new threshol
d removes objects smaller than **or equal to** its value, while the previous parameter only removed smaller ones.
  bw = morphology.remove_small_objects(bw.astype(bool), min_size=50)
D:\CGAIC\demo5\scripts\..\src\slots\..\..\..\demo4\src\features\traditional.py:247: FutureWarning: Parameter `min_size`
 is deprecated since version 0.26.0 and will be removed in 2.0.0 (or later). To avoid this warning, please use the para
meter `max_size` instead. For more details, see the documentation of `remove_small_objects`. Note that the new threshol
d removes objects smaller than **or equal to** its value, while the previous parameter only removed smaller ones.
  bw = morphology.remove_small_objects(bw.astype(bool), min_size=50)
D:\CGAIC\demo5\scripts\..\src\slots\..\..\..\demo4\src\features\traditional.py:247: FutureWarning: Parameter `min_size`
 is deprecated since version 0.26.0 and will be removed in 2.0.0 (or later). To avoid this warning, please use the para
meter `max_size` instead. For more details, see the documentation of `remove_small_objects`. Note that the new threshol
d removes objects smaller than **or equal to** its value, while the previous parameter only removed smaller ones.
  bw = morphology.remove_small_objects(bw.astype(bool), min_size=50)
D:\CGAIC\demo5\scripts\..\src\slots\..\..\..\demo4\src\features\traditional.py:247: FutureWarning: Parameter `min_size`
 is deprecated since version 0.26.0 and will be removed in 2.0.0 (or later). To avoid this warning, please use the para
meter `max_size` instead. For more details, see the documentation of `remove_small_objects`. Note that the new threshol
d removes objects smaller than **or equal to** its value, while the previous parameter only removed smaller ones.
  bw = morphology.remove_small_objects(bw.astype(bool), min_size=50)
D:\CGAIC\demo5\scripts\..\src\slots\..\..\..\demo4\src\features\traditional.py:247: FutureWarning: Parameter `min_size`
 is deprecated since version 0.26.0 and will be removed in 2.0.0 (or later). To avoid this warning, please use the para
meter `max_size` instead. For more details, see the documentation of `remove_small_objects`. Note that the new threshol
d removes objects smaller than **or equal to** its value, while the previous parameter only removed smaller ones.
  bw = morphology.remove_small_objects(bw.astype(bool), min_size=50)
D:\CGAIC\demo5\scripts\..\src\slots\..\..\..\demo4\src\features\traditional.py:247: FutureWarning: Parameter `min_size`
 is deprecated since version 0.26.0 and will be removed in 2.0.0 (or later). To avoid this warning, please use the para
meter `max_size` instead. For more details, see the documentation of `remove_small_objects`. Note that the new threshol
d removes objects smaller than **or equal to** its value, while the previous parameter only removed smaller ones.
  bw = morphology.remove_small_objects(bw.astype(bool), min_size=50)
D:\CGAIC\demo5\scripts\..\src\slots\..\..\..\demo4\src\features\traditional.py:247: FutureWarning: Parameter `min_size`
 is deprecated since version 0.26.0 and will be removed in 2.0.0 (or later). To avoid this warning, please use the para
meter `max_size` instead. For more details, see the documentation of `remove_small_objects`. Note that the new threshol
d removes objects smaller than **or equal to** its value, while the previous parameter only removed smaller ones.
  bw = morphology.remove_small_objects(bw.astype(bool), min_size=50)
D:\CGAIC\demo5\scripts\..\src\slots\..\..\..\demo4\src\features\traditional.py:247: FutureWarning: Parameter `min_size`
 is deprecated since version 0.26.0 and will be removed in 2.0.0 (or later). To avoid this warning, please use the para
meter `max_size` instead. For more details, see the documentation of `remove_small_objects`. Note that the new threshol
d removes objects smaller than **or equal to** its value, while the previous parameter only removed smaller ones.
  bw = morphology.remove_small_objects(bw.astype(bool), min_size=50)
D:\CGAIC\demo5\scripts\..\src\slots\..\..\..\demo4\src\features\traditional.py:247: FutureWarning: Parameter `min_size`
 is deprecated since version 0.26.0 and will be removed in 2.0.0 (or later). To avoid this warning, please use the para
meter `max_size` instead. For more details, see the documentation of `remove_small_objects`. Note that the new threshol
d removes objects smaller than **or equal to** its value, while the previous parameter only removed smaller ones.
  bw = morphology.remove_small_objects(bw.astype(bool), min_size=50)
D:\CGAIC\demo5\scripts\..\src\slots\..\..\..\demo4\src\features\traditional.py:247: FutureWarning: Parameter `min_size`
 is deprecated since version 0.26.0 and will be removed in 2.0.0 (or later). To avoid this warning, please use the para
meter `max_size` instead. For more details, see the documentation of `remove_small_objects`. Note that the new threshol
d removes objects smaller than **or equal to** its value, while the previous parameter only removed smaller ones.
  bw = morphology.remove_small_objects(bw.astype(bool), min_size=50)
D:\CGAIC\demo5\scripts\..\src\slots\..\..\..\demo4\src\features\traditional.py:247: FutureWarning: Parameter `min_size`
 is deprecated since version 0.26.0 and will be removed in 2.0.0 (or later). To avoid this warning, please use the para
meter `max_size` instead. For more details, see the documentation of `remove_small_objects`. Note that the new threshol
d removes objects smaller than **or equal to** its value, while the previous parameter only removed smaller ones.
  bw = morphology.remove_small_objects(bw.astype(bool), min_size=50)
D:\CGAIC\demo5\scripts\..\src\slots\..\..\..\demo4\src\features\traditional.py:247: FutureWarning: Parameter `min_size`
 is deprecated since version 0.26.0 and will be removed in 2.0.0 (or later). To avoid this warning, please use the para
meter `max_size` instead. For more details, see the documentation of `remove_small_objects`. Note that the new threshol
d removes objects smaller than **or equal to** its value, while the previous parameter only removed smaller ones.
  bw = morphology.remove_small_objects(bw.astype(bool), min_size=50)
D:\CGAIC\demo5\scripts\..\src\slots\..\..\..\demo4\src\features\traditional.py:247: FutureWarning: Parameter `min_size`
 is deprecated since version 0.26.0 and will be removed in 2.0.0 (or later). To avoid this warning, please use the para
meter `max_size` instead. For more details, see the documentation of `remove_small_objects`. Note that the new threshol
d removes objects smaller than **or equal to** its value, while the previous parameter only removed smaller ones.
  bw = morphology.remove_small_objects(bw.astype(bool), min_size=50)
D:\CGAIC\demo5\scripts\..\src\slots\..\..\..\demo4\src\features\traditional.py:247: FutureWarning: Parameter `min_size`
 is deprecated since version 0.26.0 and will be removed in 2.0.0 (or later). To avoid this warning, please use the para
meter `max_size` instead. For more details, see the documentation of `remove_small_objects`. Note that the new threshol
d removes objects smaller than **or equal to** its value, while the previous parameter only removed smaller ones.
  bw = morphology.remove_small_objects(bw.astype(bool), min_size=50)
D:\CGAIC\demo5\scripts\..\src\slots\..\..\..\demo4\src\features\traditional.py:247: FutureWarning: Parameter `min_size`
 is deprecated since version 0.26.0 and will be removed in 2.0.0 (or later). To avoid this warning, please use the para
meter `max_size` instead. For more details, see the documentation of `remove_small_objects`. Note that the new threshol
d removes objects smaller than **or equal to** its value, while the previous parameter only removed smaller ones.
  bw = morphology.remove_small_objects(bw.astype(bool), min_size=50)
D:\CGAIC\demo5\scripts\..\src\slots\..\..\..\demo4\src\features\traditional.py:247: FutureWarning: Parameter `min_size`
 is deprecated since version 0.26.0 and will be removed in 2.0.0 (or later). To avoid this warning, please use the para
meter `max_size` instead. For more details, see the documentation of `remove_small_objects`. Note that the new threshol
d removes objects smaller than **or equal to** its value, while the previous parameter only removed smaller ones.
  bw = morphology.remove_small_objects(bw.astype(bool), min_size=50)
D:\CGAIC\demo5\scripts\..\src\slots\..\..\..\demo4\src\features\traditional.py:247: FutureWarning: Parameter `min_size`
 is deprecated since version 0.26.0 and will be removed in 2.0.0 (or later). To avoid this warning, please use the para
meter `max_size` instead. For more details, see the documentation of `remove_small_objects`. Note that the new threshol
d removes objects smaller than **or equal to** its value, while the previous parameter only removed smaller ones.
  bw = morphology.remove_small_objects(bw.astype(bool), min_size=50)
D:\CGAIC\demo5\scripts\..\src\slots\..\..\..\demo4\src\features\traditional.py:247: FutureWarning: Parameter `min_size`
 is deprecated since version 0.26.0 and will be removed in 2.0.0 (or later). To avoid this warning, please use the para
meter `max_size` instead. For more details, see the documentation of `remove_small_objects`. Note that the new threshol
d removes objects smaller than **or equal to** its value, while the previous parameter only removed smaller ones.
  bw = morphology.remove_small_objects(bw.astype(bool), min_size=50)
D:\CGAIC\demo5\scripts\..\src\slots\..\..\..\demo4\src\features\traditional.py:247: FutureWarning: Parameter `min_size`
 is deprecated since version 0.26.0 and will be removed in 2.0.0 (or later). To avoid this warning, please use the para
meter `max_size` instead. For more details, see the documentation of `remove_small_objects`. Note that the new threshol
d removes objects smaller than **or equal to** its value, while the previous parameter only removed smaller ones.
  bw = morphology.remove_small_objects(bw.astype(bool), min_size=50)
D:\CGAIC\demo5\scripts\..\src\slots\..\..\..\demo4\src\features\traditional.py:247: FutureWarning: Parameter `min_size`
 is deprecated since version 0.26.0 and will be removed in 2.0.0 (or later). To avoid this warning, please use the para
meter `max_size` instead. For more details, see the documentation of `remove_small_objects`. Note that the new threshol
d removes objects smaller than **or equal to** its value, while the previous parameter only removed smaller ones.
  bw = morphology.remove_small_objects(bw.astype(bool), min_size=50)
D:\CGAIC\demo5\scripts\..\src\slots\..\..\..\demo4\src\features\traditional.py:247: FutureWarning: Parameter `min_size`
 is deprecated since version 0.26.0 and will be removed in 2.0.0 (or later). To avoid this warning, please use the para
meter `max_size` instead. For more details, see the documentation of `remove_small_objects`. Note that the new threshol
d removes objects smaller than **or equal to** its value, while the previous parameter only removed smaller ones.
  bw = morphology.remove_small_objects(bw.astype(bool), min_size=50)
D:\CGAIC\demo5\scripts\..\src\slots\..\..\..\demo4\src\features\traditional.py:247: FutureWarning: Parameter `min_size`
 is deprecated since version 0.26.0 and will be removed in 2.0.0 (or later). To avoid this warning, please use the para
meter `max_size` instead. For more details, see the documentation of `remove_small_objects`. Note that the new threshol
d removes objects smaller than **or equal to** its value, while the previous parameter only removed smaller ones.
  bw = morphology.remove_small_objects(bw.astype(bool), min_size=50)
D:\CGAIC\demo5\scripts\..\src\slots\..\..\..\demo4\src\features\traditional.py:247: FutureWarning: Parameter `min_size`
 is deprecated since version 0.26.0 and will be removed in 2.0.0 (or later). To avoid this warning, please use the para
meter `max_size` instead. For more details, see the documentation of `remove_small_objects`. Note that the new threshol
d removes objects smaller than **or equal to** its value, while the previous parameter only removed smaller ones.
  bw = morphology.remove_small_objects(bw.astype(bool), min_size=50)
D:\CGAIC\demo5\scripts\..\src\slots\..\..\..\demo4\src\features\traditional.py:247: FutureWarning: Parameter `min_size`
 is deprecated since version 0.26.0 and will be removed in 2.0.0 (or later). To avoid this warning, please use the para
meter `max_size` instead. For more details, see the documentation of `remove_small_objects`. Note that the new threshol
d removes objects smaller than **or equal to** its value, while the previous parameter only removed smaller ones.
  bw = morphology.remove_small_objects(bw.astype(bool), min_size=50)
D:\CGAIC\demo5\scripts\..\src\slots\..\..\..\demo4\src\features\traditional.py:247: FutureWarning: Parameter `min_size`
 is deprecated since version 0.26.0 and will be removed in 2.0.0 (or later). To avoid this warning, please use the para
meter `max_size` instead. For more details, see the documentation of `remove_small_objects`. Note that the new threshol
d removes objects smaller than **or equal to** its value, while the previous parameter only removed smaller ones.
  bw = morphology.remove_small_objects(bw.astype(bool), min_size=50)
D:\CGAIC\demo5\scripts\..\src\slots\..\..\..\demo4\src\features\traditional.py:247: FutureWarning: Parameter `min_size`
 is deprecated since version 0.26.0 and will be removed in 2.0.0 (or later). To avoid this warning, please use the para
meter `max_size` instead. For more details, see the documentation of `remove_small_objects`. Note that the new threshol
d removes objects smaller than **or equal to** its value, while the previous parameter only removed smaller ones.
  bw = morphology.remove_small_objects(bw.astype(bool), min_size=50)
D:\CGAIC\demo5\scripts\..\src\slots\..\..\..\demo4\src\features\traditional.py:247: FutureWarning: Parameter `min_size`
 is deprecated since version 0.26.0 and will be removed in 2.0.0 (or later). To avoid this warning, please use the para
meter `max_size` instead. For more details, see the documentation of `remove_small_objects`. Note that the new threshol
d removes objects smaller than **or equal to** its value, while the previous parameter only removed smaller ones.
  bw = morphology.remove_small_objects(bw.astype(bool), min_size=50)
D:\CGAIC\demo5\scripts\..\src\slots\..\..\..\demo4\src\features\traditional.py:247: FutureWarning: Parameter `min_size`
 is deprecated since version 0.26.0 and will be removed in 2.0.0 (or later). To avoid this warning, please use the para
meter `max_size` instead. For more details, see the documentation of `remove_small_objects`. Note that the new threshol
d removes objects smaller than **or equal to** its value, while the previous parameter only removed smaller ones.
  bw = morphology.remove_small_objects(bw.astype(bool), min_size=50)
D:\CGAIC\demo5\scripts\..\src\slots\..\..\..\demo4\src\features\traditional.py:247: FutureWarning: Parameter `min_size`
 is deprecated since version 0.26.0 and will be removed in 2.0.0 (or later). To avoid this warning, please use the para
meter `max_size` instead. For more details, see the documentation of `remove_small_objects`. Note that the new threshol
d removes objects smaller than **or equal to** its value, while the previous parameter only removed smaller ones.
  bw = morphology.remove_small_objects(bw.astype(bool), min_size=50)
  [lc] 反馈=50 锚定集AUROC=0.9153 F1=0.9000
D:\CGAIC\demo5\scripts\..\src\slots\..\..\..\demo4\src\features\traditional.py:247: FutureWarning: Parameter `min_size`
 is deprecated since version 0.26.0 and will be removed in 2.0.0 (or later). To avoid this warning, please use the para
meter `max_size` instead. For more details, see the documentation of `remove_small_objects`. Note that the new threshol
d removes objects smaller than **or equal to** its value, while the previous parameter only removed smaller ones.
  bw = morphology.remove_small_objects(bw.astype(bool), min_size=50)
D:\CGAIC\demo5\scripts\..\src\slots\..\..\..\demo4\src\features\traditional.py:247: FutureWarning: Parameter `min_size`
 is deprecated since version 0.26.0 and will be removed in 2.0.0 (or later). To avoid this warning, please use the para
meter `max_size` instead. For more details, see the documentation of `remove_small_objects`. Note that the new threshol
d removes objects smaller than **or equal to** its value, while the previous parameter only removed smaller ones.
  bw = morphology.remove_small_objects(bw.astype(bool), min_size=50)
D:\CGAIC\demo5\scripts\..\src\slots\..\..\..\demo4\src\features\traditional.py:247: FutureWarning: Parameter `min_size`
 is deprecated since version 0.26.0 and will be removed in 2.0.0 (or later). To avoid this warning, please use the para
meter `max_size` instead. For more details, see the documentation of `remove_small_objects`. Note that the new threshol
d removes objects smaller than **or equal to** its value, while the previous parameter only removed smaller ones.
  bw = morphology.remove_small_objects(bw.astype(bool), min_size=50)
D:\CGAIC\demo5\scripts\..\src\slots\..\..\..\demo4\src\features\traditional.py:247: FutureWarning: Parameter `min_size`
 is deprecated since version 0.26.0 and will be removed in 2.0.0 (or later). To avoid this warning, please use the para
meter `max_size` instead. For more details, see the documentation of `remove_small_objects`. Note that the new threshol
d removes objects smaller than **or equal to** its value, while the previous parameter only removed smaller ones.
  bw = morphology.remove_small_objects(bw.astype(bool), min_size=50)
D:\CGAIC\demo5\scripts\..\src\slots\..\..\..\demo4\src\features\traditional.py:247: FutureWarning: Parameter `min_size`
 is deprecated since version 0.26.0 and will be removed in 2.0.0 (or later). To avoid this warning, please use the para
meter `max_size` instead. For more details, see the documentation of `remove_small_objects`. Note that the new threshol
d removes objects smaller than **or equal to** its value, while the previous parameter only removed smaller ones.
  bw = morphology.remove_small_objects(bw.astype(bool), min_size=50)
[ssocl] U62 虚高检测: 槽位 layout 正常反馈 22 条 虚高率 0.50 → CDF 重估（反馈正常原始分并入校准分布）
D:\CGAIC\demo5\scripts\..\src\slots\..\..\..\demo4\src\features\traditional.py:247: FutureWarning: Parameter `min_size`
 is deprecated since version 0.26.0 and will be removed in 2.0.0 (or later). To avoid this warning, please use the para
meter `max_size` instead. For more details, see the documentation of `remove_small_objects`. Note that the new threshol
d removes objects smaller than **or equal to** its value, while the previous parameter only removed smaller ones.
  bw = morphology.remove_small_objects(bw.astype(bool), min_size=50)
D:\CGAIC\demo5\scripts\..\src\slots\..\..\..\demo4\src\features\traditional.py:247: FutureWarning: Parameter `min_size`
 is deprecated since version 0.26.0 and will be removed in 2.0.0 (or later). To avoid this warning, please use the para
meter `max_size` instead. For more details, see the documentation of `remove_small_objects`. Note that the new threshol
d removes objects smaller than **or equal to** its value, while the previous parameter only removed smaller ones.
  bw = morphology.remove_small_objects(bw.astype(bool), min_size=50)
D:\CGAIC\demo5\scripts\..\src\slots\..\..\..\demo4\src\features\traditional.py:247: FutureWarning: Parameter `min_size`
 is deprecated since version 0.26.0 and will be removed in 2.0.0 (or later). To avoid this warning, please use the para
meter `max_size` instead. For more details, see the documentation of `remove_small_objects`. Note that the new threshol
d removes objects smaller than **or equal to** its value, while the previous parameter only removed smaller ones.
  bw = morphology.remove_small_objects(bw.astype(bool), min_size=50)
D:\CGAIC\demo5\scripts\..\src\slots\..\..\..\demo4\src\features\traditional.py:247: FutureWarning: Parameter `min_size`
 is deprecated since version 0.26.0 and will be removed in 2.0.0 (or later). To avoid this warning, please use the para
meter `max_size` instead. For more details, see the documentation of `remove_small_objects`. Note that the new threshol
d removes objects smaller than **or equal to** its value, while the previous parameter only removed smaller ones.
  bw = morphology.remove_small_objects(bw.astype(bool), min_size=50)
D:\CGAIC\demo5\scripts\..\src\slots\..\..\..\demo4\src\features\traditional.py:247: FutureWarning: Parameter `min_size`
 is deprecated since version 0.26.0 and will be removed in 2.0.0 (or later). To avoid this warning, please use the para
meter `max_size` instead. For more details, see the documentation of `remove_small_objects`. Note that the new threshol
d removes objects smaller than **or equal to** its value, while the previous parameter only removed smaller ones.
  bw = morphology.remove_small_objects(bw.astype(bool), min_size=50)
D:\CGAIC\demo5\scripts\..\src\slots\..\..\..\demo4\src\features\traditional.py:247: FutureWarning: Parameter `min_size`
 is deprecated since version 0.26.0 and will be removed in 2.0.0 (or later). To avoid this warning, please use the para
meter `max_size` instead. For more details, see the documentation of `remove_small_objects`. Note that the new threshol
d removes objects smaller than **or equal to** its value, while the previous parameter only removed smaller ones.
  bw = morphology.remove_small_objects(bw.astype(bool), min_size=50)
D:\CGAIC\demo5\scripts\..\src\slots\..\..\..\demo4\src\features\traditional.py:247: FutureWarning: Parameter `min_size`
 is deprecated since version 0.26.0 and will be removed in 2.0.0 (or later). To avoid this warning, please use the para
meter `max_size` instead. For more details, see the documentation of `remove_small_objects`. Note that the new threshol
d removes objects smaller than **or equal to** its value, while the previous parameter only removed smaller ones.
  bw = morphology.remove_small_objects(bw.astype(bool), min_size=50)
D:\CGAIC\demo5\scripts\..\src\slots\..\..\..\demo4\src\features\traditional.py:247: FutureWarning: Parameter `min_size`
 is deprecated since version 0.26.0 and will be removed in 2.0.0 (or later). To avoid this warning, please use the para
meter `max_size` instead. For more details, see the documentation of `remove_small_objects`. Note that the new threshol
d removes objects smaller than **or equal to** its value, while the previous parameter only removed smaller ones.
  bw = morphology.remove_small_objects(bw.astype(bool), min_size=50)
D:\CGAIC\demo5\scripts\..\src\slots\..\..\..\demo4\src\features\traditional.py:247: FutureWarning: Parameter `min_size`
 is deprecated since version 0.26.0 and will be removed in 2.0.0 (or later). To avoid this warning, please use the para
meter `max_size` instead. For more details, see the documentation of `remove_small_objects`. Note that the new threshol
d removes objects smaller than **or equal to** its value, while the previous parameter only removed smaller ones.
  bw = morphology.remove_small_objects(bw.astype(bool), min_size=50)
D:\CGAIC\demo5\scripts\..\src\slots\..\..\..\demo4\src\features\traditional.py:247: FutureWarning: Parameter `min_size`
 is deprecated since version 0.26.0 and will be removed in 2.0.0 (or later). To avoid this warning, please use the para
meter `max_size` instead. For more details, see the documentation of `remove_small_objects`. Note that the new threshol
d removes objects smaller than **or equal to** its value, while the previous parameter only removed smaller ones.
  bw = morphology.remove_small_objects(bw.astype(bool), min_size=50)
D:\CGAIC\demo5\scripts\..\src\slots\..\..\..\demo4\src\features\traditional.py:247: FutureWarning: Parameter `min_size`
 is deprecated since version 0.26.0 and will be removed in 2.0.0 (or later). To avoid this warning, please use the para
meter `max_size` instead. For more details, see the documentation of `remove_small_objects`. Note that the new threshol
d removes objects smaller than **or equal to** its value, while the previous parameter only removed smaller ones.
  bw = morphology.remove_small_objects(bw.astype(bool), min_size=50)
D:\CGAIC\demo5\scripts\..\src\slots\..\..\..\demo4\src\features\traditional.py:247: FutureWarning: Parameter `min_size`
 is deprecated since version 0.26.0 and will be removed in 2.0.0 (or later). To avoid this warning, please use the para
meter `max_size` instead. For more details, see the documentation of `remove_small_objects`. Note that the new threshol
d removes objects smaller than **or equal to** its value, while the previous parameter only removed smaller ones.
  bw = morphology.remove_small_objects(bw.astype(bool), min_size=50)
D:\CGAIC\demo5\scripts\..\src\slots\..\..\..\demo4\src\features\traditional.py:247: FutureWarning: Parameter `min_size`
 is deprecated since version 0.26.0 and will be removed in 2.0.0 (or later). To avoid this warning, please use the para
meter `max_size` instead. For more details, see the documentation of `remove_small_objects`. Note that the new threshol
d removes objects smaller than **or equal to** its value, while the previous parameter only removed smaller ones.
  bw = morphology.remove_small_objects(bw.astype(bool), min_size=50)
D:\CGAIC\demo5\scripts\..\src\slots\..\..\..\demo4\src\features\traditional.py:247: FutureWarning: Parameter `min_size`
 is deprecated since version 0.26.0 and will be removed in 2.0.0 (or later). To avoid this warning, please use the para
meter `max_size` instead. For more details, see the documentation of `remove_small_objects`. Note that the new threshol
d removes objects smaller than **or equal to** its value, while the previous parameter only removed smaller ones.
  bw = morphology.remove_small_objects(bw.astype(bool), min_size=50)
D:\CGAIC\demo5\scripts\..\src\slots\..\..\..\demo4\src\features\traditional.py:247: FutureWarning: Parameter `min_size`
 is deprecated since version 0.26.0 and will be removed in 2.0.0 (or later). To avoid this warning, please use the para
meter `max_size` instead. For more details, see the documentation of `remove_small_objects`. Note that the new threshol
d removes objects smaller than **or equal to** its value, while the previous parameter only removed smaller ones.
  bw = morphology.remove_small_objects(bw.astype(bool), min_size=50)
D:\CGAIC\demo5\scripts\..\src\slots\..\..\..\demo4\src\features\traditional.py:247: FutureWarning: Parameter `min_size`
 is deprecated since version 0.26.0 and will be removed in 2.0.0 (or later). To avoid this warning, please use the para
meter `max_size` instead. For more details, see the documentation of `remove_small_objects`. Note that the new threshol
d removes objects smaller than **or equal to** its value, while the previous parameter only removed smaller ones.
  bw = morphology.remove_small_objects(bw.astype(bool), min_size=50)
D:\CGAIC\demo5\scripts\..\src\slots\..\..\..\demo4\src\features\traditional.py:247: FutureWarning: Parameter `min_size`
 is deprecated since version 0.26.0 and will be removed in 2.0.0 (or later). To avoid this warning, please use the para
meter `max_size` instead. For more details, see the documentation of `remove_small_objects`. Note that the new threshol
d removes objects smaller than **or equal to** its value, while the previous parameter only removed smaller ones.
  bw = morphology.remove_small_objects(bw.astype(bool), min_size=50)
D:\CGAIC\demo5\scripts\..\src\slots\..\..\..\demo4\src\features\traditional.py:247: FutureWarning: Parameter `min_size`
 is deprecated since version 0.26.0 and will be removed in 2.0.0 (or later). To avoid this warning, please use the para
meter `max_size` instead. For more details, see the documentation of `remove_small_objects`. Note that the new threshol
d removes objects smaller than **or equal to** its value, while the previous parameter only removed smaller ones.
  bw = morphology.remove_small_objects(bw.astype(bool), min_size=50)
D:\CGAIC\demo5\scripts\..\src\slots\..\..\..\demo4\src\features\traditional.py:247: FutureWarning: Parameter `min_size`
 is deprecated since version 0.26.0 and will be removed in 2.0.0 (or later). To avoid this warning, please use the para
meter `max_size` instead. For more details, see the documentation of `remove_small_objects`. Note that the new threshol
d removes objects smaller than **or equal to** its value, while the previous parameter only removed smaller ones.
  bw = morphology.remove_small_objects(bw.astype(bool), min_size=50)
D:\CGAIC\demo5\scripts\..\src\slots\..\..\..\demo4\src\features\traditional.py:247: FutureWarning: Parameter `min_size`
 is deprecated since version 0.26.0 and will be removed in 2.0.0 (or later). To avoid this warning, please use the para
meter `max_size` instead. For more details, see the documentation of `remove_small_objects`. Note that the new threshol
d removes objects smaller than **or equal to** its value, while the previous parameter only removed smaller ones.
  bw = morphology.remove_small_objects(bw.astype(bool), min_size=50)
[ssocl] U62 门控否决: 锚定集漂移 0.260 > tol，回滚虚高重估（冷却 10 反馈）
D:\CGAIC\demo5\scripts\..\src\slots\..\..\..\demo4\src\features\traditional.py:247: FutureWarning: Parameter `min_size`
 is deprecated since version 0.26.0 and will be removed in 2.0.0 (or later). To avoid this warning, please use the para
meter `max_size` instead. For more details, see the documentation of `remove_small_objects`. Note that the new threshol
d removes objects smaller than **or equal to** its value, while the previous parameter only removed smaller ones.
  bw = morphology.remove_small_objects(bw.astype(bool), min_size=50)
D:\CGAIC\demo5\scripts\..\src\slots\..\..\..\demo4\src\features\traditional.py:247: FutureWarning: Parameter `min_size`
 is deprecated since version 0.26.0 and will be removed in 2.0.0 (or later). To avoid this warning, please use the para
meter `max_size` instead. For more details, see the documentation of `remove_small_objects`. Note that the new threshol
d removes objects smaller than **or equal to** its value, while the previous parameter only removed smaller ones.
  bw = morphology.remove_small_objects(bw.astype(bool), min_size=50)
[ssocl] U62 虚高检测: 槽位 disc 正常反馈 23 条 虚高率 0.78 → CDF 重估（反馈正常原始分并入校准分布）
[ssocl] U62 虚高检测: 槽位 trad 正常反馈 23 条 虚高率 1.00 → CDF 重估（反馈正常原始分并入校准分布）
D:\CGAIC\demo5\scripts\..\src\slots\..\..\..\demo4\src\features\traditional.py:247: FutureWarning: Parameter `min_size`
 is deprecated since version 0.26.0 and will be removed in 2.0.0 (or later). To avoid this warning, please use the para
meter `max_size` instead. For more details, see the documentation of `remove_small_objects`. Note that the new threshol
d removes objects smaller than **or equal to** its value, while the previous parameter only removed smaller ones.
  bw = morphology.remove_small_objects(bw.astype(bool), min_size=50)
D:\CGAIC\demo5\scripts\..\src\slots\..\..\..\demo4\src\features\traditional.py:247: FutureWarning: Parameter `min_size`
 is deprecated since version 0.26.0 and will be removed in 2.0.0 (or later). To avoid this warning, please use the para
meter `max_size` instead. For more details, see the documentation of `remove_small_objects`. Note that the new threshol
d removes objects smaller than **or equal to** its value, while the previous parameter only removed smaller ones.
  bw = morphology.remove_small_objects(bw.astype(bool), min_size=50)
D:\CGAIC\demo5\scripts\..\src\slots\..\..\..\demo4\src\features\traditional.py:247: FutureWarning: Parameter `min_size`
 is deprecated since version 0.26.0 and will be removed in 2.0.0 (or later). To avoid this warning, please use the para
meter `max_size` instead. For more details, see the documentation of `remove_small_objects`. Note that the new threshol
d removes objects smaller than **or equal to** its value, while the previous parameter only removed smaller ones.
  bw = morphology.remove_small_objects(bw.astype(bool), min_size=50)
D:\CGAIC\demo5\scripts\..\src\slots\..\..\..\demo4\src\features\traditional.py:247: FutureWarning: Parameter `min_size`
 is deprecated since version 0.26.0 and will be removed in 2.0.0 (or later). To avoid this warning, please use the para
meter `max_size` instead. For more details, see the documentation of `remove_small_objects`. Note that the new threshol
d removes objects smaller than **or equal to** its value, while the previous parameter only removed smaller ones.
  bw = morphology.remove_small_objects(bw.astype(bool), min_size=50)
D:\CGAIC\demo5\scripts\..\src\slots\..\..\..\demo4\src\features\traditional.py:247: FutureWarning: Parameter `min_size`
 is deprecated since version 0.26.0 and will be removed in 2.0.0 (or later). To avoid this warning, please use the para
meter `max_size` instead. For more details, see the documentation of `remove_small_objects`. Note that the new threshol
d removes objects smaller than **or equal to** its value, while the previous parameter only removed smaller ones.
  bw = morphology.remove_small_objects(bw.astype(bool), min_size=50)
D:\CGAIC\demo5\scripts\..\src\slots\..\..\..\demo4\src\features\traditional.py:247: FutureWarning: Parameter `min_size`
 is deprecated since version 0.26.0 and will be removed in 2.0.0 (or later). To avoid this warning, please use the para
meter `max_size` instead. For more details, see the documentation of `remove_small_objects`. Note that the new threshol
d removes objects smaller than **or equal to** its value, while the previous parameter only removed smaller ones.
  bw = morphology.remove_small_objects(bw.astype(bool), min_size=50)
D:\CGAIC\demo5\scripts\..\src\slots\..\..\..\demo4\src\features\traditional.py:247: FutureWarning: Parameter `min_size`
 is deprecated since version 0.26.0 and will be removed in 2.0.0 (or later). To avoid this warning, please use the para
meter `max_size` instead. For more details, see the documentation of `remove_small_objects`. Note that the new threshol
d removes objects smaller than **or equal to** its value, while the previous parameter only removed smaller ones.
  bw = morphology.remove_small_objects(bw.astype(bool), min_size=50)
D:\CGAIC\demo5\scripts\..\src\slots\..\..\..\demo4\src\features\traditional.py:247: FutureWarning: Parameter `min_size`
 is deprecated since version 0.26.0 and will be removed in 2.0.0 (or later). To avoid this warning, please use the para
meter `max_size` instead. For more details, see the documentation of `remove_small_objects`. Note that the new threshol
d removes objects smaller than **or equal to** its value, while the previous parameter only removed smaller ones.
  bw = morphology.remove_small_objects(bw.astype(bool), min_size=50)
D:\CGAIC\demo5\scripts\..\src\slots\..\..\..\demo4\src\features\traditional.py:247: FutureWarning: Parameter `min_size`
 is deprecated since version 0.26.0 and will be removed in 2.0.0 (or later). To avoid this warning, please use the para
meter `max_size` instead. For more details, see the documentation of `remove_small_objects`. Note that the new threshol
d removes objects smaller than **or equal to** its value, while the previous parameter only removed smaller ones.
  bw = morphology.remove_small_objects(bw.astype(bool), min_size=50)
D:\CGAIC\demo5\scripts\..\src\slots\..\..\..\demo4\src\features\traditional.py:247: FutureWarning: Parameter `min_size`
 is deprecated since version 0.26.0 and will be removed in 2.0.0 (or later). To avoid this warning, please use the para
meter `max_size` instead. For more details, see the documentation of `remove_small_objects`. Note that the new threshol
d removes objects smaller than **or equal to** its value, while the previous parameter only removed smaller ones.
  bw = morphology.remove_small_objects(bw.astype(bool), min_size=50)
D:\CGAIC\demo5\scripts\..\src\slots\..\..\..\demo4\src\features\traditional.py:247: FutureWarning: Parameter `min_size`
 is deprecated since version 0.26.0 and will be removed in 2.0.0 (or later). To avoid this warning, please use the para
meter `max_size` instead. For more details, see the documentation of `remove_small_objects`. Note that the new threshol
d removes objects smaller than **or equal to** its value, while the previous parameter only removed smaller ones.
  bw = morphology.remove_small_objects(bw.astype(bool), min_size=50)
D:\CGAIC\demo5\scripts\..\src\slots\..\..\..\demo4\src\features\traditional.py:247: FutureWarning: Parameter `min_size`
 is deprecated since version 0.26.0 and will be removed in 2.0.0 (or later). To avoid this warning, please use the para
meter `max_size` instead. For more details, see the documentation of `remove_small_objects`. Note that the new threshol
d removes objects smaller than **or equal to** its value, while the previous parameter only removed smaller ones.
  bw = morphology.remove_small_objects(bw.astype(bool), min_size=50)
D:\CGAIC\demo5\scripts\..\src\slots\..\..\..\demo4\src\features\traditional.py:247: FutureWarning: Parameter `min_size`
 is deprecated since version 0.26.0 and will be removed in 2.0.0 (or later). To avoid this warning, please use the para
meter `max_size` instead. For more details, see the documentation of `remove_small_objects`. Note that the new threshol
d removes objects smaller than **or equal to** its value, while the previous parameter only removed smaller ones.
  bw = morphology.remove_small_objects(bw.astype(bool), min_size=50)
D:\CGAIC\demo5\scripts\..\src\slots\..\..\..\demo4\src\features\traditional.py:247: FutureWarning: Parameter `min_size`
 is deprecated since version 0.26.0 and will be removed in 2.0.0 (or later). To avoid this warning, please use the para
meter `max_size` instead. For more details, see the documentation of `remove_small_objects`. Note that the new threshol
d removes objects smaller than **or equal to** its value, while the previous parameter only removed smaller ones.
  bw = morphology.remove_small_objects(bw.astype(bool), min_size=50)
D:\CGAIC\demo5\scripts\..\src\slots\..\..\..\demo4\src\features\traditional.py:247: FutureWarning: Parameter `min_size`
 is deprecated since version 0.26.0 and will be removed in 2.0.0 (or later). To avoid this warning, please use the para
meter `max_size` instead. For more details, see the documentation of `remove_small_objects`. Note that the new threshol
d removes objects smaller than **or equal to** its value, while the previous parameter only removed smaller ones.
  bw = morphology.remove_small_objects(bw.astype(bool), min_size=50)
D:\CGAIC\demo5\scripts\..\src\slots\..\..\..\demo4\src\features\traditional.py:247: FutureWarning: Parameter `min_size`
 is deprecated since version 0.26.0 and will be removed in 2.0.0 (or later). To avoid this warning, please use the para
meter `max_size` instead. For more details, see the documentation of `remove_small_objects`. Note that the new threshol
d removes objects smaller than **or equal to** its value, while the previous parameter only removed smaller ones.
  bw = morphology.remove_small_objects(bw.astype(bool), min_size=50)
D:\CGAIC\demo5\scripts\..\src\slots\..\..\..\demo4\src\features\traditional.py:247: FutureWarning: Parameter `min_size`
 is deprecated since version 0.26.0 and will be removed in 2.0.0 (or later). To avoid this warning, please use the para
meter `max_size` instead. For more details, see the documentation of `remove_small_objects`. Note that the new threshol
d removes objects smaller than **or equal to** its value, while the previous parameter only removed smaller ones.
  bw = morphology.remove_small_objects(bw.astype(bool), min_size=50)
D:\CGAIC\demo5\scripts\..\src\slots\..\..\..\demo4\src\features\traditional.py:247: FutureWarning: Parameter `min_size`
 is deprecated since version 0.26.0 and will be removed in 2.0.0 (or later). To avoid this warning, please use the para
meter `max_size` instead. For more details, see the documentation of `remove_small_objects`. Note that the new threshol
d removes objects smaller than **or equal to** its value, while the previous parameter only removed smaller ones.
  bw = morphology.remove_small_objects(bw.astype(bool), min_size=50)
D:\CGAIC\demo5\scripts\..\src\slots\..\..\..\demo4\src\features\traditional.py:247: FutureWarning: Parameter `min_size`
 is deprecated since version 0.26.0 and will be removed in 2.0.0 (or later). To avoid this warning, please use the para
meter `max_size` instead. For more details, see the documentation of `remove_small_objects`. Note that the new threshol
d removes objects smaller than **or equal to** its value, while the previous parameter only removed smaller ones.
  bw = morphology.remove_small_objects(bw.astype(bool), min_size=50)
D:\CGAIC\demo5\scripts\..\src\slots\..\..\..\demo4\src\features\traditional.py:247: FutureWarning: Parameter `min_size`
 is deprecated since version 0.26.0 and will be removed in 2.0.0 (or later). To avoid this warning, please use the para
meter `max_size` instead. For more details, see the documentation of `remove_small_objects`. Note that the new threshol
d removes objects smaller than **or equal to** its value, while the previous parameter only removed smaller ones.
  bw = morphology.remove_small_objects(bw.astype(bool), min_size=50)
[ssocl] U62 门控否决: 锚定集漂移 0.236 > tol，回滚虚高重估（冷却 10 反馈）
D:\CGAIC\demo5\scripts\..\src\slots\..\..\..\demo4\src\features\traditional.py:247: FutureWarning: Parameter `min_size`
 is deprecated since version 0.26.0 and will be removed in 2.0.0 (or later). To avoid this warning, please use the para
meter `max_size` instead. For more details, see the documentation of `remove_small_objects`. Note that the new threshol
d removes objects smaller than **or equal to** its value, while the previous parameter only removed smaller ones.
  bw = morphology.remove_small_objects(bw.astype(bool), min_size=50)
  [stream] 100/100 反馈=53
D:\CGAIC\demo5\scripts\..\src\slots\..\..\..\demo4\src\features\traditional.py:247: FutureWarning: Parameter `min_size`
 is deprecated since version 0.26.0 and will be removed in 2.0.0 (or later). To avoid this warning, please use the para
meter `max_size` instead. For more details, see the documentation of `remove_small_objects`. Note that the new threshol
d removes objects smaller than **or equal to** its value, while the previous parameter only removed smaller ones.
  bw = morphology.remove_small_objects(bw.astype(bool), min_size=50)
D:\CGAIC\demo5\scripts\..\src\slots\..\..\..\demo4\src\features\traditional.py:247: FutureWarning: Parameter `min_size`
 is deprecated since version 0.26.0 and will be removed in 2.0.0 (or later). To avoid this warning, please use the para
meter `max_size` instead. For more details, see the documentation of `remove_small_objects`. Note that the new threshol
d removes objects smaller than **or equal to** its value, while the previous parameter only removed smaller ones.
  bw = morphology.remove_small_objects(bw.astype(bool), min_size=50)
D:\CGAIC\demo5\scripts\..\src\slots\..\..\..\demo4\src\features\traditional.py:247: FutureWarning: Parameter `min_size`
 is deprecated since version 0.26.0 and will be removed in 2.0.0 (or later). To avoid this warning, please use the para
meter `max_size` instead. For more details, see the documentation of `remove_small_objects`. Note that the new threshol
d removes objects smaller than **or equal to** its value, while the previous parameter only removed smaller ones.
  bw = morphology.remove_small_objects(bw.astype(bool), min_size=50)
D:\CGAIC\demo5\scripts\..\src\slots\..\..\..\demo4\src\features\traditional.py:247: FutureWarning: Parameter `min_size`
 is deprecated since version 0.26.0 and will be removed in 2.0.0 (or later). To avoid this warning, please use the para
meter `max_size` instead. For more details, see the documentation of `remove_small_objects`. Note that the new threshol
d removes objects smaller than **or equal to** its value, while the previous parameter only removed smaller ones.
  bw = morphology.remove_small_objects(bw.astype(bool), min_size=50)
D:\CGAIC\demo5\scripts\..\src\slots\..\..\..\demo4\src\features\traditional.py:247: FutureWarning: Parameter `min_size`
 is deprecated since version 0.26.0 and will be removed in 2.0.0 (or later). To avoid this warning, please use the para
meter `max_size` instead. For more details, see the documentation of `remove_small_objects`. Note that the new threshol
d removes objects smaller than **or equal to** its value, while the previous parameter only removed smaller ones.
  bw = morphology.remove_small_objects(bw.astype(bool), min_size=50)
D:\CGAIC\demo5\scripts\..\src\slots\..\..\..\demo4\src\features\traditional.py:247: FutureWarning: Parameter `min_size`
 is deprecated since version 0.26.0 and will be removed in 2.0.0 (or later). To avoid this warning, please use the para
meter `max_size` instead. For more details, see the documentation of `remove_small_objects`. Note that the new threshol
d removes objects smaller than **or equal to** its value, while the previous parameter only removed smaller ones.
  bw = morphology.remove_small_objects(bw.astype(bool), min_size=50)
D:\CGAIC\demo5\scripts\..\src\slots\..\..\..\demo4\src\features\traditional.py:247: FutureWarning: Parameter `min_size`
 is deprecated since version 0.26.0 and will be removed in 2.0.0 (or later). To avoid this warning, please use the para
meter `max_size` instead. For more details, see the documentation of `remove_small_objects`. Note that the new threshol
d removes objects smaller than **or equal to** its value, while the previous parameter only removed smaller ones.
  bw = morphology.remove_small_objects(bw.astype(bool), min_size=50)
D:\CGAIC\demo5\scripts\..\src\slots\..\..\..\demo4\src\features\traditional.py:247: FutureWarning: Parameter `min_size`
 is deprecated since version 0.26.0 and will be removed in 2.0.0 (or later). To avoid this warning, please use the para
meter `max_size` instead. For more details, see the documentation of `remove_small_objects`. Note that the new threshol
d removes objects smaller than **or equal to** its value, while the previous parameter only removed smaller ones.
  bw = morphology.remove_small_objects(bw.astype(bool), min_size=50)
D:\CGAIC\demo5\scripts\..\src\slots\..\..\..\demo4\src\features\traditional.py:247: FutureWarning: Parameter `min_size`
 is deprecated since version 0.26.0 and will be removed in 2.0.0 (or later). To avoid this warning, please use the para
meter `max_size` instead. For more details, see the documentation of `remove_small_objects`. Note that the new threshol
d removes objects smaller than **or equal to** its value, while the previous parameter only removed smaller ones.
  bw = morphology.remove_small_objects(bw.astype(bool), min_size=50)
D:\CGAIC\demo5\scripts\..\src\slots\..\..\..\demo4\src\features\traditional.py:247: FutureWarning: Parameter `min_size`
 is deprecated since version 0.26.0 and will be removed in 2.0.0 (or later). To avoid this warning, please use the para
meter `max_size` instead. For more details, see the documentation of `remove_small_objects`. Note that the new threshol
d removes objects smaller than **or equal to** its value, while the previous parameter only removed smaller ones.
  bw = morphology.remove_small_objects(bw.astype(bool), min_size=50)
D:\CGAIC\demo5\scripts\..\src\slots\..\..\..\demo4\src\features\traditional.py:247: FutureWarning: Parameter `min_size`
 is deprecated since version 0.26.0 and will be removed in 2.0.0 (or later). To avoid this warning, please use the para
meter `max_size` instead. For more details, see the documentation of `remove_small_objects`. Note that the new threshol
d removes objects smaller than **or equal to** its value, while the previous parameter only removed smaller ones.
  bw = morphology.remove_small_objects(bw.astype(bool), min_size=50)
D:\CGAIC\demo5\scripts\..\src\slots\..\..\..\demo4\src\features\traditional.py:247: FutureWarning: Parameter `min_size`
 is deprecated since version 0.26.0 and will be removed in 2.0.0 (or later). To avoid this warning, please use the para
meter `max_size` instead. For more details, see the documentation of `remove_small_objects`. Note that the new threshol
d removes objects smaller than **or equal to** its value, while the previous parameter only removed smaller ones.
  bw = morphology.remove_small_objects(bw.astype(bool), min_size=50)
D:\CGAIC\demo5\scripts\..\src\slots\..\..\..\demo4\src\features\traditional.py:247: FutureWarning: Parameter `min_size`
 is deprecated since version 0.26.0 and will be removed in 2.0.0 (or later). To avoid this warning, please use the para
meter `max_size` instead. For more details, see the documentation of `remove_small_objects`. Note that the new threshol
d removes objects smaller than **or equal to** its value, while the previous parameter only removed smaller ones.
  bw = morphology.remove_small_objects(bw.astype(bool), min_size=50)
D:\CGAIC\demo5\scripts\..\src\slots\..\..\..\demo4\src\features\traditional.py:247: FutureWarning: Parameter `min_size`
 is deprecated since version 0.26.0 and will be removed in 2.0.0 (or later). To avoid this warning, please use the para
meter `max_size` instead. For more details, see the documentation of `remove_small_objects`. Note that the new threshol
d removes objects smaller than **or equal to** its value, while the previous parameter only removed smaller ones.
  bw = morphology.remove_small_objects(bw.astype(bool), min_size=50)
D:\CGAIC\demo5\scripts\..\src\slots\..\..\..\demo4\src\features\traditional.py:247: FutureWarning: Parameter `min_size`
 is deprecated since version 0.26.0 and will be removed in 2.0.0 (or later). To avoid this warning, please use the para
meter `max_size` instead. For more details, see the documentation of `remove_small_objects`. Note that the new threshol
d removes objects smaller than **or equal to** its value, while the previous parameter only removed smaller ones.
  bw = morphology.remove_small_objects(bw.astype(bool), min_size=50)
D:\CGAIC\demo5\scripts\..\src\slots\..\..\..\demo4\src\features\traditional.py:247: FutureWarning: Parameter `min_size`
 is deprecated since version 0.26.0 and will be removed in 2.0.0 (or later). To avoid this warning, please use the para
meter `max_size` instead. For more details, see the documentation of `remove_small_objects`. Note that the new threshol
d removes objects smaller than **or equal to** its value, while the previous parameter only removed smaller ones.
  bw = morphology.remove_small_objects(bw.astype(bool), min_size=50)
D:\CGAIC\demo5\scripts\..\src\slots\..\..\..\demo4\src\features\traditional.py:247: FutureWarning: Parameter `min_size`
 is deprecated since version 0.26.0 and will be removed in 2.0.0 (or later). To avoid this warning, please use the para
meter `max_size` instead. For more details, see the documentation of `remove_small_objects`. Note that the new threshol
d removes objects smaller than **or equal to** its value, while the previous parameter only removed smaller ones.
  bw = morphology.remove_small_objects(bw.astype(bool), min_size=50)
D:\CGAIC\demo5\scripts\..\src\slots\..\..\..\demo4\src\features\traditional.py:247: FutureWarning: Parameter `min_size`
 is deprecated since version 0.26.0 and will be removed in 2.0.0 (or later). To avoid this warning, please use the para
meter `max_size` instead. For more details, see the documentation of `remove_small_objects`. Note that the new threshol
d removes objects smaller than **or equal to** its value, while the previous parameter only removed smaller ones.
  bw = morphology.remove_small_objects(bw.astype(bool), min_size=50)
D:\CGAIC\demo5\scripts\..\src\slots\..\..\..\demo4\src\features\traditional.py:247: FutureWarning: Parameter `min_size`
 is deprecated since version 0.26.0 and will be removed in 2.0.0 (or later). To avoid this warning, please use the para
meter `max_size` instead. For more details, see the documentation of `remove_small_objects`. Note that the new threshol
d removes objects smaller than **or equal to** its value, while the previous parameter only removed smaller ones.
  bw = morphology.remove_small_objects(bw.astype(bool), min_size=50)
D:\CGAIC\demo5\scripts\..\src\slots\..\..\..\demo4\src\features\traditional.py:247: FutureWarning: Parameter `min_size`
 is deprecated since version 0.26.0 and will be removed in 2.0.0 (or later). To avoid this warning, please use the para
meter `max_size` instead. For more details, see the documentation of `remove_small_objects`. Note that the new threshol
d removes objects smaller than **or equal to** its value, while the previous parameter only removed smaller ones.
  bw = morphology.remove_small_objects(bw.astype(bool), min_size=50)
D:\CGAIC\demo5\scripts\..\src\slots\..\..\..\demo4\src\features\traditional.py:247: FutureWarning: Parameter `min_size`
 is deprecated since version 0.26.0 and will be removed in 2.0.0 (or later). To avoid this warning, please use the para
meter `max_size` instead. For more details, see the documentation of `remove_small_objects`. Note that the new threshol
d removes objects smaller than **or equal to** its value, while the previous parameter only removed smaller ones.
  bw = morphology.remove_small_objects(bw.astype(bool), min_size=50)
D:\CGAIC\demo5\scripts\..\src\slots\..\..\..\demo4\src\features\traditional.py:247: FutureWarning: Parameter `min_size`
 is deprecated since version 0.26.0 and will be removed in 2.0.0 (or later). To avoid this warning, please use the para
meter `max_size` instead. For more details, see the documentation of `remove_small_objects`. Note that the new threshol
d removes objects smaller than **or equal to** its value, while the previous parameter only removed smaller ones.
  bw = morphology.remove_small_objects(bw.astype(bool), min_size=50)
D:\CGAIC\demo5\scripts\..\src\slots\..\..\..\demo4\src\features\traditional.py:247: FutureWarning: Parameter `min_size`
 is deprecated since version 0.26.0 and will be removed in 2.0.0 (or later). To avoid this warning, please use the para
meter `max_size` instead. For more details, see the documentation of `remove_small_objects`. Note that the new threshol
d removes objects smaller than **or equal to** its value, while the previous parameter only removed smaller ones.
  bw = morphology.remove_small_objects(bw.astype(bool), min_size=50)
D:\CGAIC\demo5\scripts\..\src\slots\..\..\..\demo4\src\features\traditional.py:247: FutureWarning: Parameter `min_size`
 is deprecated since version 0.26.0 and will be removed in 2.0.0 (or later). To avoid this warning, please use the para
meter `max_size` instead. For more details, see the documentation of `remove_small_objects`. Note that the new threshol
d removes objects smaller than **or equal to** its value, while the previous parameter only removed smaller ones.
  bw = morphology.remove_small_objects(bw.astype(bool), min_size=50)
D:\CGAIC\demo5\scripts\..\src\slots\..\..\..\demo4\src\features\traditional.py:247: FutureWarning: Parameter `min_size`
 is deprecated since version 0.26.0 and will be removed in 2.0.0 (or later). To avoid this warning, please use the para
meter `max_size` instead. For more details, see the documentation of `remove_small_objects`. Note that the new threshol
d removes objects smaller than **or equal to** its value, while the previous parameter only removed smaller ones.
  bw = morphology.remove_small_objects(bw.astype(bool), min_size=50)
D:\CGAIC\demo5\scripts\..\src\slots\..\..\..\demo4\src\features\traditional.py:247: FutureWarning: Parameter `min_size`
 is deprecated since version 0.26.0 and will be removed in 2.0.0 (or later). To avoid this warning, please use the para
meter `max_size` instead. For more details, see the documentation of `remove_small_objects`. Note that the new threshol
d removes objects smaller than **or equal to** its value, while the previous parameter only removed smaller ones.
  bw = morphology.remove_small_objects(bw.astype(bool), min_size=50)
D:\CGAIC\demo5\scripts\..\src\slots\..\..\..\demo4\src\features\traditional.py:247: FutureWarning: Parameter `min_size`
 is deprecated since version 0.26.0 and will be removed in 2.0.0 (or later). To avoid this warning, please use the para
meter `max_size` instead. For more details, see the documentation of `remove_small_objects`. Note that the new threshol
d removes objects smaller than **or equal to** its value, while the previous parameter only removed smaller ones.
  bw = morphology.remove_small_objects(bw.astype(bool), min_size=50)
D:\CGAIC\demo5\scripts\..\src\slots\..\..\..\demo4\src\features\traditional.py:247: FutureWarning: Parameter `min_size`
 is deprecated since version 0.26.0 and will be removed in 2.0.0 (or later). To avoid this warning, please use the para
meter `max_size` instead. For more details, see the documentation of `remove_small_objects`. Note that the new threshol
d removes objects smaller than **or equal to** its value, while the previous parameter only removed smaller ones.
  bw = morphology.remove_small_objects(bw.astype(bool), min_size=50)
D:\CGAIC\demo5\scripts\..\src\slots\..\..\..\demo4\src\features\traditional.py:247: FutureWarning: Parameter `min_size`
 is deprecated since version 0.26.0 and will be removed in 2.0.0 (or later). To avoid this warning, please use the para
meter `max_size` instead. For more details, see the documentation of `remove_small_objects`. Note that the new threshol
d removes objects smaller than **or equal to** its value, while the previous parameter only removed smaller ones.
  bw = morphology.remove_small_objects(bw.astype(bool), min_size=50)
D:\CGAIC\demo5\scripts\..\src\slots\..\..\..\demo4\src\features\traditional.py:247: FutureWarning: Parameter `min_size`
 is deprecated since version 0.26.0 and will be removed in 2.0.0 (or later). To avoid this warning, please use the para
meter `max_size` instead. For more details, see the documentation of `remove_small_objects`. Note that the new threshol
d removes objects smaller than **or equal to** its value, while the previous parameter only removed smaller ones.
  bw = morphology.remove_small_objects(bw.astype(bool), min_size=50)
   初始=0.8915 学习后=0.9206 提升=+0.0291 效率=0.0005/反馈 反馈数=53
D:\CGAIC\demo5\scripts\m5_learning_curve.py:62: UserWarning: Glyph 21453 (\N{CJK UNIFIED IDEOGRAPH-53CD}) missing from 
font(s) DejaVu Sans.
  fig.tight_layout()
D:\CGAIC\demo5\scripts\m5_learning_curve.py:62: UserWarning: Glyph 39304 (\N{CJK UNIFIED IDEOGRAPH-9988}) missing from 
font(s) DejaVu Sans.
  fig.tight_layout()
D:\CGAIC\demo5\scripts\m5_learning_curve.py:62: UserWarning: Glyph 25968 (\N{CJK UNIFIED IDEOGRAPH-6570}) missing from 
font(s) DejaVu Sans.
  fig.tight_layout()
D:\CGAIC\demo5\scripts\m5_learning_curve.py:62: UserWarning: Glyph 38170 (\N{CJK UNIFIED IDEOGRAPH-951A}) missing from 
font(s) DejaVu Sans.
  fig.tight_layout()
D:\CGAIC\demo5\scripts\m5_learning_curve.py:62: UserWarning: Glyph 23450 (\N{CJK UNIFIED IDEOGRAPH-5B9A}) missing from 
font(s) DejaVu Sans.
  fig.tight_layout()
D:\CGAIC\demo5\scripts\m5_learning_curve.py:62: UserWarning: Glyph 38598 (\N{CJK UNIFIED IDEOGRAPH-96C6}) missing from 
font(s) DejaVu Sans.
  fig.tight_layout()
D:\CGAIC\demo5\scripts\m5_learning_curve.py:62: UserWarning: Glyph 25345 (\N{CJK UNIFIED IDEOGRAPH-6301}) missing from 
font(s) DejaVu Sans.
  fig.tight_layout()
D:\CGAIC\demo5\scripts\m5_learning_curve.py:62: UserWarning: Glyph 32493 (\N{CJK UNIFIED IDEOGRAPH-7EED}) missing from 
font(s) DejaVu Sans.
  fig.tight_layout()
D:\CGAIC\demo5\scripts\m5_learning_curve.py:62: UserWarning: Glyph 23398 (\N{CJK UNIFIED IDEOGRAPH-5B66}) missing from 
font(s) DejaVu Sans.
  fig.tight_layout()
D:\CGAIC\demo5\scripts\m5_learning_curve.py:62: UserWarning: Glyph 20064 (\N{CJK UNIFIED IDEOGRAPH-4E60}) missing from 
font(s) DejaVu Sans.
  fig.tight_layout()
D:\CGAIC\demo5\scripts\m5_learning_curve.py:62: UserWarning: Glyph 26354 (\N{CJK UNIFIED IDEOGRAPH-66F2}) missing from 
font(s) DejaVu Sans.
  fig.tight_layout()
D:\CGAIC\demo5\scripts\m5_learning_curve.py:62: UserWarning: Glyph 32447 (\N{CJK UNIFIED IDEOGRAPH-7EBF}) missing from 
font(s) DejaVu Sans.
  fig.tight_layout()
D:\CGAIC\demo5\scripts\m5_learning_curve.py:62: UserWarning: Glyph 65288 (\N{FULLWIDTH LEFT PARENTHESIS}) missing from 
font(s) DejaVu Sans.
  fig.tight_layout()
D:\CGAIC\demo5\scripts\m5_learning_curve.py:62: UserWarning: Glyph 25552 (\N{CJK UNIFIED IDEOGRAPH-63D0}) missing from 
font(s) DejaVu Sans.
  fig.tight_layout()
D:\CGAIC\demo5\scripts\m5_learning_curve.py:62: UserWarning: Glyph 21319 (\N{CJK UNIFIED IDEOGRAPH-5347}) missing from 
font(s) DejaVu Sans.
  fig.tight_layout()
D:\CGAIC\demo5\scripts\m5_learning_curve.py:62: UserWarning: Glyph 65289 (\N{FULLWIDTH RIGHT PARENTHESIS}) missing from
 font(s) DejaVu Sans.
  fig.tight_layout()
D:\CGAIC\demo5\scripts\m5_learning_curve.py:62: UserWarning: Glyph 25928 (\N{CJK UNIFIED IDEOGRAPH-6548}) missing from 
font(s) DejaVu Sans.
  fig.tight_layout()
D:\CGAIC\demo5\scripts\m5_learning_curve.py:62: UserWarning: Glyph 29575 (\N{CJK UNIFIED IDEOGRAPH-7387}) missing from 
font(s) DejaVu Sans.
  fig.tight_layout()
D:\CGAIC\demo5\scripts\m5_learning_curve.py:63: UserWarning: Glyph 38170 (\N{CJK UNIFIED IDEOGRAPH-951A}) missing from 
font(s) DejaVu Sans.
  fig.savefig(out_path, dpi=120)
D:\CGAIC\demo5\scripts\m5_learning_curve.py:63: UserWarning: Glyph 23450 (\N{CJK UNIFIED IDEOGRAPH-5B9A}) missing from 
font(s) DejaVu Sans.
  fig.savefig(out_path, dpi=120)
D:\CGAIC\demo5\scripts\m5_learning_curve.py:63: UserWarning: Glyph 38598 (\N{CJK UNIFIED IDEOGRAPH-96C6}) missing from 
font(s) DejaVu Sans.
  fig.savefig(out_path, dpi=120)
D:\CGAIC\demo5\scripts\m5_learning_curve.py:63: UserWarning: Glyph 25345 (\N{CJK UNIFIED IDEOGRAPH-6301}) missing from 
font(s) DejaVu Sans.
  fig.savefig(out_path, dpi=120)
D:\CGAIC\demo5\scripts\m5_learning_curve.py:63: UserWarning: Glyph 32493 (\N{CJK UNIFIED IDEOGRAPH-7EED}) missing from 
font(s) DejaVu Sans.
  fig.savefig(out_path, dpi=120)
D:\CGAIC\demo5\scripts\m5_learning_curve.py:63: UserWarning: Glyph 23398 (\N{CJK UNIFIED IDEOGRAPH-5B66}) missing from 
font(s) DejaVu Sans.
  fig.savefig(out_path, dpi=120)
D:\CGAIC\demo5\scripts\m5_learning_curve.py:63: UserWarning: Glyph 20064 (\N{CJK UNIFIED IDEOGRAPH-4E60}) missing from 
font(s) DejaVu Sans.
  fig.savefig(out_path, dpi=120)
D:\CGAIC\demo5\scripts\m5_learning_curve.py:63: UserWarning: Glyph 26354 (\N{CJK UNIFIED IDEOGRAPH-66F2}) missing from 
font(s) DejaVu Sans.
  fig.savefig(out_path, dpi=120)
D:\CGAIC\demo5\scripts\m5_learning_curve.py:63: UserWarning: Glyph 32447 (\N{CJK UNIFIED IDEOGRAPH-7EBF}) missing from 
font(s) DejaVu Sans.
  fig.savefig(out_path, dpi=120)
D:\CGAIC\demo5\scripts\m5_learning_curve.py:63: UserWarning: Glyph 65288 (\N{FULLWIDTH LEFT PARENTHESIS}) missing from 
font(s) DejaVu Sans.
  fig.savefig(out_path, dpi=120)
D:\CGAIC\demo5\scripts\m5_learning_curve.py:63: UserWarning: Glyph 25552 (\N{CJK UNIFIED IDEOGRAPH-63D0}) missing from 
font(s) DejaVu Sans.
  fig.savefig(out_path, dpi=120)
D:\CGAIC\demo5\scripts\m5_learning_curve.py:63: UserWarning: Glyph 21319 (\N{CJK UNIFIED IDEOGRAPH-5347}) missing from 
font(s) DejaVu Sans.
  fig.savefig(out_path, dpi=120)
D:\CGAIC\demo5\scripts\m5_learning_curve.py:63: UserWarning: Glyph 65289 (\N{FULLWIDTH RIGHT PARENTHESIS}) missing from
 font(s) DejaVu Sans.
  fig.savefig(out_path, dpi=120)
D:\CGAIC\demo5\scripts\m5_learning_curve.py:63: UserWarning: Glyph 21453 (\N{CJK UNIFIED IDEOGRAPH-53CD}) missing from 
font(s) DejaVu Sans.
  fig.savefig(out_path, dpi=120)
D:\CGAIC\demo5\scripts\m5_learning_curve.py:63: UserWarning: Glyph 39304 (\N{CJK UNIFIED IDEOGRAPH-9988}) missing from 
font(s) DejaVu Sans.
  fig.savefig(out_path, dpi=120)
D:\CGAIC\demo5\scripts\m5_learning_curve.py:63: UserWarning: Glyph 25968 (\N{CJK UNIFIED IDEOGRAPH-6570}) missing from 
font(s) DejaVu Sans.
  fig.savefig(out_path, dpi=120)
D:\CGAIC\demo5\scripts\m5_learning_curve.py:63: UserWarning: Glyph 25928 (\N{CJK UNIFIED IDEOGRAPH-6548}) missing from 
font(s) DejaVu Sans.
  fig.savefig(out_path, dpi=120)
D:\CGAIC\demo5\scripts\m5_learning_curve.py:63: UserWarning: Glyph 29575 (\N{CJK UNIFIED IDEOGRAPH-7387}) missing from 
font(s) DejaVu Sans.
  fig.savefig(out_path, dpi=120)
[plot] d:\CGAIC\demo5\outputs\m0\m5_learning_mvtec_screw.png
[save] d:\CGAIC\demo5\outputs\m0\m5_learning_mvtec_screw.json
