2026-10-07 08:47:54,921 INFO server: PCB_Ins v2 后台服务启动: http://127.0.0.1:8022
2026-10-07 08:47:56,437 INFO app.core.task_queue: [taskq] 检测任务队列已启动（2 worker）
2026-10-07 08:47:56,980 INFO app.core.aoi_core_launcher: 已拉起 AOI_Core 子进程 pid=20488
2026-10-07 08:48:24,108 WARNING urllib3.connectionpool: Connection pool is full, discarding connection: 127.0.0.1. Connection pool size: 16
2026-10-07 08:48:24,108 WARNING urllib3.connectionpool: Connection pool is full, discarding connection: 127.0.0.1. Connection pool size: 16
2026-10-07 08:48:24,110 WARNING urllib3.connectionpool: Connection pool is full, discarding connection: 127.0.0.1. Connection pool size: 16
2026-10-07 08:48:24,117 WARNING urllib3.connectionpool: Connection pool is full, discarding connection: 127.0.0.1. Connection pool size: 16
2026-10-07 08:48:24,120 WARNING urllib3.connectionpool: Connection pool is full, discarding connection: 127.0.0.1. Connection pool size: 16
2026-10-07 08:48:24,174 WARNING urllib3.connectionpool: Connection pool is full, discarding connection: 127.0.0.1. Connection pool size: 16
2026-10-07 08:48:24,180 WARNING urllib3.connectionpool: Connection pool is full, discarding connection: 127.0.0.1. Connection pool size: 16
2026-10-07 08:48:24,193 WARNING urllib3.connectionpool: Connection pool is full, discarding connection: 127.0.0.1. Connection pool size: 16
2026-10-07 08:48:24,199 WARNING urllib3.connectionpool: Connection pool is full, discarding connection: 127.0.0.1. Connection pool size: 16
2026-10-07 08:48:24,199 WARNING urllib3.connectionpool: Connection pool is full, discarding connection: 127.0.0.1. Connection pool size: 16
2026-10-07 08:48:24,248 WARNING urllib3.connectionpool: Connection pool is full, discarding connection: 127.0.0.1. Connection pool size: 16
2026-10-07 08:48:24,260 WARNING urllib3.connectionpool: Connection pool is full, discarding connection: 127.0.0.1. Connection pool size: 16
2026-10-07 08:48:24,261 WARNING urllib3.connectionpool: Connection pool is full, discarding connection: 127.0.0.1. Connection pool size: 16
2026-10-07 08:48:24,261 WARNING urllib3.connectionpool: Connection pool is full, discarding connection: 127.0.0.1. Connection pool size: 16
2026-10-07 08:48:24,261 WARNING urllib3.connectionpool: Connection pool is full, discarding connection: 127.0.0.1. Connection pool size: 16
2026-10-07 08:48:24,289 WARNING urllib3.connectionpool: Connection pool is full, discarding connection: 127.0.0.1. Connection pool size: 16
2026-10-07 08:48:24,294 WARNING urllib3.connectionpool: Connection pool is full, discarding connection: 127.0.0.1. Connection pool size: 16
2026-10-07 08:48:24,295 WARNING urllib3.connectionpool: Connection pool is full, discarding connection: 127.0.0.1. Connection pool size: 16
2026-10-07 08:48:24,296 WARNING urllib3.connectionpool: Connection pool is full, discarding connection: 127.0.0.1. Connection pool size: 16
2026-10-07 08:48:24,323 WARNING urllib3.connectionpool: Connection pool is full, discarding connection: 127.0.0.1. Connection pool size: 16
2026-10-07 08:48:24,332 WARNING urllib3.connectionpool: Connection pool is full, discarding connection: 127.0.0.1. Connection pool size: 16
2026-10-07 08:48:24,333 WARNING urllib3.connectionpool: Connection pool is full, discarding connection: 127.0.0.1. Connection pool size: 16
2026-10-07 08:48:24,352 WARNING urllib3.connectionpool: Connection pool is full, discarding connection: 127.0.0.1. Connection pool size: 16
2026-10-07 08:48:24,353 WARNING urllib3.connectionpool: Connection pool is full, discarding connection: 127.0.0.1. Connection pool size: 16
2026-10-07 08:48:24,357 WARNING urllib3.connectionpool: Connection pool is full, discarding connection: 127.0.0.1. Connection pool size: 16
2026-10-07 08:48:24,374 WARNING urllib3.connectionpool: Connection pool is full, discarding connection: 127.0.0.1. Connection pool size: 16
2026-10-07 08:48:24,382 WARNING urllib3.connectionpool: Connection pool is full, discarding connection: 127.0.0.1. Connection pool size: 16
2026-10-07 08:48:24,383 WARNING urllib3.connectionpool: Connection pool is full, discarding connection: 127.0.0.1. Connection pool size: 16
2026-10-07 08:48:24,386 WARNING urllib3.connectionpool: Connection pool is full, discarding connection: 127.0.0.1. Connection pool size: 16
2026-10-07 08:48:24,390 WARNING urllib3.connectionpool: Connection pool is full, discarding connection: 127.0.0.1. Connection pool size: 16
2026-10-07 08:48:24,412 WARNING urllib3.connectionpool: Connection pool is full, discarding connection: 127.0.0.1. Connection pool size: 16
2026-10-07 08:48:24,413 WARNING urllib3.connectionpool: Connection pool is full, discarding connection: 127.0.0.1. Connection pool size: 16
2026-10-07 08:48:24,414 WARNING urllib3.connectionpool: Connection pool is full, discarding connection: 127.0.0.1. Connection pool size: 16
2026-10-07 08:48:24,414 WARNING urllib3.connectionpool: Connection pool is full, discarding connection: 127.0.0.1. Connection pool size: 16
2026-10-07 08:48:24,414 WARNING urllib3.connectionpool: Connection pool is full, discarding connection: 127.0.0.1. Connection pool size: 16
2026-10-07 08:48:24,431 WARNING urllib3.connectionpool: Connection pool is full, discarding connection: 127.0.0.1. Connection pool size: 16
2026-10-07 08:48:24,432 WARNING urllib3.connectionpool: Connection pool is full, discarding connection: 127.0.0.1. Connection pool size: 16
2026-10-07 08:48:24,448 WARNING urllib3.connectionpool: Connection pool is full, discarding connection: 127.0.0.1. Connection pool size: 16
2026-10-07 08:48:24,454 WARNING urllib3.connectionpool: Connection pool is full, discarding connection: 127.0.0.1. Connection pool size: 16
2026-10-07 08:48:24,467 WARNING urllib3.connectionpool: Connection pool is full, discarding connection: 127.0.0.1. Connection pool size: 16
2026-10-07 08:48:24,476 WARNING urllib3.connectionpool: Connection pool is full, discarding connection: 127.0.0.1. Connection pool size: 16
2026-10-07 08:48:24,476 WARNING urllib3.connectionpool: Connection pool is full, discarding connection: 127.0.0.1. Connection pool size: 16
2026-10-07 08:48:24,493 WARNING urllib3.connectionpool: Connection pool is full, discarding connection: 127.0.0.1. Connection pool size: 16
2026-10-07 08:48:24,499 WARNING urllib3.connectionpool: Connection pool is full, discarding connection: 127.0.0.1. Connection pool size: 16
2026-10-07 08:48:24,502 WARNING urllib3.connectionpool: Connection pool is full, discarding connection: 127.0.0.1. Connection pool size: 16
2026-10-07 08:48:24,512 WARNING urllib3.connectionpool: Connection pool is full, discarding connection: 127.0.0.1. Connection pool size: 16
2026-10-07 08:48:24,520 WARNING urllib3.connectionpool: Connection pool is full, discarding connection: 127.0.0.1. Connection pool size: 16
2026-10-07 08:48:24,534 WARNING urllib3.connectionpool: Connection pool is full, discarding connection: 127.0.0.1. Connection pool size: 16
2026-10-07 08:48:24,534 WARNING urllib3.connectionpool: Connection pool is full, discarding connection: 127.0.0.1. Connection pool size: 16
2026-10-07 08:48:24,534 WARNING urllib3.connectionpool: Connection pool is full, discarding connection: 127.0.0.1. Connection pool size: 16
2026-10-07 08:48:24,559 WARNING urllib3.connectionpool: Connection pool is full, discarding connection: 127.0.0.1. Connection pool size: 16
2026-10-07 08:48:24,566 WARNING urllib3.connectionpool: Connection pool is full, discarding connection: 127.0.0.1. Connection pool size: 16
2026-10-07 08:48:24,568 WARNING urllib3.connectionpool: Connection pool is full, discarding connection: 127.0.0.1. Connection pool size: 16
2026-10-07 08:48:24,574 WARNING urllib3.connectionpool: Connection pool is full, discarding connection: 127.0.0.1. Connection pool size: 16
2026-10-07 08:48:24,589 WARNING urllib3.connectionpool: Connection pool is full, discarding connection: 127.0.0.1. Connection pool size: 16
2026-10-07 08:48:24,597 WARNING urllib3.connectionpool: Connection pool is full, discarding connection: 127.0.0.1. Connection pool size: 16
2026-10-07 08:48:24,598 WARNING urllib3.connectionpool: Connection pool is full, discarding connection: 127.0.0.1. Connection pool size: 16
2026-10-07 08:48:24,610 WARNING urllib3.connectionpool: Connection pool is full, discarding connection: 127.0.0.1. Connection pool size: 16
2026-10-07 08:48:24,612 WARNING urllib3.connectionpool: Connection pool is full, discarding connection: 127.0.0.1. Connection pool size: 16
2026-10-07 08:48:24,621 WARNING urllib3.connectionpool: Connection pool is full, discarding connection: 127.0.0.1. Connection pool size: 16
2026-10-07 08:48:24,626 WARNING urllib3.connectionpool: Connection pool is full, discarding connection: 127.0.0.1. Connection pool size: 16
2026-10-07 08:48:24,639 WARNING urllib3.connectionpool: Connection pool is full, discarding connection: 127.0.0.1. Connection pool size: 16
2026-10-07 08:48:24,645 WARNING urllib3.connectionpool: Connection pool is full, discarding connection: 127.0.0.1. Connection pool size: 16
2026-10-07 08:48:24,646 WARNING urllib3.connectionpool: Connection pool is full, discarding connection: 127.0.0.1. Connection pool size: 16
2026-10-07 08:48:24,650 WARNING urllib3.connectionpool: Connection pool is full, discarding connection: 127.0.0.1. Connection pool size: 16
2026-10-07 08:48:24,651 WARNING urllib3.connectionpool: Connection pool is full, discarding connection: 127.0.0.1. Connection pool size: 16
2026-10-07 08:48:24,658 WARNING urllib3.connectionpool: Connection pool is full, discarding connection: 127.0.0.1. Connection pool size: 16
2026-10-07 08:48:24,664 WARNING urllib3.connectionpool: Connection pool is full, discarding connection: 127.0.0.1. Connection pool size: 16
2026-10-07 08:48:24,674 WARNING urllib3.connectionpool: Connection pool is full, discarding connection: 127.0.0.1. Connection pool size: 16
2026-10-07 08:48:24,675 WARNING urllib3.connectionpool: Connection pool is full, discarding connection: 127.0.0.1. Connection pool size: 16
2026-10-07 08:48:24,682 WARNING urllib3.connectionpool: Connection pool is full, discarding connection: 127.0.0.1. Connection pool size: 16
2026-10-07 08:48:24,690 WARNING urllib3.connectionpool: Connection pool is full, discarding connection: 127.0.0.1. Connection pool size: 16
2026-10-07 08:48:24,691 WARNING urllib3.connectionpool: Connection pool is full, discarding connection: 127.0.0.1. Connection pool size: 16
2026-10-07 08:48:24,696 WARNING urllib3.connectionpool: Connection pool is full, discarding connection: 127.0.0.1. Connection pool size: 16
2026-10-07 08:48:24,703 WARNING urllib3.connectionpool: Connection pool is full, discarding connection: 127.0.0.1. Connection pool size: 16
2026-10-07 08:48:24,704 WARNING urllib3.connectionpool: Connection pool is full, discarding connection: 127.0.0.1. Connection pool size: 16
2026-10-07 08:48:24,707 WARNING urllib3.connectionpool: Connection pool is full, discarding connection: 127.0.0.1. Connection pool size: 16
2026-10-07 08:48:24,714 WARNING urllib3.connectionpool: Connection pool is full, discarding connection: 127.0.0.1. Connection pool size: 16
2026-10-07 08:48:24,715 WARNING urllib3.connectionpool: Connection pool is full, discarding connection: 127.0.0.1. Connection pool size: 16
2026-10-07 08:48:24,724 WARNING urllib3.connectionpool: Connection pool is full, discarding connection: 127.0.0.1. Connection pool size: 16
2026-10-07 08:48:24,732 WARNING urllib3.connectionpool: Connection pool is full, discarding connection: 127.0.0.1. Connection pool size: 16
2026-10-07 08:48:24,736 WARNING urllib3.connectionpool: Connection pool is full, discarding connection: 127.0.0.1. Connection pool size: 16
2026-10-07 08:48:24,737 WARNING urllib3.connectionpool: Connection pool is full, discarding connection: 127.0.0.1. Connection pool size: 16
2026-10-07 08:48:24,742 WARNING urllib3.connectionpool: Connection pool is full, discarding connection: 127.0.0.1. Connection pool size: 16
2026-10-07 08:48:24,773 WARNING urllib3.connectionpool: Connection pool is full, discarding connection: 127.0.0.1. Connection pool size: 16
2026-10-07 08:48:24,798 WARNING urllib3.connectionpool: Connection pool is full, discarding connection: 127.0.0.1. Connection pool size: 16
2026-10-07 08:48:24,829 WARNING urllib3.connectionpool: Connection pool is full, discarding connection: 127.0.0.1. Connection pool size: 16
2026-10-07 08:48:24,841 WARNING urllib3.connectionpool: Connection pool is full, discarding connection: 127.0.0.1. Connection pool size: 16
2026-10-07 08:48:24,849 WARNING urllib3.connectionpool: Connection pool is full, discarding connection: 127.0.0.1. Connection pool size: 16
2026-10-07 08:48:24,854 WARNING urllib3.connectionpool: Connection pool is full, discarding connection: 127.0.0.1. Connection pool size: 16
2026-10-07 08:48:24,865 WARNING urllib3.connectionpool: Connection pool is full, discarding connection: 127.0.0.1. Connection pool size: 16
2026-10-07 08:48:24,881 WARNING urllib3.connectionpool: Connection pool is full, discarding connection: 127.0.0.1. Connection pool size: 16
2026-10-07 10:38:57,731 INFO server: PCB_Ins v2 后台服务启动: http://127.0.0.1:8022
2026-10-07 10:38:59,125 INFO app.core.task_queue: [taskq] 检测任务队列已启动（2 worker）
2026-10-07 10:40:08,571 INFO server: PCB_Ins v2 后台服务启动: http://127.0.0.1:8022
2026-10-07 10:40:09,916 INFO app.core.task_queue: [taskq] 检测任务队列已启动（2 worker）
2026-10-07 10:40:56,558 INFO server: PCB_Ins v2 后台服务启动: http://127.0.0.1:8022
2026-10-07 10:40:57,912 INFO app.core.task_queue: [taskq] 检测任务队列已启动（2 worker）
2026-10-07 10:42:37,445 INFO server: PCB_Ins v2 后台服务启动: http://127.0.0.1:8022
2026-10-07 10:42:38,799 INFO app.core.task_queue: [taskq] 检测任务队列已启动（2 worker）
2026-10-07 10:44:14,714 WARNING urllib3.connectionpool: Connection pool is full, discarding connection: 127.0.0.1. Connection pool size: 16
2026-10-07 10:44:14,714 WARNING urllib3.connectionpool: Connection pool is full, discarding connection: 127.0.0.1. Connection pool size: 16
2026-10-07 10:44:14,715 WARNING urllib3.connectionpool: Connection pool is full, discarding connection: 127.0.0.1. Connection pool size: 16
2026-10-07 10:44:14,717 WARNING urllib3.connectionpool: Connection pool is full, discarding connection: 127.0.0.1. Connection pool size: 16
2026-10-07 10:44:14,730 WARNING urllib3.connectionpool: Connection pool is full, discarding connection: 127.0.0.1. Connection pool size: 16
2026-10-07 10:44:14,730 WARNING urllib3.connectionpool: Connection pool is full, discarding connection: 127.0.0.1. Connection pool size: 16
2026-10-07 10:44:14,735 WARNING urllib3.connectionpool: Connection pool is full, discarding connection: 127.0.0.1. Connection pool size: 16
2026-10-07 10:44:14,736 WARNING urllib3.connectionpool: Connection pool is full, discarding connection: 127.0.0.1. Connection pool size: 16
2026-10-07 10:44:14,752 WARNING urllib3.connectionpool: Connection pool is full, discarding connection: 127.0.0.1. Connection pool size: 16
2026-10-07 10:44:14,761 WARNING urllib3.connectionpool: Connection pool is full, discarding connection: 127.0.0.1. Connection pool size: 16
2026-10-07 10:44:14,768 WARNING urllib3.connectionpool: Connection pool is full, discarding connection: 127.0.0.1. Connection pool size: 16
2026-10-07 10:44:14,787 WARNING urllib3.connectionpool: Connection pool is full, discarding connection: 127.0.0.1. Connection pool size: 16
2026-10-07 10:44:14,796 WARNING urllib3.connectionpool: Connection pool is full, discarding connection: 127.0.0.1. Connection pool size: 16
2026-10-07 10:44:14,804 WARNING urllib3.connectionpool: Connection pool is full, discarding connection: 127.0.0.1. Connection pool size: 16
2026-10-07 10:44:14,810 WARNING urllib3.connectionpool: Connection pool is full, discarding connection: 127.0.0.1. Connection pool size: 16
2026-10-07 10:44:14,836 WARNING urllib3.connectionpool: Connection pool is full, discarding connection: 127.0.0.1. Connection pool size: 16
2026-10-07 10:44:14,836 WARNING urllib3.connectionpool: Connection pool is full, discarding connection: 127.0.0.1. Connection pool size: 16
2026-10-07 10:44:14,837 WARNING urllib3.connectionpool: Connection pool is full, discarding connection: 127.0.0.1. Connection pool size: 16
2026-10-07 10:44:14,842 WARNING urllib3.connectionpool: Connection pool is full, discarding connection: 127.0.0.1. Connection pool size: 16
2026-10-07 10:44:14,867 WARNING urllib3.connectionpool: Connection pool is full, discarding connection: 127.0.0.1. Connection pool size: 16
2026-10-07 10:44:14,870 WARNING urllib3.connectionpool: Connection pool is full, discarding connection: 127.0.0.1. Connection pool size: 16
2026-10-07 10:44:14,882 WARNING urllib3.connectionpool: Connection pool is full, discarding connection: 127.0.0.1. Connection pool size: 16
2026-10-07 10:44:14,914 WARNING urllib3.connectionpool: Connection pool is full, discarding connection: 127.0.0.1. Connection pool size: 16
2026-10-07 10:44:14,924 WARNING urllib3.connectionpool: Connection pool is full, discarding connection: 127.0.0.1. Connection pool size: 16
2026-10-07 10:44:14,925 WARNING urllib3.connectionpool: Connection pool is full, discarding connection: 127.0.0.1. Connection pool size: 16
2026-10-07 10:44:14,940 WARNING urllib3.connectionpool: Connection pool is full, discarding connection: 127.0.0.1. Connection pool size: 16
2026-10-07 10:44:14,940 WARNING urllib3.connectionpool: Connection pool is full, discarding connection: 127.0.0.1. Connection pool size: 16
2026-10-07 10:44:14,940 WARNING urllib3.connectionpool: Connection pool is full, discarding connection: 127.0.0.1. Connection pool size: 16
2026-10-07 10:44:14,970 WARNING urllib3.connectionpool: Connection pool is full, discarding connection: 127.0.0.1. Connection pool size: 16
2026-10-07 10:44:14,970 WARNING urllib3.connectionpool: Connection pool is full, discarding connection: 127.0.0.1. Connection pool size: 16
2026-10-07 10:44:14,976 WARNING urllib3.connectionpool: Connection pool is full, discarding connection: 127.0.0.1. Connection pool size: 16
2026-10-07 10:44:14,978 WARNING urllib3.connectionpool: Connection pool is full, discarding connection: 127.0.0.1. Connection pool size: 16
2026-10-07 10:44:14,981 WARNING urllib3.connectionpool: Connection pool is full, discarding connection: 127.0.0.1. Connection pool size: 16
2026-10-07 10:44:14,984 WARNING urllib3.connectionpool: Connection pool is full, discarding connection: 127.0.0.1. Connection pool size: 16
2026-10-07 10:44:14,984 WARNING urllib3.connectionpool: Connection pool is full, discarding connection: 127.0.0.1. Connection pool size: 16
2026-10-07 10:44:15,005 WARNING urllib3.connectionpool: Connection pool is full, discarding connection: 127.0.0.1. Connection pool size: 16
2026-10-07 10:44:15,026 WARNING urllib3.connectionpool: Connection pool is full, discarding connection: 127.0.0.1. Connection pool size: 16
2026-10-07 10:44:15,038 WARNING urllib3.connectionpool: Connection pool is full, discarding connection: 127.0.0.1. Connection pool size: 16
2026-10-07 10:44:15,069 WARNING urllib3.connectionpool: Connection pool is full, discarding connection: 127.0.0.1. Connection pool size: 16
2026-10-07 10:44:15,074 WARNING urllib3.connectionpool: Connection pool is full, discarding connection: 127.0.0.1. Connection pool size: 16
2026-10-07 10:44:15,076 WARNING urllib3.connectionpool: Connection pool is full, discarding connection: 127.0.0.1. Connection pool size: 16
2026-10-07 10:44:15,088 WARNING urllib3.connectionpool: Connection pool is full, discarding connection: 127.0.0.1. Connection pool size: 16
2026-10-07 10:44:15,098 WARNING urllib3.connectionpool: Connection pool is full, discarding connection: 127.0.0.1. Connection pool size: 16
2026-10-07 10:44:15,099 WARNING urllib3.connectionpool: Connection pool is full, discarding connection: 127.0.0.1. Connection pool size: 16
2026-10-07 10:44:15,113 WARNING urllib3.connectionpool: Connection pool is full, discarding connection: 127.0.0.1. Connection pool size: 16
2026-10-07 10:44:15,113 WARNING urllib3.connectionpool: Connection pool is full, discarding connection: 127.0.0.1. Connection pool size: 16
2026-10-07 10:44:15,114 WARNING urllib3.connectionpool: Connection pool is full, discarding connection: 127.0.0.1. Connection pool size: 16
2026-10-07 10:44:15,115 WARNING urllib3.connectionpool: Connection pool is full, discarding connection: 127.0.0.1. Connection pool size: 16
2026-10-07 10:44:15,133 WARNING urllib3.connectionpool: Connection pool is full, discarding connection: 127.0.0.1. Connection pool size: 16
2026-10-07 10:44:15,134 WARNING urllib3.connectionpool: Connection pool is full, discarding connection: 127.0.0.1. Connection pool size: 16
2026-10-07 10:44:15,142 WARNING urllib3.connectionpool: Connection pool is full, discarding connection: 127.0.0.1. Connection pool size: 16
2026-10-07 10:44:15,147 WARNING urllib3.connectionpool: Connection pool is full, discarding connection: 127.0.0.1. Connection pool size: 16
2026-10-07 10:44:15,149 WARNING urllib3.connectionpool: Connection pool is full, discarding connection: 127.0.0.1. Connection pool size: 16
2026-10-07 10:44:15,156 WARNING urllib3.connectionpool: Connection pool is full, discarding connection: 127.0.0.1. Connection pool size: 16
2026-10-07 10:44:15,164 WARNING urllib3.connectionpool: Connection pool is full, discarding connection: 127.0.0.1. Connection pool size: 16
2026-10-07 10:44:15,172 WARNING urllib3.connectionpool: Connection pool is full, discarding connection: 127.0.0.1. Connection pool size: 16
2026-10-07 10:44:15,176 WARNING urllib3.connectionpool: Connection pool is full, discarding connection: 127.0.0.1. Connection pool size: 16
2026-10-07 10:44:15,182 WARNING urllib3.connectionpool: Connection pool is full, discarding connection: 127.0.0.1. Connection pool size: 16
2026-10-07 10:44:15,190 WARNING urllib3.connectionpool: Connection pool is full, discarding connection: 127.0.0.1. Connection pool size: 16
2026-10-07 10:44:15,192 WARNING urllib3.connectionpool: Connection pool is full, discarding connection: 127.0.0.1. Connection pool size: 16
2026-10-07 10:44:15,200 WARNING urllib3.connectionpool: Connection pool is full, discarding connection: 127.0.0.1. Connection pool size: 16
2026-10-07 10:44:15,203 WARNING urllib3.connectionpool: Connection pool is full, discarding connection: 127.0.0.1. Connection pool size: 16
2026-10-07 10:44:15,214 WARNING urllib3.connectionpool: Connection pool is full, discarding connection: 127.0.0.1. Connection pool size: 16
2026-10-07 10:44:15,214 WARNING urllib3.connectionpool: Connection pool is full, discarding connection: 127.0.0.1. Connection pool size: 16
2026-10-07 10:44:15,235 WARNING urllib3.connectionpool: Connection pool is full, discarding connection: 127.0.0.1. Connection pool size: 16
2026-10-07 10:44:15,240 WARNING urllib3.connectionpool: Connection pool is full, discarding connection: 127.0.0.1. Connection pool size: 16
2026-10-07 10:44:15,240 WARNING urllib3.connectionpool: Connection pool is full, discarding connection: 127.0.0.1. Connection pool size: 16
2026-10-07 10:44:15,254 WARNING urllib3.connectionpool: Connection pool is full, discarding connection: 127.0.0.1. Connection pool size: 16
2026-10-07 10:44:15,261 WARNING urllib3.connectionpool: Connection pool is full, discarding connection: 127.0.0.1. Connection pool size: 16
2026-10-07 10:44:15,262 WARNING urllib3.connectionpool: Connection pool is full, discarding connection: 127.0.0.1. Connection pool size: 16
2026-10-07 10:44:15,265 WARNING urllib3.connectionpool: Connection pool is full, discarding connection: 127.0.0.1. Connection pool size: 16
2026-10-07 10:44:15,272 WARNING urllib3.connectionpool: Connection pool is full, discarding connection: 127.0.0.1. Connection pool size: 16
2026-10-07 10:44:15,279 WARNING urllib3.connectionpool: Connection pool is full, discarding connection: 127.0.0.1. Connection pool size: 16
2026-10-07 10:44:15,282 WARNING urllib3.connectionpool: Connection pool is full, discarding connection: 127.0.0.1. Connection pool size: 16
2026-10-07 10:44:15,292 WARNING urllib3.connectionpool: Connection pool is full, discarding connection: 127.0.0.1. Connection pool size: 16
2026-10-07 10:44:15,297 WARNING urllib3.connectionpool: Connection pool is full, discarding connection: 127.0.0.1. Connection pool size: 16
2026-10-07 10:44:15,299 WARNING urllib3.connectionpool: Connection pool is full, discarding connection: 127.0.0.1. Connection pool size: 16
2026-10-07 10:44:15,302 WARNING urllib3.connectionpool: Connection pool is full, discarding connection: 127.0.0.1. Connection pool size: 16
2026-10-07 10:44:15,305 WARNING urllib3.connectionpool: Connection pool is full, discarding connection: 127.0.0.1. Connection pool size: 16
2026-10-07 10:44:15,309 WARNING urllib3.connectionpool: Connection pool is full, discarding connection: 127.0.0.1. Connection pool size: 16
2026-10-07 10:44:15,323 WARNING urllib3.connectionpool: Connection pool is full, discarding connection: 127.0.0.1. Connection pool size: 16
2026-10-07 10:44:15,325 WARNING urllib3.connectionpool: Connection pool is full, discarding connection: 127.0.0.1. Connection pool size: 16
2026-10-07 10:44:15,325 WARNING urllib3.connectionpool: Connection pool is full, discarding connection: 127.0.0.1. Connection pool size: 16
2026-10-07 10:44:15,325 WARNING urllib3.connectionpool: Connection pool is full, discarding connection: 127.0.0.1. Connection pool size: 16
2026-10-07 10:44:15,360 WARNING urllib3.connectionpool: Connection pool is full, discarding connection: 127.0.0.1. Connection pool size: 16
2026-10-07 10:44:15,411 WARNING urllib3.connectionpool: Connection pool is full, discarding connection: 127.0.0.1. Connection pool size: 16
2026-10-07 10:44:15,417 WARNING urllib3.connectionpool: Connection pool is full, discarding connection: 127.0.0.1. Connection pool size: 16
2026-10-07 10:44:15,426 WARNING urllib3.connectionpool: Connection pool is full, discarding connection: 127.0.0.1. Connection pool size: 16
2026-10-07 10:44:15,430 WARNING urllib3.connectionpool: Connection pool is full, discarding connection: 127.0.0.1. Connection pool size: 16
2026-10-07 10:44:15,440 WARNING urllib3.connectionpool: Connection pool is full, discarding connection: 127.0.0.1. Connection pool size: 16
2026-10-07 10:44:15,448 WARNING urllib3.connectionpool: Connection pool is full, discarding connection: 127.0.0.1. Connection pool size: 16
2026-10-07 10:44:15,462 WARNING urllib3.connectionpool: Connection pool is full, discarding connection: 127.0.0.1. Connection pool size: 16
2026-10-07 10:47:52,776 INFO server: PCB_Ins v2 后台服务启动: http://127.0.0.1:8022
2026-10-07 10:47:54,147 INFO app.core.task_queue: [taskq] 检测任务队列已启动（2 worker）
2026-10-07 10:49:28,347 WARNING urllib3.connectionpool: Connection pool is full, discarding connection: 127.0.0.1. Connection pool size: 16
2026-10-07 10:49:28,363 WARNING urllib3.connectionpool: Connection pool is full, discarding connection: 127.0.0.1. Connection pool size: 16
2026-10-07 10:49:28,369 WARNING urllib3.connectionpool: Connection pool is full, discarding connection: 127.0.0.1. Connection pool size: 16
2026-10-07 10:49:28,370 WARNING urllib3.connectionpool: Connection pool is full, discarding connection: 127.0.0.1. Connection pool size: 16
2026-10-07 10:49:28,370 WARNING urllib3.connectionpool: Connection pool is full, discarding connection: 127.0.0.1. Connection pool size: 16
2026-10-07 10:49:28,379 WARNING urllib3.connectionpool: Connection pool is full, discarding connection: 127.0.0.1. Connection pool size: 16
2026-10-07 10:49:28,393 WARNING urllib3.connectionpool: Connection pool is full, discarding connection: 127.0.0.1. Connection pool size: 16
2026-10-07 10:49:28,394 WARNING urllib3.connectionpool: Connection pool is full, discarding connection: 127.0.0.1. Connection pool size: 16
2026-10-07 10:49:28,410 WARNING urllib3.connectionpool: Connection pool is full, discarding connection: 127.0.0.1. Connection pool size: 16
2026-10-07 10:49:28,425 WARNING urllib3.connectionpool: Connection pool is full, discarding connection: 127.0.0.1. Connection pool size: 16
2026-10-07 10:49:28,432 WARNING urllib3.connectionpool: Connection pool is full, discarding connection: 127.0.0.1. Connection pool size: 16
2026-10-07 10:49:28,438 WARNING urllib3.connectionpool: Connection pool is full, discarding connection: 127.0.0.1. Connection pool size: 16
2026-10-07 10:49:28,466 WARNING urllib3.connectionpool: Connection pool is full, discarding connection: 127.0.0.1. Connection pool size: 16
2026-10-07 10:49:28,474 WARNING urllib3.connectionpool: Connection pool is full, discarding connection: 127.0.0.1. Connection pool size: 16
2026-10-07 10:49:28,478 WARNING urllib3.connectionpool: Connection pool is full, discarding connection: 127.0.0.1. Connection pool size: 16
2026-10-07 10:49:28,494 WARNING urllib3.connectionpool: Connection pool is full, discarding connection: 127.0.0.1. Connection pool size: 16
2026-10-07 10:49:28,518 WARNING urllib3.connectionpool: Connection pool is full, discarding connection: 127.0.0.1. Connection pool size: 16
2026-10-07 10:49:28,520 WARNING urllib3.connectionpool: Connection pool is full, discarding connection: 127.0.0.1. Connection pool size: 16
2026-10-07 10:49:28,526 WARNING urllib3.connectionpool: Connection pool is full, discarding connection: 127.0.0.1. Connection pool size: 16
2026-10-07 10:49:28,526 WARNING urllib3.connectionpool: Connection pool is full, discarding connection: 127.0.0.1. Connection pool size: 16
2026-10-07 10:49:28,574 WARNING urllib3.connectionpool: Connection pool is full, discarding connection: 127.0.0.1. Connection pool size: 16
2026-10-07 10:49:28,593 WARNING urllib3.connectionpool: Connection pool is full, discarding connection: 127.0.0.1. Connection pool size: 16
2026-10-07 10:49:28,621 WARNING urllib3.connectionpool: Connection pool is full, discarding connection: 127.0.0.1. Connection pool size: 16
2026-10-07 10:49:28,622 WARNING urllib3.connectionpool: Connection pool is full, discarding connection: 127.0.0.1. Connection pool size: 16
2026-10-07 10:49:28,630 WARNING urllib3.connectionpool: Connection pool is full, discarding connection: 127.0.0.1. Connection pool size: 16
2026-10-07 10:49:28,657 WARNING urllib3.connectionpool: Connection pool is full, discarding connection: 127.0.0.1. Connection pool size: 16
2026-10-07 10:49:28,657 WARNING urllib3.connectionpool: Connection pool is full, discarding connection: 127.0.0.1. Connection pool size: 16
2026-10-07 10:49:28,658 WARNING urllib3.connectionpool: Connection pool is full, discarding connection: 127.0.0.1. Connection pool size: 16
2026-10-07 10:49:28,666 WARNING urllib3.connectionpool: Connection pool is full, discarding connection: 127.0.0.1. Connection pool size: 16
2026-10-07 10:49:28,667 WARNING urllib3.connectionpool: Connection pool is full, discarding connection: 127.0.0.1. Connection pool size: 16
2026-10-07 10:49:28,669 WARNING urllib3.connectionpool: Connection pool is full, discarding connection: 127.0.0.1. Connection pool size: 16
2026-10-07 10:49:28,680 WARNING urllib3.connectionpool: Connection pool is full, discarding connection: 127.0.0.1. Connection pool size: 16
2026-10-07 10:49:28,682 WARNING urllib3.connectionpool: Connection pool is full, discarding connection: 127.0.0.1. Connection pool size: 16
2026-10-07 10:49:28,682 WARNING urllib3.connectionpool: Connection pool is full, discarding connection: 127.0.0.1. Connection pool size: 16
2026-10-07 10:49:28,687 WARNING urllib3.connectionpool: Connection pool is full, discarding connection: 127.0.0.1. Connection pool size: 16
2026-10-07 10:49:28,687 WARNING urllib3.connectionpool: Connection pool is full, discarding connection: 127.0.0.1. Connection pool size: 16
2026-10-07 10:49:28,688 WARNING urllib3.connectionpool: Connection pool is full, discarding connection: 127.0.0.1. Connection pool size: 16
2026-10-07 10:49:28,708 WARNING urllib3.connectionpool: Connection pool is full, discarding connection: 127.0.0.1. Connection pool size: 16
2026-10-07 10:49:28,709 WARNING urllib3.connectionpool: Connection pool is full, discarding connection: 127.0.0.1. Connection pool size: 16
2026-10-07 10:49:28,726 WARNING urllib3.connectionpool: Connection pool is full, discarding connection: 127.0.0.1. Connection pool size: 16
2026-10-07 10:49:28,733 WARNING urllib3.connectionpool: Connection pool is full, discarding connection: 127.0.0.1. Connection pool size: 16
2026-10-07 10:49:28,733 WARNING urllib3.connectionpool: Connection pool is full, discarding connection: 127.0.0.1. Connection pool size: 16
2026-10-07 10:49:28,739 WARNING urllib3.connectionpool: Connection pool is full, discarding connection: 127.0.0.1. Connection pool size: 16
2026-10-07 10:49:28,747 WARNING urllib3.connectionpool: Connection pool is full, discarding connection: 127.0.0.1. Connection pool size: 16
2026-10-07 10:49:28,761 WARNING urllib3.connectionpool: Connection pool is full, discarding connection: 127.0.0.1. Connection pool size: 16
2026-10-07 10:49:28,777 WARNING urllib3.connectionpool: Connection pool is full, discarding connection: 127.0.0.1. Connection pool size: 16
2026-10-07 10:49:28,789 WARNING urllib3.connectionpool: Connection pool is full, discarding connection: 127.0.0.1. Connection pool size: 16
2026-10-07 10:49:28,789 WARNING urllib3.connectionpool: Connection pool is full, discarding connection: 127.0.0.1. Connection pool size: 16
2026-10-07 10:49:28,794 WARNING urllib3.connectionpool: Connection pool is full, discarding connection: 127.0.0.1. Connection pool size: 16
2026-10-07 10:49:28,804 WARNING urllib3.connectionpool: Connection pool is full, discarding connection: 127.0.0.1. Connection pool size: 16
2026-10-07 10:49:28,810 WARNING urllib3.connectionpool: Connection pool is full, discarding connection: 127.0.0.1. Connection pool size: 16
2026-10-07 10:49:28,826 WARNING urllib3.connectionpool: Connection pool is full, discarding connection: 127.0.0.1. Connection pool size: 16
2026-10-07 10:49:28,827 WARNING urllib3.connectionpool: Connection pool is full, discarding connection: 127.0.0.1. Connection pool size: 16
2026-10-07 10:49:28,830 WARNING urllib3.connectionpool: Connection pool is full, discarding connection: 127.0.0.1. Connection pool size: 16
2026-10-07 10:49:28,831 WARNING urllib3.connectionpool: Connection pool is full, discarding connection: 127.0.0.1. Connection pool size: 16
2026-10-07 10:49:28,844 WARNING urllib3.connectionpool: Connection pool is full, discarding connection: 127.0.0.1. Connection pool size: 16
2026-10-07 10:49:28,853 WARNING urllib3.connectionpool: Connection pool is full, discarding connection: 127.0.0.1. Connection pool size: 16
2026-10-07 10:49:28,867 WARNING urllib3.connectionpool: Connection pool is full, discarding connection: 127.0.0.1. Connection pool size: 16
2026-10-07 10:49:28,867 WARNING urllib3.connectionpool: Connection pool is full, discarding connection: 127.0.0.1. Connection pool size: 16
2026-10-07 10:49:28,868 WARNING urllib3.connectionpool: Connection pool is full, discarding connection: 127.0.0.1. Connection pool size: 16
2026-10-07 10:49:28,881 WARNING urllib3.connectionpool: Connection pool is full, discarding connection: 127.0.0.1. Connection pool size: 16
2026-10-07 10:49:28,905 WARNING urllib3.connectionpool: Connection pool is full, discarding connection: 127.0.0.1. Connection pool size: 16
2026-10-07 10:49:28,913 WARNING urllib3.connectionpool: Connection pool is full, discarding connection: 127.0.0.1. Connection pool size: 16
2026-10-07 10:49:28,913 WARNING urllib3.connectionpool: Connection pool is full, discarding connection: 127.0.0.1. Connection pool size: 16
2026-10-07 10:49:28,927 WARNING urllib3.connectionpool: Connection pool is full, discarding connection: 127.0.0.1. Connection pool size: 16
2026-10-07 10:49:28,937 WARNING urllib3.connectionpool: Connection pool is full, discarding connection: 127.0.0.1. Connection pool size: 16
2026-10-07 10:49:28,942 WARNING urllib3.connectionpool: Connection pool is full, discarding connection: 127.0.0.1. Connection pool size: 16
2026-10-07 10:49:28,942 WARNING urllib3.connectionpool: Connection pool is full, discarding connection: 127.0.0.1. Connection pool size: 16
2026-10-07 10:49:28,947 WARNING urllib3.connectionpool: Connection pool is full, discarding connection: 127.0.0.1. Connection pool size: 16
2026-10-07 10:49:28,954 WARNING urllib3.connectionpool: Connection pool is full, discarding connection: 127.0.0.1. Connection pool size: 16
2026-10-07 10:49:28,960 WARNING urllib3.connectionpool: Connection pool is full, discarding connection: 127.0.0.1. Connection pool size: 16
2026-10-07 10:49:28,960 WARNING urllib3.connectionpool: Connection pool is full, discarding connection: 127.0.0.1. Connection pool size: 16
2026-10-07 10:49:28,961 WARNING urllib3.connectionpool: Connection pool is full, discarding connection: 127.0.0.1. Connection pool size: 16
2026-10-07 10:49:28,965 WARNING urllib3.connectionpool: Connection pool is full, discarding connection: 127.0.0.1. Connection pool size: 16
2026-10-07 10:49:28,968 WARNING urllib3.connectionpool: Connection pool is full, discarding connection: 127.0.0.1. Connection pool size: 16
2026-10-07 10:49:28,978 WARNING urllib3.connectionpool: Connection pool is full, discarding connection: 127.0.0.1. Connection pool size: 16
2026-10-07 10:49:28,979 WARNING urllib3.connectionpool: Connection pool is full, discarding connection: 127.0.0.1. Connection pool size: 16
2026-10-07 10:49:28,987 WARNING urllib3.connectionpool: Connection pool is full, discarding connection: 127.0.0.1. Connection pool size: 16
2026-10-07 10:49:28,987 WARNING urllib3.connectionpool: Connection pool is full, discarding connection: 127.0.0.1. Connection pool size: 16
2026-10-07 10:49:28,993 WARNING urllib3.connectionpool: Connection pool is full, discarding connection: 127.0.0.1. Connection pool size: 16
2026-10-07 10:49:28,995 WARNING urllib3.connectionpool: Connection pool is full, discarding connection: 127.0.0.1. Connection pool size: 16
2026-10-07 10:49:29,007 WARNING urllib3.connectionpool: Connection pool is full, discarding connection: 127.0.0.1. Connection pool size: 16
2026-10-07 10:49:29,018 WARNING urllib3.connectionpool: Connection pool is full, discarding connection: 127.0.0.1. Connection pool size: 16
2026-10-07 10:49:29,039 WARNING urllib3.connectionpool: Connection pool is full, discarding connection: 127.0.0.1. Connection pool size: 16
2026-10-07 10:49:29,070 WARNING urllib3.connectionpool: Connection pool is full, discarding connection: 127.0.0.1. Connection pool size: 16
2026-10-07 10:49:29,071 WARNING urllib3.connectionpool: Connection pool is full, discarding connection: 127.0.0.1. Connection pool size: 16
2026-10-07 10:49:29,074 WARNING urllib3.connectionpool: Connection pool is full, discarding connection: 127.0.0.1. Connection pool size: 16
2026-10-07 10:49:29,092 WARNING urllib3.connectionpool: Connection pool is full, discarding connection: 127.0.0.1. Connection pool size: 16
2026-10-07 10:49:29,096 WARNING urllib3.connectionpool: Connection pool is full, discarding connection: 127.0.0.1. Connection pool size: 16
2026-10-07 10:49:29,101 WARNING urllib3.connectionpool: Connection pool is full, discarding connection: 127.0.0.1. Connection pool size: 16
2026-10-07 10:49:29,103 WARNING urllib3.connectionpool: Connection pool is full, discarding connection: 127.0.0.1. Connection pool size: 16
2026-10-07 10:53:29,293 INFO server: PCB_Ins v2 后台服务启动: http://127.0.0.1:8022
2026-10-07 10:53:30,651 INFO app.core.task_queue: [taskq] 检测任务队列已启动（2 worker）
2026-10-07 10:54:38,786 WARNING urllib3.connectionpool: Connection pool is full, discarding connection: 127.0.0.1. Connection pool size: 16
2026-10-07 10:54:38,798 WARNING urllib3.connectionpool: Connection pool is full, discarding connection: 127.0.0.1. Connection pool size: 16
2026-10-07 10:54:38,817 WARNING urllib3.connectionpool: Connection pool is full, discarding connection: 127.0.0.1. Connection pool size: 16
2026-10-07 10:54:38,818 WARNING urllib3.connectionpool: Connection pool is full, discarding connection: 127.0.0.1. Connection pool size: 16
2026-10-07 10:54:38,823 WARNING urllib3.connectionpool: Connection pool is full, discarding connection: 127.0.0.1. Connection pool size: 16
2026-10-07 10:54:38,826 WARNING urllib3.connectionpool: Connection pool is full, discarding connection: 127.0.0.1. Connection pool size: 16
2026-10-07 10:54:38,826 WARNING urllib3.connectionpool: Connection pool is full, discarding connection: 127.0.0.1. Connection pool size: 16
2026-10-07 10:54:38,826 WARNING urllib3.connectionpool: Connection pool is full, discarding connection: 127.0.0.1. Connection pool size: 16
2026-10-07 10:54:38,826 WARNING urllib3.connectionpool: Connection pool is full, discarding connection: 127.0.0.1. Connection pool size: 16
2026-10-07 10:54:38,849 WARNING urllib3.connectionpool: Connection pool is full, discarding connection: 127.0.0.1. Connection pool size: 16
2026-10-07 10:54:38,860 WARNING urllib3.connectionpool: Connection pool is full, discarding connection: 127.0.0.1. Connection pool size: 16
2026-10-07 10:54:38,873 WARNING urllib3.connectionpool: Connection pool is full, discarding connection: 127.0.0.1. Connection pool size: 16
2026-10-07 10:54:38,874 WARNING urllib3.connectionpool: Connection pool is full, discarding connection: 127.0.0.1. Connection pool size: 16
2026-10-07 10:54:38,875 WARNING urllib3.connectionpool: Connection pool is full, discarding connection: 127.0.0.1. Connection pool size: 16
2026-10-07 10:54:38,900 WARNING urllib3.connectionpool: Connection pool is full, discarding connection: 127.0.0.1. Connection pool size: 16
2026-10-07 10:54:38,901 WARNING urllib3.connectionpool: Connection pool is full, discarding connection: 127.0.0.1. Connection pool size: 16
2026-10-07 10:54:38,901 WARNING urllib3.connectionpool: Connection pool is full, discarding connection: 127.0.0.1. Connection pool size: 16
2026-10-07 10:54:38,908 WARNING urllib3.connectionpool: Connection pool is full, discarding connection: 127.0.0.1. Connection pool size: 16
2026-10-07 10:54:38,923 WARNING urllib3.connectionpool: Connection pool is full, discarding connection: 127.0.0.1. Connection pool size: 16
2026-10-07 10:54:38,932 WARNING urllib3.connectionpool: Connection pool is full, discarding connection: 127.0.0.1. Connection pool size: 16
2026-10-07 10:54:38,943 WARNING urllib3.connectionpool: Connection pool is full, discarding connection: 127.0.0.1. Connection pool size: 16
2026-10-07 10:54:38,954 WARNING urllib3.connectionpool: Connection pool is full, discarding connection: 127.0.0.1. Connection pool size: 16
2026-10-07 10:54:38,955 WARNING urllib3.connectionpool: Connection pool is full, discarding connection: 127.0.0.1. Connection pool size: 16
2026-10-07 10:54:38,989 WARNING urllib3.connectionpool: Connection pool is full, discarding connection: 127.0.0.1. Connection pool size: 16
2026-10-07 10:54:38,990 WARNING urllib3.connectionpool: Connection pool is full, discarding connection: 127.0.0.1. Connection pool size: 16
2026-10-07 10:54:38,990 WARNING urllib3.connectionpool: Connection pool is full, discarding connection: 127.0.0.1. Connection pool size: 16
2026-10-07 10:54:39,010 WARNING urllib3.connectionpool: Connection pool is full, discarding connection: 127.0.0.1. Connection pool size: 16
2026-10-07 10:54:39,027 WARNING urllib3.connectionpool: Connection pool is full, discarding connection: 127.0.0.1. Connection pool size: 16
2026-10-07 10:54:39,034 WARNING urllib3.connectionpool: Connection pool is full, discarding connection: 127.0.0.1. Connection pool size: 16
2026-10-07 10:54:39,044 WARNING urllib3.connectionpool: Connection pool is full, discarding connection: 127.0.0.1. Connection pool size: 16
2026-10-07 10:54:39,055 WARNING urllib3.connectionpool: Connection pool is full, discarding connection: 127.0.0.1. Connection pool size: 16
2026-10-07 10:54:39,061 WARNING urllib3.connectionpool: Connection pool is full, discarding connection: 127.0.0.1. Connection pool size: 16
2026-10-07 10:54:39,078 WARNING urllib3.connectionpool: Connection pool is full, discarding connection: 127.0.0.1. Connection pool size: 16
2026-10-07 10:54:39,090 WARNING urllib3.connectionpool: Connection pool is full, discarding connection: 127.0.0.1. Connection pool size: 16
2026-10-07 10:54:39,091 WARNING urllib3.connectionpool: Connection pool is full, discarding connection: 127.0.0.1. Connection pool size: 16
2026-10-07 10:54:39,101 WARNING urllib3.connectionpool: Connection pool is full, discarding connection: 127.0.0.1. Connection pool size: 16
2026-10-07 10:54:39,119 WARNING urllib3.connectionpool: Connection pool is full, discarding connection: 127.0.0.1. Connection pool size: 16
2026-10-07 10:54:39,119 WARNING urllib3.connectionpool: Connection pool is full, discarding connection: 127.0.0.1. Connection pool size: 16
2026-10-07 10:54:39,129 WARNING urllib3.connectionpool: Connection pool is full, discarding connection: 127.0.0.1. Connection pool size: 16
2026-10-07 10:54:39,134 WARNING urllib3.connectionpool: Connection pool is full, discarding connection: 127.0.0.1. Connection pool size: 16
2026-10-07 10:54:39,146 WARNING urllib3.connectionpool: Connection pool is full, discarding connection: 127.0.0.1. Connection pool size: 16
2026-10-07 10:54:39,156 WARNING urllib3.connectionpool: Connection pool is full, discarding connection: 127.0.0.1. Connection pool size: 16
2026-10-07 10:54:39,164 WARNING urllib3.connectionpool: Connection pool is full, discarding connection: 127.0.0.1. Connection pool size: 16
2026-10-07 10:54:39,173 WARNING urllib3.connectionpool: Connection pool is full, discarding connection: 127.0.0.1. Connection pool size: 16
2026-10-07 10:54:39,183 WARNING urllib3.connectionpool: Connection pool is full, discarding connection: 127.0.0.1. Connection pool size: 16
2026-10-07 10:54:39,183 WARNING urllib3.connectionpool: Connection pool is full, discarding connection: 127.0.0.1. Connection pool size: 16
2026-10-07 10:54:39,192 WARNING urllib3.connectionpool: Connection pool is full, discarding connection: 127.0.0.1. Connection pool size: 16
2026-10-07 10:54:39,192 WARNING urllib3.connectionpool: Connection pool is full, discarding connection: 127.0.0.1. Connection pool size: 16
2026-10-07 10:54:39,209 WARNING urllib3.connectionpool: Connection pool is full, discarding connection: 127.0.0.1. Connection pool size: 16
2026-10-07 10:54:39,216 WARNING urllib3.connectionpool: Connection pool is full, discarding connection: 127.0.0.1. Connection pool size: 16
2026-10-07 10:54:39,217 WARNING urllib3.connectionpool: Connection pool is full, discarding connection: 127.0.0.1. Connection pool size: 16
2026-10-07 10:54:39,218 WARNING urllib3.connectionpool: Connection pool is full, discarding connection: 127.0.0.1. Connection pool size: 16
2026-10-07 10:54:39,225 WARNING urllib3.connectionpool: Connection pool is full, discarding connection: 127.0.0.1. Connection pool size: 16
2026-10-07 10:54:39,230 WARNING urllib3.connectionpool: Connection pool is full, discarding connection: 127.0.0.1. Connection pool size: 16
2026-10-07 10:54:39,245 WARNING urllib3.connectionpool: Connection pool is full, discarding connection: 127.0.0.1. Connection pool size: 16
2026-10-07 10:54:39,250 WARNING urllib3.connectionpool: Connection pool is full, discarding connection: 127.0.0.1. Connection pool size: 16
2026-10-07 10:54:39,256 WARNING urllib3.connectionpool: Connection pool is full, discarding connection: 127.0.0.1. Connection pool size: 16
2026-10-07 10:54:39,258 WARNING urllib3.connectionpool: Connection pool is full, discarding connection: 127.0.0.1. Connection pool size: 16
2026-10-07 10:54:39,275 WARNING urllib3.connectionpool: Connection pool is full, discarding connection: 127.0.0.1. Connection pool size: 16
2026-10-07 10:54:39,282 WARNING urllib3.connectionpool: Connection pool is full, discarding connection: 127.0.0.1. Connection pool size: 16
2026-10-07 10:54:39,292 WARNING urllib3.connectionpool: Connection pool is full, discarding connection: 127.0.0.1. Connection pool size: 16
2026-10-07 10:54:39,307 WARNING urllib3.connectionpool: Connection pool is full, discarding connection: 127.0.0.1. Connection pool size: 16
2026-10-07 10:54:39,320 WARNING urllib3.connectionpool: Connection pool is full, discarding connection: 127.0.0.1. Connection pool size: 16
2026-10-07 10:54:39,326 WARNING urllib3.connectionpool: Connection pool is full, discarding connection: 127.0.0.1. Connection pool size: 16
2026-10-07 10:54:39,327 WARNING urllib3.connectionpool: Connection pool is full, discarding connection: 127.0.0.1. Connection pool size: 16
2026-10-07 10:54:39,327 WARNING urllib3.connectionpool: Connection pool is full, discarding connection: 127.0.0.1. Connection pool size: 16
2026-10-07 10:54:39,340 WARNING urllib3.connectionpool: Connection pool is full, discarding connection: 127.0.0.1. Connection pool size: 16
2026-10-07 10:54:39,352 WARNING urllib3.connectionpool: Connection pool is full, discarding connection: 127.0.0.1. Connection pool size: 16
2026-10-07 10:54:39,355 WARNING urllib3.connectionpool: Connection pool is full, discarding connection: 127.0.0.1. Connection pool size: 16
2026-10-07 10:54:39,358 WARNING urllib3.connectionpool: Connection pool is full, discarding connection: 127.0.0.1. Connection pool size: 16
2026-10-07 10:54:39,359 WARNING urllib3.connectionpool: Connection pool is full, discarding connection: 127.0.0.1. Connection pool size: 16
2026-10-07 10:54:39,370 WARNING urllib3.connectionpool: Connection pool is full, discarding connection: 127.0.0.1. Connection pool size: 16
2026-10-07 10:54:39,374 WARNING urllib3.connectionpool: Connection pool is full, discarding connection: 127.0.0.1. Connection pool size: 16
2026-10-07 10:54:39,379 WARNING urllib3.connectionpool: Connection pool is full, discarding connection: 127.0.0.1. Connection pool size: 16
2026-10-07 10:54:39,385 WARNING urllib3.connectionpool: Connection pool is full, discarding connection: 127.0.0.1. Connection pool size: 16
2026-10-07 10:54:39,392 WARNING urllib3.connectionpool: Connection pool is full, discarding connection: 127.0.0.1. Connection pool size: 16
2026-10-07 10:54:39,392 WARNING urllib3.connectionpool: Connection pool is full, discarding connection: 127.0.0.1. Connection pool size: 16
2026-10-07 10:54:39,400 WARNING urllib3.connectionpool: Connection pool is full, discarding connection: 127.0.0.1. Connection pool size: 16
2026-10-07 10:54:39,406 WARNING urllib3.connectionpool: Connection pool is full, discarding connection: 127.0.0.1. Connection pool size: 16
2026-10-07 10:54:39,415 WARNING urllib3.connectionpool: Connection pool is full, discarding connection: 127.0.0.1. Connection pool size: 16
2026-10-07 10:54:39,416 WARNING urllib3.connectionpool: Connection pool is full, discarding connection: 127.0.0.1. Connection pool size: 16
2026-10-07 10:54:39,417 WARNING urllib3.connectionpool: Connection pool is full, discarding connection: 127.0.0.1. Connection pool size: 16
2026-10-07 10:54:39,421 WARNING urllib3.connectionpool: Connection pool is full, discarding connection: 127.0.0.1. Connection pool size: 16
2026-10-07 10:54:39,439 WARNING urllib3.connectionpool: Connection pool is full, discarding connection: 127.0.0.1. Connection pool size: 16
2026-10-07 10:54:39,477 WARNING urllib3.connectionpool: Connection pool is full, discarding connection: 127.0.0.1. Connection pool size: 16
2026-10-07 10:54:39,479 WARNING urllib3.connectionpool: Connection pool is full, discarding connection: 127.0.0.1. Connection pool size: 16
2026-10-07 10:54:39,490 WARNING urllib3.connectionpool: Connection pool is full, discarding connection: 127.0.0.1. Connection pool size: 16
2026-10-07 10:54:39,491 WARNING urllib3.connectionpool: Connection pool is full, discarding connection: 127.0.0.1. Connection pool size: 16
2026-10-07 10:54:39,505 WARNING urllib3.connectionpool: Connection pool is full, discarding connection: 127.0.0.1. Connection pool size: 16
2026-10-07 10:54:39,506 WARNING urllib3.connectionpool: Connection pool is full, discarding connection: 127.0.0.1. Connection pool size: 16
2026-10-07 10:54:39,513 WARNING urllib3.connectionpool: Connection pool is full, discarding connection: 127.0.0.1. Connection pool size: 16
2026-10-07 11:40:58,451 INFO server: PCB_Ins v2 后台服务启动: http://127.0.0.1:8022
2026-10-07 11:40:59,827 INFO app.core.task_queue: [taskq] 检测任务队列已启动（2 worker）
2026-10-07 11:42:03,961 WARNING urllib3.connectionpool: Connection pool is full, discarding connection: 127.0.0.1. Connection pool size: 16
2026-10-07 11:42:03,966 WARNING urllib3.connectionpool: Connection pool is full, discarding connection: 127.0.0.1. Connection pool size: 16
2026-10-07 11:42:03,983 WARNING urllib3.connectionpool: Connection pool is full, discarding connection: 127.0.0.1. Connection pool size: 16
2026-10-07 11:42:04,001 WARNING urllib3.connectionpool: Connection pool is full, discarding connection: 127.0.0.1. Connection pool size: 16
2026-10-07 11:42:04,002 WARNING urllib3.connectionpool: Connection pool is full, discarding connection: 127.0.0.1. Connection pool size: 16
2026-10-07 11:42:04,013 WARNING urllib3.connectionpool: Connection pool is full, discarding connection: 127.0.0.1. Connection pool size: 16
2026-10-07 11:42:04,019 WARNING urllib3.connectionpool: Connection pool is full, discarding connection: 127.0.0.1. Connection pool size: 16
2026-10-07 11:42:04,020 WARNING urllib3.connectionpool: Connection pool is full, discarding connection: 127.0.0.1. Connection pool size: 16
2026-10-07 11:42:04,028 WARNING urllib3.connectionpool: Connection pool is full, discarding connection: 127.0.0.1. Connection pool size: 16
2026-10-07 11:42:04,040 WARNING urllib3.connectionpool: Connection pool is full, discarding connection: 127.0.0.1. Connection pool size: 16
2026-10-07 11:42:04,040 WARNING urllib3.connectionpool: Connection pool is full, discarding connection: 127.0.0.1. Connection pool size: 16
2026-10-07 11:42:04,047 WARNING urllib3.connectionpool: Connection pool is full, discarding connection: 127.0.0.1. Connection pool size: 16
2026-10-07 11:42:04,066 WARNING urllib3.connectionpool: Connection pool is full, discarding connection: 127.0.0.1. Connection pool size: 16
2026-10-07 11:42:04,067 WARNING urllib3.connectionpool: Connection pool is full, discarding connection: 127.0.0.1. Connection pool size: 16
2026-10-07 11:42:04,067 WARNING urllib3.connectionpool: Connection pool is full, discarding connection: 127.0.0.1. Connection pool size: 16
2026-10-07 11:42:04,067 WARNING urllib3.connectionpool: Connection pool is full, discarding connection: 127.0.0.1. Connection pool size: 16
2026-10-07 11:42:04,094 WARNING urllib3.connectionpool: Connection pool is full, discarding connection: 127.0.0.1. Connection pool size: 16
2026-10-07 11:42:04,094 WARNING urllib3.connectionpool: Connection pool is full, discarding connection: 127.0.0.1. Connection pool size: 16
2026-10-07 11:42:04,133 WARNING urllib3.connectionpool: Connection pool is full, discarding connection: 127.0.0.1. Connection pool size: 16
2026-10-07 11:42:04,135 WARNING urllib3.connectionpool: Connection pool is full, discarding connection: 127.0.0.1. Connection pool size: 16
2026-10-07 11:42:04,141 WARNING urllib3.connectionpool: Connection pool is full, discarding connection: 127.0.0.1. Connection pool size: 16
2026-10-07 11:42:04,141 WARNING urllib3.connectionpool: Connection pool is full, discarding connection: 127.0.0.1. Connection pool size: 16
2026-10-07 11:42:04,149 WARNING urllib3.connectionpool: Connection pool is full, discarding connection: 127.0.0.1. Connection pool size: 16
2026-10-07 11:42:04,169 WARNING urllib3.connectionpool: Connection pool is full, discarding connection: 127.0.0.1. Connection pool size: 16
2026-10-07 11:42:04,175 WARNING urllib3.connectionpool: Connection pool is full, discarding connection: 127.0.0.1. Connection pool size: 16
2026-10-07 11:42:04,195 WARNING urllib3.connectionpool: Connection pool is full, discarding connection: 127.0.0.1. Connection pool size: 16
2026-10-07 11:42:04,201 WARNING urllib3.connectionpool: Connection pool is full, discarding connection: 127.0.0.1. Connection pool size: 16
2026-10-07 11:42:04,207 WARNING urllib3.connectionpool: Connection pool is full, discarding connection: 127.0.0.1. Connection pool size: 16
2026-10-07 11:42:04,208 WARNING urllib3.connectionpool: Connection pool is full, discarding connection: 127.0.0.1. Connection pool size: 16
2026-10-07 11:42:04,214 WARNING urllib3.connectionpool: Connection pool is full, discarding connection: 127.0.0.1. Connection pool size: 16
2026-10-07 11:42:04,228 WARNING urllib3.connectionpool: Connection pool is full, discarding connection: 127.0.0.1. Connection pool size: 16
2026-10-07 11:42:04,240 WARNING urllib3.connectionpool: Connection pool is full, discarding connection: 127.0.0.1. Connection pool size: 16
2026-10-07 11:42:04,241 WARNING urllib3.connectionpool: Connection pool is full, discarding connection: 127.0.0.1. Connection pool size: 16
2026-10-07 11:42:04,251 WARNING urllib3.connectionpool: Connection pool is full, discarding connection: 127.0.0.1. Connection pool size: 16
2026-10-07 11:42:04,251 WARNING urllib3.connectionpool: Connection pool is full, discarding connection: 127.0.0.1. Connection pool size: 16
2026-10-07 11:42:04,273 WARNING urllib3.connectionpool: Connection pool is full, discarding connection: 127.0.0.1. Connection pool size: 16
2026-10-07 11:42:04,273 WARNING urllib3.connectionpool: Connection pool is full, discarding connection: 127.0.0.1. Connection pool size: 16
2026-10-07 11:42:04,274 WARNING urllib3.connectionpool: Connection pool is full, discarding connection: 127.0.0.1. Connection pool size: 16
2026-10-07 11:42:04,297 WARNING urllib3.connectionpool: Connection pool is full, discarding connection: 127.0.0.1. Connection pool size: 16
2026-10-07 11:42:04,300 WARNING urllib3.connectionpool: Connection pool is full, discarding connection: 127.0.0.1. Connection pool size: 16
2026-10-07 11:42:04,321 WARNING urllib3.connectionpool: Connection pool is full, discarding connection: 127.0.0.1. Connection pool size: 16
2026-10-07 11:42:04,329 WARNING urllib3.connectionpool: Connection pool is full, discarding connection: 127.0.0.1. Connection pool size: 16
2026-10-07 11:42:04,329 WARNING urllib3.connectionpool: Connection pool is full, discarding connection: 127.0.0.1. Connection pool size: 16
2026-10-07 11:42:04,330 WARNING urllib3.connectionpool: Connection pool is full, discarding connection: 127.0.0.1. Connection pool size: 16
2026-10-07 11:42:04,337 WARNING urllib3.connectionpool: Connection pool is full, discarding connection: 127.0.0.1. Connection pool size: 16
2026-10-07 11:42:04,349 WARNING urllib3.connectionpool: Connection pool is full, discarding connection: 127.0.0.1. Connection pool size: 16
2026-10-07 11:42:04,350 WARNING urllib3.connectionpool: Connection pool is full, discarding connection: 127.0.0.1. Connection pool size: 16
2026-10-07 11:42:04,351 WARNING urllib3.connectionpool: Connection pool is full, discarding connection: 127.0.0.1. Connection pool size: 16
2026-10-07 11:42:04,377 WARNING urllib3.connectionpool: Connection pool is full, discarding connection: 127.0.0.1. Connection pool size: 16
2026-10-07 11:42:04,378 WARNING urllib3.connectionpool: Connection pool is full, discarding connection: 127.0.0.1. Connection pool size: 16
2026-10-07 11:42:04,378 WARNING urllib3.connectionpool: Connection pool is full, discarding connection: 127.0.0.1. Connection pool size: 16
2026-10-07 11:42:04,391 WARNING urllib3.connectionpool: Connection pool is full, discarding connection: 127.0.0.1. Connection pool size: 16
2026-10-07 11:42:04,418 WARNING urllib3.connectionpool: Connection pool is full, discarding connection: 127.0.0.1. Connection pool size: 16
2026-10-07 11:42:04,419 WARNING urllib3.connectionpool: Connection pool is full, discarding connection: 127.0.0.1. Connection pool size: 16
2026-10-07 11:42:04,432 WARNING urllib3.connectionpool: Connection pool is full, discarding connection: 127.0.0.1. Connection pool size: 16
2026-10-07 11:42:04,432 WARNING urllib3.connectionpool: Connection pool is full, discarding connection: 127.0.0.1. Connection pool size: 16
2026-10-07 11:42:04,441 WARNING urllib3.connectionpool: Connection pool is full, discarding connection: 127.0.0.1. Connection pool size: 16
2026-10-07 11:42:04,441 WARNING urllib3.connectionpool: Connection pool is full, discarding connection: 127.0.0.1. Connection pool size: 16
2026-10-07 11:42:04,446 WARNING urllib3.connectionpool: Connection pool is full, discarding connection: 127.0.0.1. Connection pool size: 16
2026-10-07 11:42:04,452 WARNING urllib3.connectionpool: Connection pool is full, discarding connection: 127.0.0.1. Connection pool size: 16
2026-10-07 11:42:04,471 WARNING urllib3.connectionpool: Connection pool is full, discarding connection: 127.0.0.1. Connection pool size: 16
2026-10-07 11:42:04,471 WARNING urllib3.connectionpool: Connection pool is full, discarding connection: 127.0.0.1. Connection pool size: 16
2026-10-07 11:42:04,479 WARNING urllib3.connectionpool: Connection pool is full, discarding connection: 127.0.0.1. Connection pool size: 16
2026-10-07 11:42:04,483 WARNING urllib3.connectionpool: Connection pool is full, discarding connection: 127.0.0.1. Connection pool size: 16
2026-10-07 11:42:04,483 WARNING urllib3.connectionpool: Connection pool is full, discarding connection: 127.0.0.1. Connection pool size: 16
2026-10-07 11:42:04,484 WARNING urllib3.connectionpool: Connection pool is full, discarding connection: 127.0.0.1. Connection pool size: 16
2026-10-07 11:42:04,506 WARNING urllib3.connectionpool: Connection pool is full, discarding connection: 127.0.0.1. Connection pool size: 16
2026-10-07 11:42:04,518 WARNING urllib3.connectionpool: Connection pool is full, discarding connection: 127.0.0.1. Connection pool size: 16
2026-10-07 11:42:04,519 WARNING urllib3.connectionpool: Connection pool is full, discarding connection: 127.0.0.1. Connection pool size: 16
2026-10-07 11:42:04,523 WARNING urllib3.connectionpool: Connection pool is full, discarding connection: 127.0.0.1. Connection pool size: 16
2026-10-07 11:42:04,524 WARNING urllib3.connectionpool: Connection pool is full, discarding connection: 127.0.0.1. Connection pool size: 16
2026-10-07 11:42:04,538 WARNING urllib3.connectionpool: Connection pool is full, discarding connection: 127.0.0.1. Connection pool size: 16
2026-10-07 11:42:04,538 WARNING urllib3.connectionpool: Connection pool is full, discarding connection: 127.0.0.1. Connection pool size: 16
2026-10-07 11:42:04,542 WARNING urllib3.connectionpool: Connection pool is full, discarding connection: 127.0.0.1. Connection pool size: 16
2026-10-07 11:42:04,546 WARNING urllib3.connectionpool: Connection pool is full, discarding connection: 127.0.0.1. Connection pool size: 16
2026-10-07 11:42:04,551 WARNING urllib3.connectionpool: Connection pool is full, discarding connection: 127.0.0.1. Connection pool size: 16
2026-10-07 11:42:04,556 WARNING urllib3.connectionpool: Connection pool is full, discarding connection: 127.0.0.1. Connection pool size: 16
2026-10-07 11:42:04,556 WARNING urllib3.connectionpool: Connection pool is full, discarding connection: 127.0.0.1. Connection pool size: 16
2026-10-07 11:42:04,558 WARNING urllib3.connectionpool: Connection pool is full, discarding connection: 127.0.0.1. Connection pool size: 16
2026-10-07 11:42:04,558 WARNING urllib3.connectionpool: Connection pool is full, discarding connection: 127.0.0.1. Connection pool size: 16
2026-10-07 11:42:04,573 WARNING urllib3.connectionpool: Connection pool is full, discarding connection: 127.0.0.1. Connection pool size: 16
2026-10-07 11:42:04,574 WARNING urllib3.connectionpool: Connection pool is full, discarding connection: 127.0.0.1. Connection pool size: 16
2026-10-07 11:42:04,597 WARNING urllib3.connectionpool: Connection pool is full, discarding connection: 127.0.0.1. Connection pool size: 16
2026-10-07 11:42:04,608 WARNING urllib3.connectionpool: Connection pool is full, discarding connection: 127.0.0.1. Connection pool size: 16
2026-10-07 11:42:04,611 WARNING urllib3.connectionpool: Connection pool is full, discarding connection: 127.0.0.1. Connection pool size: 16
2026-10-07 11:42:04,618 WARNING urllib3.connectionpool: Connection pool is full, discarding connection: 127.0.0.1. Connection pool size: 16
2026-10-07 11:42:05,030 WARNING urllib3.connectionpool: Connection pool is full, discarding connection: 127.0.0.1. Connection pool size: 16
2026-10-07 11:42:05,041 WARNING urllib3.connectionpool: Connection pool is full, discarding connection: 127.0.0.1. Connection pool size: 16
2026-10-07 11:42:05,044 WARNING urllib3.connectionpool: Connection pool is full, discarding connection: 127.0.0.1. Connection pool size: 16
2026-10-07 11:42:05,048 WARNING urllib3.connectionpool: Connection pool is full, discarding connection: 127.0.0.1. Connection pool size: 16
2026-10-07 11:42:05,053 WARNING urllib3.connectionpool: Connection pool is full, discarding connection: 127.0.0.1. Connection pool size: 16
2026-10-07 11:42:05,063 WARNING urllib3.connectionpool: Connection pool is full, discarding connection: 127.0.0.1. Connection pool size: 16
2026-10-07 11:49:23,588 INFO server: PCB_Ins v2 后台服务启动: http://127.0.0.1:8022
2026-10-07 11:49:24,934 INFO app.core.task_queue: [taskq] 检测任务队列已启动（2 worker）
2026-10-07 11:50:29,038 WARNING urllib3.connectionpool: Connection pool is full, discarding connection: 127.0.0.1. Connection pool size: 16
2026-10-07 11:50:29,045 WARNING urllib3.connectionpool: Connection pool is full, discarding connection: 127.0.0.1. Connection pool size: 16
2026-10-07 11:50:29,062 WARNING urllib3.connectionpool: Connection pool is full, discarding connection: 127.0.0.1. Connection pool size: 16
2026-10-07 11:50:29,067 WARNING urllib3.connectionpool: Connection pool is full, discarding connection: 127.0.0.1. Connection pool size: 16
2026-10-07 11:50:29,069 WARNING urllib3.connectionpool: Connection pool is full, discarding connection: 127.0.0.1. Connection pool size: 16
2026-10-07 11:50:29,093 WARNING urllib3.connectionpool: Connection pool is full, discarding connection: 127.0.0.1. Connection pool size: 16
2026-10-07 11:50:29,102 WARNING urllib3.connectionpool: Connection pool is full, discarding connection: 127.0.0.1. Connection pool size: 16
2026-10-07 11:50:29,103 WARNING urllib3.connectionpool: Connection pool is full, discarding connection: 127.0.0.1. Connection pool size: 16
2026-10-07 11:50:29,118 WARNING urllib3.connectionpool: Connection pool is full, discarding connection: 127.0.0.1. Connection pool size: 16
2026-10-07 11:50:29,141 WARNING urllib3.connectionpool: Connection pool is full, discarding connection: 127.0.0.1. Connection pool size: 16
2026-10-07 11:50:29,153 WARNING urllib3.connectionpool: Connection pool is full, discarding connection: 127.0.0.1. Connection pool size: 16
2026-10-07 11:50:29,159 WARNING urllib3.connectionpool: Connection pool is full, discarding connection: 127.0.0.1. Connection pool size: 16
2026-10-07 11:50:29,161 WARNING urllib3.connectionpool: Connection pool is full, discarding connection: 127.0.0.1. Connection pool size: 16
2026-10-07 11:50:29,170 WARNING urllib3.connectionpool: Connection pool is full, discarding connection: 127.0.0.1. Connection pool size: 16
2026-10-07 11:50:29,170 WARNING urllib3.connectionpool: Connection pool is full, discarding connection: 127.0.0.1. Connection pool size: 16
2026-10-07 11:50:29,188 WARNING urllib3.connectionpool: Connection pool is full, discarding connection: 127.0.0.1. Connection pool size: 16
2026-10-07 11:50:29,208 WARNING urllib3.connectionpool: Connection pool is full, discarding connection: 127.0.0.1. Connection pool size: 16
2026-10-07 11:50:29,210 WARNING urllib3.connectionpool: Connection pool is full, discarding connection: 127.0.0.1. Connection pool size: 16
2026-10-07 11:50:29,210 WARNING urllib3.connectionpool: Connection pool is full, discarding connection: 127.0.0.1. Connection pool size: 16
2026-10-07 11:50:29,238 WARNING urllib3.connectionpool: Connection pool is full, discarding connection: 127.0.0.1. Connection pool size: 16
2026-10-07 11:50:29,249 WARNING urllib3.connectionpool: Connection pool is full, discarding connection: 127.0.0.1. Connection pool size: 16
2026-10-07 11:50:29,258 WARNING urllib3.connectionpool: Connection pool is full, discarding connection: 127.0.0.1. Connection pool size: 16
2026-10-07 11:50:29,280 WARNING urllib3.connectionpool: Connection pool is full, discarding connection: 127.0.0.1. Connection pool size: 16
2026-10-07 11:50:29,280 WARNING urllib3.connectionpool: Connection pool is full, discarding connection: 127.0.0.1. Connection pool size: 16
2026-10-07 11:50:29,288 WARNING urllib3.connectionpool: Connection pool is full, discarding connection: 127.0.0.1. Connection pool size: 16
2026-10-07 11:50:29,288 WARNING urllib3.connectionpool: Connection pool is full, discarding connection: 127.0.0.1. Connection pool size: 16
2026-10-07 11:50:29,296 WARNING urllib3.connectionpool: Connection pool is full, discarding connection: 127.0.0.1. Connection pool size: 16
2026-10-07 11:50:29,296 WARNING urllib3.connectionpool: Connection pool is full, discarding connection: 127.0.0.1. Connection pool size: 16
2026-10-07 11:50:29,297 WARNING urllib3.connectionpool: Connection pool is full, discarding connection: 127.0.0.1. Connection pool size: 16
2026-10-07 11:50:29,300 WARNING urllib3.connectionpool: Connection pool is full, discarding connection: 127.0.0.1. Connection pool size: 16
2026-10-07 11:50:29,303 WARNING urllib3.connectionpool: Connection pool is full, discarding connection: 127.0.0.1. Connection pool size: 16
2026-10-07 11:50:29,320 WARNING urllib3.connectionpool: Connection pool is full, discarding connection: 127.0.0.1. Connection pool size: 16
2026-10-07 11:50:29,328 WARNING urllib3.connectionpool: Connection pool is full, discarding connection: 127.0.0.1. Connection pool size: 16
2026-10-07 11:50:29,329 WARNING urllib3.connectionpool: Connection pool is full, discarding connection: 127.0.0.1. Connection pool size: 16
2026-10-07 11:50:29,329 WARNING urllib3.connectionpool: Connection pool is full, discarding connection: 127.0.0.1. Connection pool size: 16
2026-10-07 11:50:29,338 WARNING urllib3.connectionpool: Connection pool is full, discarding connection: 127.0.0.1. Connection pool size: 16
2026-10-07 11:50:29,361 WARNING urllib3.connectionpool: Connection pool is full, discarding connection: 127.0.0.1. Connection pool size: 16
2026-10-07 11:50:29,387 WARNING urllib3.connectionpool: Connection pool is full, discarding connection: 127.0.0.1. Connection pool size: 16
2026-10-07 11:50:29,390 WARNING urllib3.connectionpool: Connection pool is full, discarding connection: 127.0.0.1. Connection pool size: 16
2026-10-07 11:50:29,414 WARNING urllib3.connectionpool: Connection pool is full, discarding connection: 127.0.0.1. Connection pool size: 16
2026-10-07 11:50:29,414 WARNING urllib3.connectionpool: Connection pool is full, discarding connection: 127.0.0.1. Connection pool size: 16
2026-10-07 11:50:29,415 WARNING urllib3.connectionpool: Connection pool is full, discarding connection: 127.0.0.1. Connection pool size: 16
2026-10-07 11:50:29,415 WARNING urllib3.connectionpool: Connection pool is full, discarding connection: 127.0.0.1. Connection pool size: 16
2026-10-07 11:50:29,433 WARNING urllib3.connectionpool: Connection pool is full, discarding connection: 127.0.0.1. Connection pool size: 16
2026-10-07 11:50:29,433 WARNING urllib3.connectionpool: Connection pool is full, discarding connection: 127.0.0.1. Connection pool size: 16
2026-10-07 11:50:29,466 WARNING urllib3.connectionpool: Connection pool is full, discarding connection: 127.0.0.1. Connection pool size: 16
2026-10-07 11:50:29,475 WARNING urllib3.connectionpool: Connection pool is full, discarding connection: 127.0.0.1. Connection pool size: 16
2026-10-07 11:50:29,475 WARNING urllib3.connectionpool: Connection pool is full, discarding connection: 127.0.0.1. Connection pool size: 16
2026-10-07 11:50:29,484 WARNING urllib3.connectionpool: Connection pool is full, discarding connection: 127.0.0.1. Connection pool size: 16
2026-10-07 11:50:29,493 WARNING urllib3.connectionpool: Connection pool is full, discarding connection: 127.0.0.1. Connection pool size: 16
2026-10-07 11:50:29,514 WARNING urllib3.connectionpool: Connection pool is full, discarding connection: 127.0.0.1. Connection pool size: 16
2026-10-07 11:50:29,514 WARNING urllib3.connectionpool: Connection pool is full, discarding connection: 127.0.0.1. Connection pool size: 16
2026-10-07 11:50:29,515 WARNING urllib3.connectionpool: Connection pool is full, discarding connection: 127.0.0.1. Connection pool size: 16
2026-10-07 11:50:29,522 WARNING urllib3.connectionpool: Connection pool is full, discarding connection: 127.0.0.1. Connection pool size: 16
2026-10-07 11:50:29,529 WARNING urllib3.connectionpool: Connection pool is full, discarding connection: 127.0.0.1. Connection pool size: 16
2026-10-07 11:50:29,543 WARNING urllib3.connectionpool: Connection pool is full, discarding connection: 127.0.0.1. Connection pool size: 16
2026-10-07 11:50:29,549 WARNING urllib3.connectionpool: Connection pool is full, discarding connection: 127.0.0.1. Connection pool size: 16
2026-10-07 11:50:29,550 WARNING urllib3.connectionpool: Connection pool is full, discarding connection: 127.0.0.1. Connection pool size: 16
2026-10-07 11:50:29,552 WARNING urllib3.connectionpool: Connection pool is full, discarding connection: 127.0.0.1. Connection pool size: 16
2026-10-07 11:50:29,565 WARNING urllib3.connectionpool: Connection pool is full, discarding connection: 127.0.0.1. Connection pool size: 16
2026-10-07 11:50:29,593 WARNING urllib3.connectionpool: Connection pool is full, discarding connection: 127.0.0.1. Connection pool size: 16
2026-10-07 11:50:29,594 WARNING urllib3.connectionpool: Connection pool is full, discarding connection: 127.0.0.1. Connection pool size: 16
2026-10-07 11:50:29,600 WARNING urllib3.connectionpool: Connection pool is full, discarding connection: 127.0.0.1. Connection pool size: 16
2026-10-07 11:50:29,625 WARNING urllib3.connectionpool: Connection pool is full, discarding connection: 127.0.0.1. Connection pool size: 16
2026-10-07 11:50:29,625 WARNING urllib3.connectionpool: Connection pool is full, discarding connection: 127.0.0.1. Connection pool size: 16
2026-10-07 11:50:29,632 WARNING urllib3.connectionpool: Connection pool is full, discarding connection: 127.0.0.1. Connection pool size: 16
2026-10-07 11:50:29,633 WARNING urllib3.connectionpool: Connection pool is full, discarding connection: 127.0.0.1. Connection pool size: 16
2026-10-07 11:50:29,647 WARNING urllib3.connectionpool: Connection pool is full, discarding connection: 127.0.0.1. Connection pool size: 16
2026-10-07 11:50:29,653 WARNING urllib3.connectionpool: Connection pool is full, discarding connection: 127.0.0.1. Connection pool size: 16
2026-10-07 11:50:29,662 WARNING urllib3.connectionpool: Connection pool is full, discarding connection: 127.0.0.1. Connection pool size: 16
2026-10-07 11:50:29,667 WARNING urllib3.connectionpool: Connection pool is full, discarding connection: 127.0.0.1. Connection pool size: 16
2026-10-07 11:50:29,670 WARNING urllib3.connectionpool: Connection pool is full, discarding connection: 127.0.0.1. Connection pool size: 16
2026-10-07 11:50:29,671 WARNING urllib3.connectionpool: Connection pool is full, discarding connection: 127.0.0.1. Connection pool size: 16
2026-10-07 11:50:29,673 WARNING urllib3.connectionpool: Connection pool is full, discarding connection: 127.0.0.1. Connection pool size: 16
2026-10-07 11:50:29,677 WARNING urllib3.connectionpool: Connection pool is full, discarding connection: 127.0.0.1. Connection pool size: 16
2026-10-07 11:50:29,685 WARNING urllib3.connectionpool: Connection pool is full, discarding connection: 127.0.0.1. Connection pool size: 16
2026-10-07 11:50:29,690 WARNING urllib3.connectionpool: Connection pool is full, discarding connection: 127.0.0.1. Connection pool size: 16
2026-10-07 11:50:29,691 WARNING urllib3.connectionpool: Connection pool is full, discarding connection: 127.0.0.1. Connection pool size: 16
2026-10-07 11:50:29,696 WARNING urllib3.connectionpool: Connection pool is full, discarding connection: 127.0.0.1. Connection pool size: 15
2026-10-07 11:50:29,708 WARNING urllib3.connectionpool: Connection pool is full, discarding connection: 127.0.0.1. Connection pool size: 16
2026-10-07 11:50:29,714 WARNING urllib3.connectionpool: Connection pool is full, discarding connection: 127.0.0.1. Connection pool size: 16
2026-10-07 11:50:29,723 WARNING urllib3.connectionpool: Connection pool is full, discarding connection: 127.0.0.1. Connection pool size: 16
2026-10-07 11:50:29,728 WARNING urllib3.connectionpool: Connection pool is full, discarding connection: 127.0.0.1. Connection pool size: 16
2026-10-07 11:50:29,954 WARNING urllib3.connectionpool: Connection pool is full, discarding connection: 127.0.0.1. Connection pool size: 16
2026-10-07 11:50:30,101 WARNING urllib3.connectionpool: Connection pool is full, discarding connection: 127.0.0.1. Connection pool size: 16
2026-10-07 11:50:30,104 WARNING urllib3.connectionpool: Connection pool is full, discarding connection: 127.0.0.1. Connection pool size: 16
2026-10-07 11:50:30,119 WARNING urllib3.connectionpool: Connection pool is full, discarding connection: 127.0.0.1. Connection pool size: 16
2026-10-07 11:50:30,121 WARNING urllib3.connectionpool: Connection pool is full, discarding connection: 127.0.0.1. Connection pool size: 16
2026-10-07 11:50:30,121 WARNING urllib3.connectionpool: Connection pool is full, discarding connection: 127.0.0.1. Connection pool size: 16
2026-10-07 11:50:30,131 WARNING urllib3.connectionpool: Connection pool is full, discarding connection: 127.0.0.1. Connection pool size: 16
2026-10-07 11:52:57,440 INFO server: PCB_Ins v2 后台服务启动: http://127.0.0.1:8022
2026-10-07 11:52:58,794 INFO app.core.task_queue: [taskq] 检测任务队列已启动（2 worker）
2026-10-07 11:54:02,825 WARNING urllib3.connectionpool: Connection pool is full, discarding connection: 127.0.0.1. Connection pool size: 16
2026-10-07 11:54:02,837 WARNING urllib3.connectionpool: Connection pool is full, discarding connection: 127.0.0.1. Connection pool size: 16
2026-10-07 11:54:02,854 WARNING urllib3.connectionpool: Connection pool is full, discarding connection: 127.0.0.1. Connection pool size: 16
2026-10-07 11:54:02,862 WARNING urllib3.connectionpool: Connection pool is full, discarding connection: 127.0.0.1. Connection pool size: 16
2026-10-07 11:54:02,863 WARNING urllib3.connectionpool: Connection pool is full, discarding connection: 127.0.0.1. Connection pool size: 16
2026-10-07 11:54:02,870 WARNING urllib3.connectionpool: Connection pool is full, discarding connection: 127.0.0.1. Connection pool size: 16
2026-10-07 11:54:02,880 WARNING urllib3.connectionpool: Connection pool is full, discarding connection: 127.0.0.1. Connection pool size: 16
2026-10-07 11:54:02,905 WARNING urllib3.connectionpool: Connection pool is full, discarding connection: 127.0.0.1. Connection pool size: 16
2026-10-07 11:54:02,919 WARNING urllib3.connectionpool: Connection pool is full, discarding connection: 127.0.0.1. Connection pool size: 16
2026-10-07 11:54:02,948 WARNING urllib3.connectionpool: Connection pool is full, discarding connection: 127.0.0.1. Connection pool size: 16
2026-10-07 11:54:02,963 WARNING urllib3.connectionpool: Connection pool is full, discarding connection: 127.0.0.1. Connection pool size: 16
2026-10-07 11:54:02,984 WARNING urllib3.connectionpool: Connection pool is full, discarding connection: 127.0.0.1. Connection pool size: 16
2026-10-07 11:54:02,984 WARNING urllib3.connectionpool: Connection pool is full, discarding connection: 127.0.0.1. Connection pool size: 16
2026-10-07 11:54:02,985 WARNING urllib3.connectionpool: Connection pool is full, discarding connection: 127.0.0.1. Connection pool size: 16
2026-10-07 11:54:02,987 WARNING urllib3.connectionpool: Connection pool is full, discarding connection: 127.0.0.1. Connection pool size: 16
2026-10-07 11:54:03,014 WARNING urllib3.connectionpool: Connection pool is full, discarding connection: 127.0.0.1. Connection pool size: 16
2026-10-07 11:54:03,025 WARNING urllib3.connectionpool: Connection pool is full, discarding connection: 127.0.0.1. Connection pool size: 16
2026-10-07 11:54:03,026 WARNING urllib3.connectionpool: Connection pool is full, discarding connection: 127.0.0.1. Connection pool size: 16
2026-10-07 11:54:03,026 WARNING urllib3.connectionpool: Connection pool is full, discarding connection: 127.0.0.1. Connection pool size: 16
2026-10-07 11:54:03,033 WARNING urllib3.connectionpool: Connection pool is full, discarding connection: 127.0.0.1. Connection pool size: 16
2026-10-07 11:54:03,033 WARNING urllib3.connectionpool: Connection pool is full, discarding connection: 127.0.0.1. Connection pool size: 16
2026-10-07 11:54:03,046 WARNING urllib3.connectionpool: Connection pool is full, discarding connection: 127.0.0.1. Connection pool size: 16
2026-10-07 11:54:03,059 WARNING urllib3.connectionpool: Connection pool is full, discarding connection: 127.0.0.1. Connection pool size: 16
2026-10-07 11:54:03,072 WARNING urllib3.connectionpool: Connection pool is full, discarding connection: 127.0.0.1. Connection pool size: 16
2026-10-07 11:54:03,074 WARNING urllib3.connectionpool: Connection pool is full, discarding connection: 127.0.0.1. Connection pool size: 16
2026-10-07 11:54:03,082 WARNING urllib3.connectionpool: Connection pool is full, discarding connection: 127.0.0.1. Connection pool size: 16
2026-10-07 11:54:03,094 WARNING urllib3.connectionpool: Connection pool is full, discarding connection: 127.0.0.1. Connection pool size: 16
2026-10-07 11:54:03,101 WARNING urllib3.connectionpool: Connection pool is full, discarding connection: 127.0.0.1. Connection pool size: 16
2026-10-07 11:54:03,105 WARNING urllib3.connectionpool: Connection pool is full, discarding connection: 127.0.0.1. Connection pool size: 16
2026-10-07 11:54:03,105 WARNING urllib3.connectionpool: Connection pool is full, discarding connection: 127.0.0.1. Connection pool size: 16
2026-10-07 11:54:03,134 WARNING urllib3.connectionpool: Connection pool is full, discarding connection: 127.0.0.1. Connection pool size: 16
2026-10-07 11:54:03,144 WARNING urllib3.connectionpool: Connection pool is full, discarding connection: 127.0.0.1. Connection pool size: 16
2026-10-07 11:54:03,145 WARNING urllib3.connectionpool: Connection pool is full, discarding connection: 127.0.0.1. Connection pool size: 16
2026-10-07 11:54:03,145 WARNING urllib3.connectionpool: Connection pool is full, discarding connection: 127.0.0.1. Connection pool size: 16
2026-10-07 11:54:03,174 WARNING urllib3.connectionpool: Connection pool is full, discarding connection: 127.0.0.1. Connection pool size: 16
2026-10-07 11:54:03,191 WARNING urllib3.connectionpool: Connection pool is full, discarding connection: 127.0.0.1. Connection pool size: 16
2026-10-07 11:54:03,192 WARNING urllib3.connectionpool: Connection pool is full, discarding connection: 127.0.0.1. Connection pool size: 16
2026-10-07 11:54:03,198 WARNING urllib3.connectionpool: Connection pool is full, discarding connection: 127.0.0.1. Connection pool size: 16
2026-10-07 11:54:03,204 WARNING urllib3.connectionpool: Connection pool is full, discarding connection: 127.0.0.1. Connection pool size: 16
2026-10-07 11:54:03,204 WARNING urllib3.connectionpool: Connection pool is full, discarding connection: 127.0.0.1. Connection pool size: 16
2026-10-07 11:54:03,229 WARNING urllib3.connectionpool: Connection pool is full, discarding connection: 127.0.0.1. Connection pool size: 16
2026-10-07 11:54:03,232 WARNING urllib3.connectionpool: Connection pool is full, discarding connection: 127.0.0.1. Connection pool size: 16
2026-10-07 11:54:03,237 WARNING urllib3.connectionpool: Connection pool is full, discarding connection: 127.0.0.1. Connection pool size: 16
2026-10-07 11:54:03,244 WARNING urllib3.connectionpool: Connection pool is full, discarding connection: 127.0.0.1. Connection pool size: 16
2026-10-07 11:54:03,247 WARNING urllib3.connectionpool: Connection pool is full, discarding connection: 127.0.0.1. Connection pool size: 16
2026-10-07 11:54:03,252 WARNING urllib3.connectionpool: Connection pool is full, discarding connection: 127.0.0.1. Connection pool size: 16
2026-10-07 11:54:03,260 WARNING urllib3.connectionpool: Connection pool is full, discarding connection: 127.0.0.1. Connection pool size: 16
2026-10-07 11:54:03,276 WARNING urllib3.connectionpool: Connection pool is full, discarding connection: 127.0.0.1. Connection pool size: 16
2026-10-07 11:54:03,287 WARNING urllib3.connectionpool: Connection pool is full, discarding connection: 127.0.0.1. Connection pool size: 16
2026-10-07 11:54:03,299 WARNING urllib3.connectionpool: Connection pool is full, discarding connection: 127.0.0.1. Connection pool size: 16
2026-10-07 11:54:03,306 WARNING urllib3.connectionpool: Connection pool is full, discarding connection: 127.0.0.1. Connection pool size: 16
2026-10-07 11:54:03,316 WARNING urllib3.connectionpool: Connection pool is full, discarding connection: 127.0.0.1. Connection pool size: 16
2026-10-07 11:54:03,324 WARNING urllib3.connectionpool: Connection pool is full, discarding connection: 127.0.0.1. Connection pool size: 16
2026-10-07 11:54:03,332 WARNING urllib3.connectionpool: Connection pool is full, discarding connection: 127.0.0.1. Connection pool size: 16
2026-10-07 11:54:03,333 WARNING urllib3.connectionpool: Connection pool is full, discarding connection: 127.0.0.1. Connection pool size: 16
2026-10-07 11:54:03,339 WARNING urllib3.connectionpool: Connection pool is full, discarding connection: 127.0.0.1. Connection pool size: 16
2026-10-07 11:54:03,340 WARNING urllib3.connectionpool: Connection pool is full, discarding connection: 127.0.0.1. Connection pool size: 16
2026-10-07 11:54:03,345 WARNING urllib3.connectionpool: Connection pool is full, discarding connection: 127.0.0.1. Connection pool size: 16
2026-10-07 11:54:03,347 WARNING urllib3.connectionpool: Connection pool is full, discarding connection: 127.0.0.1. Connection pool size: 16
2026-10-07 11:54:03,367 WARNING urllib3.connectionpool: Connection pool is full, discarding connection: 127.0.0.1. Connection pool size: 16
2026-10-07 11:54:03,373 WARNING urllib3.connectionpool: Connection pool is full, discarding connection: 127.0.0.1. Connection pool size: 16
2026-10-07 11:54:03,387 WARNING urllib3.connectionpool: Connection pool is full, discarding connection: 127.0.0.1. Connection pool size: 16
2026-10-07 11:54:03,391 WARNING urllib3.connectionpool: Connection pool is full, discarding connection: 127.0.0.1. Connection pool size: 16
2026-10-07 11:54:03,396 WARNING urllib3.connectionpool: Connection pool is full, discarding connection: 127.0.0.1. Connection pool size: 16
2026-10-07 11:54:03,400 WARNING urllib3.connectionpool: Connection pool is full, discarding connection: 127.0.0.1. Connection pool size: 16
2026-10-07 11:54:03,400 WARNING urllib3.connectionpool: Connection pool is full, discarding connection: 127.0.0.1. Connection pool size: 16
2026-10-07 11:54:03,413 WARNING urllib3.connectionpool: Connection pool is full, discarding connection: 127.0.0.1. Connection pool size: 16
2026-10-07 11:54:03,433 WARNING urllib3.connectionpool: Connection pool is full, discarding connection: 127.0.0.1. Connection pool size: 16
2026-10-07 11:54:03,440 WARNING urllib3.connectionpool: Connection pool is full, discarding connection: 127.0.0.1. Connection pool size: 16
2026-10-07 11:54:03,459 WARNING urllib3.connectionpool: Connection pool is full, discarding connection: 127.0.0.1. Connection pool size: 16
2026-10-07 11:54:03,461 WARNING urllib3.connectionpool: Connection pool is full, discarding connection: 127.0.0.1. Connection pool size: 16
2026-10-07 11:54:03,468 WARNING urllib3.connectionpool: Connection pool is full, discarding connection: 127.0.0.1. Connection pool size: 16
2026-10-07 11:54:03,470 WARNING urllib3.connectionpool: Connection pool is full, discarding connection: 127.0.0.1. Connection pool size: 16
2026-10-07 11:54:03,486 WARNING urllib3.connectionpool: Connection pool is full, discarding connection: 127.0.0.1. Connection pool size: 16
2026-10-07 11:54:03,486 WARNING urllib3.connectionpool: Connection pool is full, discarding connection: 127.0.0.1. Connection pool size: 16
2026-10-07 11:54:03,491 WARNING urllib3.connectionpool: Connection pool is full, discarding connection: 127.0.0.1. Connection pool size: 16
2026-10-07 11:54:03,491 WARNING urllib3.connectionpool: Connection pool is full, discarding connection: 127.0.0.1. Connection pool size: 16
2026-10-07 11:54:03,496 WARNING urllib3.connectionpool: Connection pool is full, discarding connection: 127.0.0.1. Connection pool size: 16
2026-10-07 11:54:03,503 WARNING urllib3.connectionpool: Connection pool is full, discarding connection: 127.0.0.1. Connection pool size: 16
2026-10-07 11:54:03,505 WARNING urllib3.connectionpool: Connection pool is full, discarding connection: 127.0.0.1. Connection pool size: 16
2026-10-07 11:54:03,510 WARNING urllib3.connectionpool: Connection pool is full, discarding connection: 127.0.0.1. Connection pool size: 16
2026-10-07 11:54:03,511 WARNING urllib3.connectionpool: Connection pool is full, discarding connection: 127.0.0.1. Connection pool size: 16
2026-10-07 11:54:03,524 WARNING urllib3.connectionpool: Connection pool is full, discarding connection: 127.0.0.1. Connection pool size: 16
2026-10-07 11:54:03,525 WARNING urllib3.connectionpool: Connection pool is full, discarding connection: 127.0.0.1. Connection pool size: 16
2026-10-07 11:54:03,538 WARNING urllib3.connectionpool: Connection pool is full, discarding connection: 127.0.0.1. Connection pool size: 16
2026-10-07 11:54:03,549 WARNING urllib3.connectionpool: Connection pool is full, discarding connection: 127.0.0.1. Connection pool size: 16
2026-10-07 11:54:03,971 WARNING urllib3.connectionpool: Connection pool is full, discarding connection: 127.0.0.1. Connection pool size: 16
2026-10-07 11:54:03,989 WARNING urllib3.connectionpool: Connection pool is full, discarding connection: 127.0.0.1. Connection pool size: 16
2026-10-07 11:54:03,994 WARNING urllib3.connectionpool: Connection pool is full, discarding connection: 127.0.0.1. Connection pool size: 16
2026-10-07 11:54:04,002 WARNING urllib3.connectionpool: Connection pool is full, discarding connection: 127.0.0.1. Connection pool size: 16
2026-10-07 11:54:04,004 WARNING urllib3.connectionpool: Connection pool is full, discarding connection: 127.0.0.1. Connection pool size: 16
2026-10-07 11:54:04,009 WARNING urllib3.connectionpool: Connection pool is full, discarding connection: 127.0.0.1. Connection pool size: 16
2026-10-07 11:56:32,719 INFO server: PCB_Ins v2 后台服务启动: http://127.0.0.1:8022
2026-10-07 11:56:34,077 INFO app.core.task_queue: [taskq] 检测任务队列已启动（2 worker）
2026-10-07 11:57:38,184 WARNING urllib3.connectionpool: Connection pool is full, discarding connection: 127.0.0.1. Connection pool size: 16
2026-10-07 11:57:38,198 WARNING urllib3.connectionpool: Connection pool is full, discarding connection: 127.0.0.1. Connection pool size: 16
2026-10-07 11:57:38,198 WARNING urllib3.connectionpool: Connection pool is full, discarding connection: 127.0.0.1. Connection pool size: 16
2026-10-07 11:57:38,199 WARNING urllib3.connectionpool: Connection pool is full, discarding connection: 127.0.0.1. Connection pool size: 16
2026-10-07 11:57:38,199 WARNING urllib3.connectionpool: Connection pool is full, discarding connection: 127.0.0.1. Connection pool size: 16
2026-10-07 11:57:38,210 WARNING urllib3.connectionpool: Connection pool is full, discarding connection: 127.0.0.1. Connection pool size: 16
2026-10-07 11:57:38,210 WARNING urllib3.connectionpool: Connection pool is full, discarding connection: 127.0.0.1. Connection pool size: 16
2026-10-07 11:57:38,232 WARNING urllib3.connectionpool: Connection pool is full, discarding connection: 127.0.0.1. Connection pool size: 16
2026-10-07 11:57:38,238 WARNING urllib3.connectionpool: Connection pool is full, discarding connection: 127.0.0.1. Connection pool size: 16
2026-10-07 11:57:38,273 WARNING urllib3.connectionpool: Connection pool is full, discarding connection: 127.0.0.1. Connection pool size: 16
2026-10-07 11:57:38,274 WARNING urllib3.connectionpool: Connection pool is full, discarding connection: 127.0.0.1. Connection pool size: 16
2026-10-07 11:57:38,274 WARNING urllib3.connectionpool: Connection pool is full, discarding connection: 127.0.0.1. Connection pool size: 16
2026-10-07 11:57:38,285 WARNING urllib3.connectionpool: Connection pool is full, discarding connection: 127.0.0.1. Connection pool size: 16
2026-10-07 11:57:38,295 WARNING urllib3.connectionpool: Connection pool is full, discarding connection: 127.0.0.1. Connection pool size: 16
2026-10-07 11:57:38,296 WARNING urllib3.connectionpool: Connection pool is full, discarding connection: 127.0.0.1. Connection pool size: 16
2026-10-07 11:57:38,305 WARNING urllib3.connectionpool: Connection pool is full, discarding connection: 127.0.0.1. Connection pool size: 16
2026-10-07 11:57:38,305 WARNING urllib3.connectionpool: Connection pool is full, discarding connection: 127.0.0.1. Connection pool size: 16
2026-10-07 11:57:38,322 WARNING urllib3.connectionpool: Connection pool is full, discarding connection: 127.0.0.1. Connection pool size: 16
2026-10-07 11:57:38,324 WARNING urllib3.connectionpool: Connection pool is full, discarding connection: 127.0.0.1. Connection pool size: 16
2026-10-07 11:57:38,371 WARNING urllib3.connectionpool: Connection pool is full, discarding connection: 127.0.0.1. Connection pool size: 16
2026-10-07 11:57:38,371 WARNING urllib3.connectionpool: Connection pool is full, discarding connection: 127.0.0.1. Connection pool size: 16
2026-10-07 11:57:38,372 WARNING urllib3.connectionpool: Connection pool is full, discarding connection: 127.0.0.1. Connection pool size: 16
2026-10-07 11:57:38,394 WARNING urllib3.connectionpool: Connection pool is full, discarding connection: 127.0.0.1. Connection pool size: 16
2026-10-07 11:57:38,412 WARNING urllib3.connectionpool: Connection pool is full, discarding connection: 127.0.0.1. Connection pool size: 16
2026-10-07 11:57:38,413 WARNING urllib3.connectionpool: Connection pool is full, discarding connection: 127.0.0.1. Connection pool size: 16
2026-10-07 11:57:38,414 WARNING urllib3.connectionpool: Connection pool is full, discarding connection: 127.0.0.1. Connection pool size: 16
2026-10-07 11:57:38,420 WARNING urllib3.connectionpool: Connection pool is full, discarding connection: 127.0.0.1. Connection pool size: 16
2026-10-07 11:57:38,437 WARNING urllib3.connectionpool: Connection pool is full, discarding connection: 127.0.0.1. Connection pool size: 16
2026-10-07 11:57:38,439 WARNING urllib3.connectionpool: Connection pool is full, discarding connection: 127.0.0.1. Connection pool size: 16
2026-10-07 11:57:38,446 WARNING urllib3.connectionpool: Connection pool is full, discarding connection: 127.0.0.1. Connection pool size: 16
2026-10-07 11:57:38,452 WARNING urllib3.connectionpool: Connection pool is full, discarding connection: 127.0.0.1. Connection pool size: 16
2026-10-07 11:57:38,455 WARNING urllib3.connectionpool: Connection pool is full, discarding connection: 127.0.0.1. Connection pool size: 16
2026-10-07 11:57:38,467 WARNING urllib3.connectionpool: Connection pool is full, discarding connection: 127.0.0.1. Connection pool size: 16
2026-10-07 11:57:38,468 WARNING urllib3.connectionpool: Connection pool is full, discarding connection: 127.0.0.1. Connection pool size: 16
2026-10-07 11:57:38,474 WARNING urllib3.connectionpool: Connection pool is full, discarding connection: 127.0.0.1. Connection pool size: 16
2026-10-07 11:57:38,482 WARNING urllib3.connectionpool: Connection pool is full, discarding connection: 127.0.0.1. Connection pool size: 16
2026-10-07 11:57:38,500 WARNING urllib3.connectionpool: Connection pool is full, discarding connection: 127.0.0.1. Connection pool size: 16
2026-10-07 11:57:38,500 WARNING urllib3.connectionpool: Connection pool is full, discarding connection: 127.0.0.1. Connection pool size: 16
2026-10-07 11:57:38,500 WARNING urllib3.connectionpool: Connection pool is full, discarding connection: 127.0.0.1. Connection pool size: 16
2026-10-07 11:57:38,505 WARNING urllib3.connectionpool: Connection pool is full, discarding connection: 127.0.0.1. Connection pool size: 16
2026-10-07 11:57:38,532 WARNING urllib3.connectionpool: Connection pool is full, discarding connection: 127.0.0.1. Connection pool size: 16
2026-10-07 11:57:38,537 WARNING urllib3.connectionpool: Connection pool is full, discarding connection: 127.0.0.1. Connection pool size: 16
2026-10-07 11:57:38,545 WARNING urllib3.connectionpool: Connection pool is full, discarding connection: 127.0.0.1. Connection pool size: 16
2026-10-07 11:57:38,568 WARNING urllib3.connectionpool: Connection pool is full, discarding connection: 127.0.0.1. Connection pool size: 16
2026-10-07 11:57:38,575 WARNING urllib3.connectionpool: Connection pool is full, discarding connection: 127.0.0.1. Connection pool size: 16
2026-10-07 11:57:38,575 WARNING urllib3.connectionpool: Connection pool is full, discarding connection: 127.0.0.1. Connection pool size: 16
2026-10-07 11:57:38,575 WARNING urllib3.connectionpool: Connection pool is full, discarding connection: 127.0.0.1. Connection pool size: 16
2026-10-07 11:57:38,622 WARNING urllib3.connectionpool: Connection pool is full, discarding connection: 127.0.0.1. Connection pool size: 16
2026-10-07 11:57:38,636 WARNING urllib3.connectionpool: Connection pool is full, discarding connection: 127.0.0.1. Connection pool size: 16
2026-10-07 11:57:38,641 WARNING urllib3.connectionpool: Connection pool is full, discarding connection: 127.0.0.1. Connection pool size: 16
2026-10-07 11:57:38,647 WARNING urllib3.connectionpool: Connection pool is full, discarding connection: 127.0.0.1. Connection pool size: 16
2026-10-07 11:57:38,675 WARNING urllib3.connectionpool: Connection pool is full, discarding connection: 127.0.0.1. Connection pool size: 16
2026-10-07 11:57:38,683 WARNING urllib3.connectionpool: Connection pool is full, discarding connection: 127.0.0.1. Connection pool size: 16
2026-10-07 11:57:38,685 WARNING urllib3.connectionpool: Connection pool is full, discarding connection: 127.0.0.1. Connection pool size: 16
2026-10-07 11:57:38,686 WARNING urllib3.connectionpool: Connection pool is full, discarding connection: 127.0.0.1. Connection pool size: 16
2026-10-07 11:57:38,693 WARNING urllib3.connectionpool: Connection pool is full, discarding connection: 127.0.0.1. Connection pool size: 16
2026-10-07 11:57:38,698 WARNING urllib3.connectionpool: Connection pool is full, discarding connection: 127.0.0.1. Connection pool size: 16
2026-10-07 11:57:38,698 WARNING urllib3.connectionpool: Connection pool is full, discarding connection: 127.0.0.1. Connection pool size: 16
2026-10-07 11:57:38,714 WARNING urllib3.connectionpool: Connection pool is full, discarding connection: 127.0.0.1. Connection pool size: 16
2026-10-07 11:57:38,725 WARNING urllib3.connectionpool: Connection pool is full, discarding connection: 127.0.0.1. Connection pool size: 16
2026-10-07 11:57:38,726 WARNING urllib3.connectionpool: Connection pool is full, discarding connection: 127.0.0.1. Connection pool size: 16
2026-10-07 11:57:38,733 WARNING urllib3.connectionpool: Connection pool is full, discarding connection: 127.0.0.1. Connection pool size: 16
2026-10-07 11:57:38,735 WARNING urllib3.connectionpool: Connection pool is full, discarding connection: 127.0.0.1. Connection pool size: 16
2026-10-07 11:57:38,736 WARNING urllib3.connectionpool: Connection pool is full, discarding connection: 127.0.0.1. Connection pool size: 16
2026-10-07 11:57:38,742 WARNING urllib3.connectionpool: Connection pool is full, discarding connection: 127.0.0.1. Connection pool size: 16
2026-10-07 11:57:38,747 WARNING urllib3.connectionpool: Connection pool is full, discarding connection: 127.0.0.1. Connection pool size: 16
2026-10-07 11:57:38,760 WARNING urllib3.connectionpool: Connection pool is full, discarding connection: 127.0.0.1. Connection pool size: 16
2026-10-07 11:57:38,767 WARNING urllib3.connectionpool: Connection pool is full, discarding connection: 127.0.0.1. Connection pool size: 16
2026-10-07 11:57:38,775 WARNING urllib3.connectionpool: Connection pool is full, discarding connection: 127.0.0.1. Connection pool size: 16
2026-10-07 11:57:38,777 WARNING urllib3.connectionpool: Connection pool is full, discarding connection: 127.0.0.1. Connection pool size: 16
2026-10-07 11:57:38,780 WARNING urllib3.connectionpool: Connection pool is full, discarding connection: 127.0.0.1. Connection pool size: 16
2026-10-07 11:57:38,780 WARNING urllib3.connectionpool: Connection pool is full, discarding connection: 127.0.0.1. Connection pool size: 16
2026-10-07 11:57:38,784 WARNING urllib3.connectionpool: Connection pool is full, discarding connection: 127.0.0.1. Connection pool size: 16
2026-10-07 11:57:38,787 WARNING urllib3.connectionpool: Connection pool is full, discarding connection: 127.0.0.1. Connection pool size: 16
2026-10-07 11:57:38,797 WARNING urllib3.connectionpool: Connection pool is full, discarding connection: 127.0.0.1. Connection pool size: 16
2026-10-07 11:57:38,801 WARNING urllib3.connectionpool: Connection pool is full, discarding connection: 127.0.0.1. Connection pool size: 16
2026-10-07 11:57:38,803 WARNING urllib3.connectionpool: Connection pool is full, discarding connection: 127.0.0.1. Connection pool size: 16
2026-10-07 11:57:38,804 WARNING urllib3.connectionpool: Connection pool is full, discarding connection: 127.0.0.1. Connection pool size: 16
2026-10-07 11:57:38,812 WARNING urllib3.connectionpool: Connection pool is full, discarding connection: 127.0.0.1. Connection pool size: 16
2026-10-07 11:57:38,818 WARNING urllib3.connectionpool: Connection pool is full, discarding connection: 127.0.0.1. Connection pool size: 16
2026-10-07 11:57:38,819 WARNING urllib3.connectionpool: Connection pool is full, discarding connection: 127.0.0.1. Connection pool size: 16
2026-10-07 11:57:38,821 WARNING urllib3.connectionpool: Connection pool is full, discarding connection: 127.0.0.1. Connection pool size: 16
2026-10-07 11:57:38,836 WARNING urllib3.connectionpool: Connection pool is full, discarding connection: 127.0.0.1. Connection pool size: 16
2026-10-07 11:57:38,843 WARNING urllib3.connectionpool: Connection pool is full, discarding connection: 127.0.0.1. Connection pool size: 16
2026-10-07 11:57:38,870 WARNING urllib3.connectionpool: Connection pool is full, discarding connection: 127.0.0.1. Connection pool size: 16
2026-10-07 11:57:38,984 WARNING urllib3.connectionpool: Connection pool is full, discarding connection: 127.0.0.1. Connection pool size: 15
2026-10-07 11:57:39,292 WARNING urllib3.connectionpool: Connection pool is full, discarding connection: 127.0.0.1. Connection pool size: 16
2026-10-07 11:57:39,297 WARNING urllib3.connectionpool: Connection pool is full, discarding connection: 127.0.0.1. Connection pool size: 16
2026-10-07 11:57:39,302 WARNING urllib3.connectionpool: Connection pool is full, discarding connection: 127.0.0.1. Connection pool size: 16
2026-10-07 11:57:39,307 WARNING urllib3.connectionpool: Connection pool is full, discarding connection: 127.0.0.1. Connection pool size: 16
2026-10-07 11:57:39,307 WARNING urllib3.connectionpool: Connection pool is full, discarding connection: 127.0.0.1. Connection pool size: 16
2026-10-07 11:57:39,326 WARNING urllib3.connectionpool: Connection pool is full, discarding connection: 127.0.0.1. Connection pool size: 16
2026-10-07 11:59:50,978 INFO server: PCB_Ins v2 后台服务启动: http://127.0.0.1:8022
2026-10-07 11:59:52,354 INFO app.core.task_queue: [taskq] 检测任务队列已启动（2 worker）
2026-10-07 12:00:56,954 WARNING urllib3.connectionpool: Connection pool is full, discarding connection: 127.0.0.1. Connection pool size: 16
2026-10-07 12:00:56,962 WARNING urllib3.connectionpool: Connection pool is full, discarding connection: 127.0.0.1. Connection pool size: 16
2026-10-07 12:00:56,963 WARNING urllib3.connectionpool: Connection pool is full, discarding connection: 127.0.0.1. Connection pool size: 16
2026-10-07 12:00:56,968 WARNING urllib3.connectionpool: Connection pool is full, discarding connection: 127.0.0.1. Connection pool size: 16
2026-10-07 12:00:56,987 WARNING urllib3.connectionpool: Connection pool is full, discarding connection: 127.0.0.1. Connection pool size: 16
2026-10-07 12:00:57,000 WARNING urllib3.connectionpool: Connection pool is full, discarding connection: 127.0.0.1. Connection pool size: 16
2026-10-07 12:00:57,007 WARNING urllib3.connectionpool: Connection pool is full, discarding connection: 127.0.0.1. Connection pool size: 16
2026-10-07 12:00:57,029 WARNING urllib3.connectionpool: Connection pool is full, discarding connection: 127.0.0.1. Connection pool size: 16
2026-10-07 12:00:57,037 WARNING urllib3.connectionpool: Connection pool is full, discarding connection: 127.0.0.1. Connection pool size: 16
2026-10-07 12:00:57,047 WARNING urllib3.connectionpool: Connection pool is full, discarding connection: 127.0.0.1. Connection pool size: 16
2026-10-07 12:00:57,052 WARNING urllib3.connectionpool: Connection pool is full, discarding connection: 127.0.0.1. Connection pool size: 16
2026-10-07 12:00:57,081 WARNING urllib3.connectionpool: Connection pool is full, discarding connection: 127.0.0.1. Connection pool size: 16
2026-10-07 12:00:57,081 WARNING urllib3.connectionpool: Connection pool is full, discarding connection: 127.0.0.1. Connection pool size: 16
2026-10-07 12:00:57,092 WARNING urllib3.connectionpool: Connection pool is full, discarding connection: 127.0.0.1. Connection pool size: 16
2026-10-07 12:00:57,094 WARNING urllib3.connectionpool: Connection pool is full, discarding connection: 127.0.0.1. Connection pool size: 16
2026-10-07 12:00:57,095 WARNING urllib3.connectionpool: Connection pool is full, discarding connection: 127.0.0.1. Connection pool size: 16
2026-10-07 12:00:57,114 WARNING urllib3.connectionpool: Connection pool is full, discarding connection: 127.0.0.1. Connection pool size: 16
2026-10-07 12:00:57,130 WARNING urllib3.connectionpool: Connection pool is full, discarding connection: 127.0.0.1. Connection pool size: 16
2026-10-07 12:00:57,134 WARNING urllib3.connectionpool: Connection pool is full, discarding connection: 127.0.0.1. Connection pool size: 16
2026-10-07 12:00:57,139 WARNING urllib3.connectionpool: Connection pool is full, discarding connection: 127.0.0.1. Connection pool size: 16
2026-10-07 12:00:57,161 WARNING urllib3.connectionpool: Connection pool is full, discarding connection: 127.0.0.1. Connection pool size: 16
2026-10-07 12:00:57,161 WARNING urllib3.connectionpool: Connection pool is full, discarding connection: 127.0.0.1. Connection pool size: 16
2026-10-07 12:00:57,163 WARNING urllib3.connectionpool: Connection pool is full, discarding connection: 127.0.0.1. Connection pool size: 16
2026-10-07 12:00:57,168 WARNING urllib3.connectionpool: Connection pool is full, discarding connection: 127.0.0.1. Connection pool size: 16
2026-10-07 12:00:57,176 WARNING urllib3.connectionpool: Connection pool is full, discarding connection: 127.0.0.1. Connection pool size: 16
2026-10-07 12:00:57,187 WARNING urllib3.connectionpool: Connection pool is full, discarding connection: 127.0.0.1. Connection pool size: 16
2026-10-07 12:00:57,189 WARNING urllib3.connectionpool: Connection pool is full, discarding connection: 127.0.0.1. Connection pool size: 16
2026-10-07 12:00:57,206 WARNING urllib3.connectionpool: Connection pool is full, discarding connection: 127.0.0.1. Connection pool size: 16
2026-10-07 12:00:57,211 WARNING urllib3.connectionpool: Connection pool is full, discarding connection: 127.0.0.1. Connection pool size: 16
2026-10-07 12:00:57,211 WARNING urllib3.connectionpool: Connection pool is full, discarding connection: 127.0.0.1. Connection pool size: 16
2026-10-07 12:00:57,214 WARNING urllib3.connectionpool: Connection pool is full, discarding connection: 127.0.0.1. Connection pool size: 16
2026-10-07 12:00:57,243 WARNING urllib3.connectionpool: Connection pool is full, discarding connection: 127.0.0.1. Connection pool size: 16
2026-10-07 12:00:57,260 WARNING urllib3.connectionpool: Connection pool is full, discarding connection: 127.0.0.1. Connection pool size: 16
2026-10-07 12:00:57,260 WARNING urllib3.connectionpool: Connection pool is full, discarding connection: 127.0.0.1. Connection pool size: 16
2026-10-07 12:00:57,262 WARNING urllib3.connectionpool: Connection pool is full, discarding connection: 127.0.0.1. Connection pool size: 16
2026-10-07 12:00:57,262 WARNING urllib3.connectionpool: Connection pool is full, discarding connection: 127.0.0.1. Connection pool size: 16
2026-10-07 12:00:57,262 WARNING urllib3.connectionpool: Connection pool is full, discarding connection: 127.0.0.1. Connection pool size: 16
2026-10-07 12:00:57,274 WARNING urllib3.connectionpool: Connection pool is full, discarding connection: 127.0.0.1. Connection pool size: 16
2026-10-07 12:00:57,290 WARNING urllib3.connectionpool: Connection pool is full, discarding connection: 127.0.0.1. Connection pool size: 16
2026-10-07 12:00:57,291 WARNING urllib3.connectionpool: Connection pool is full, discarding connection: 127.0.0.1. Connection pool size: 16
2026-10-07 12:00:57,297 WARNING urllib3.connectionpool: Connection pool is full, discarding connection: 127.0.0.1. Connection pool size: 16
2026-10-07 12:00:57,298 WARNING urllib3.connectionpool: Connection pool is full, discarding connection: 127.0.0.1. Connection pool size: 16
2026-10-07 12:00:57,337 WARNING urllib3.connectionpool: Connection pool is full, discarding connection: 127.0.0.1. Connection pool size: 16
2026-10-07 12:00:57,337 WARNING urllib3.connectionpool: Connection pool is full, discarding connection: 127.0.0.1. Connection pool size: 16
2026-10-07 12:00:57,353 WARNING urllib3.connectionpool: Connection pool is full, discarding connection: 127.0.0.1. Connection pool size: 16
2026-10-07 12:00:57,357 WARNING urllib3.connectionpool: Connection pool is full, discarding connection: 127.0.0.1. Connection pool size: 16
2026-10-07 12:00:57,370 WARNING urllib3.connectionpool: Connection pool is full, discarding connection: 127.0.0.1. Connection pool size: 16
2026-10-07 12:00:57,379 WARNING urllib3.connectionpool: Connection pool is full, discarding connection: 127.0.0.1. Connection pool size: 16
2026-10-07 12:00:57,385 WARNING urllib3.connectionpool: Connection pool is full, discarding connection: 127.0.0.1. Connection pool size: 16
2026-10-07 12:00:57,394 WARNING urllib3.connectionpool: Connection pool is full, discarding connection: 127.0.0.1. Connection pool size: 16
2026-10-07 12:00:57,403 WARNING urllib3.connectionpool: Connection pool is full, discarding connection: 127.0.0.1. Connection pool size: 16
2026-10-07 12:00:57,403 WARNING urllib3.connectionpool: Connection pool is full, discarding connection: 127.0.0.1. Connection pool size: 16
2026-10-07 12:00:57,410 WARNING urllib3.connectionpool: Connection pool is full, discarding connection: 127.0.0.1. Connection pool size: 16
2026-10-07 12:00:57,418 WARNING urllib3.connectionpool: Connection pool is full, discarding connection: 127.0.0.1. Connection pool size: 16
2026-10-07 12:00:57,437 WARNING urllib3.connectionpool: Connection pool is full, discarding connection: 127.0.0.1. Connection pool size: 16
2026-10-07 12:00:57,445 WARNING urllib3.connectionpool: Connection pool is full, discarding connection: 127.0.0.1. Connection pool size: 16
2026-10-07 12:00:57,453 WARNING urllib3.connectionpool: Connection pool is full, discarding connection: 127.0.0.1. Connection pool size: 16
2026-10-07 12:00:57,461 WARNING urllib3.connectionpool: Connection pool is full, discarding connection: 127.0.0.1. Connection pool size: 16
2026-10-07 12:00:57,470 WARNING urllib3.connectionpool: Connection pool is full, discarding connection: 127.0.0.1. Connection pool size: 16
2026-10-07 12:00:57,470 WARNING urllib3.connectionpool: Connection pool is full, discarding connection: 127.0.0.1. Connection pool size: 16
2026-10-07 12:00:57,475 WARNING urllib3.connectionpool: Connection pool is full, discarding connection: 127.0.0.1. Connection pool size: 16
2026-10-07 12:00:57,476 WARNING urllib3.connectionpool: Connection pool is full, discarding connection: 127.0.0.1. Connection pool size: 16
2026-10-07 12:00:57,489 WARNING urllib3.connectionpool: Connection pool is full, discarding connection: 127.0.0.1. Connection pool size: 16
2026-10-07 12:00:57,497 WARNING urllib3.connectionpool: Connection pool is full, discarding connection: 127.0.0.1. Connection pool size: 16
2026-10-07 12:00:57,503 WARNING urllib3.connectionpool: Connection pool is full, discarding connection: 127.0.0.1. Connection pool size: 16
2026-10-07 12:00:57,510 WARNING urllib3.connectionpool: Connection pool is full, discarding connection: 127.0.0.1. Connection pool size: 16
2026-10-07 12:00:57,518 WARNING urllib3.connectionpool: Connection pool is full, discarding connection: 127.0.0.1. Connection pool size: 16
2026-10-07 12:00:57,527 WARNING urllib3.connectionpool: Connection pool is full, discarding connection: 127.0.0.1. Connection pool size: 16
2026-10-07 12:00:57,533 WARNING urllib3.connectionpool: Connection pool is full, discarding connection: 127.0.0.1. Connection pool size: 16
2026-10-07 12:00:57,533 WARNING urllib3.connectionpool: Connection pool is full, discarding connection: 127.0.0.1. Connection pool size: 16
2026-10-07 12:00:57,536 WARNING urllib3.connectionpool: Connection pool is full, discarding connection: 127.0.0.1. Connection pool size: 16
2026-10-07 12:00:57,552 WARNING urllib3.connectionpool: Connection pool is full, discarding connection: 127.0.0.1. Connection pool size: 16
2026-10-07 12:00:57,554 WARNING urllib3.connectionpool: Connection pool is full, discarding connection: 127.0.0.1. Connection pool size: 16
2026-10-07 12:00:57,556 WARNING urllib3.connectionpool: Connection pool is full, discarding connection: 127.0.0.1. Connection pool size: 16
2026-10-07 12:00:57,559 WARNING urllib3.connectionpool: Connection pool is full, discarding connection: 127.0.0.1. Connection pool size: 16
2026-10-07 12:00:57,561 WARNING urllib3.connectionpool: Connection pool is full, discarding connection: 127.0.0.1. Connection pool size: 16
2026-10-07 12:00:57,565 WARNING urllib3.connectionpool: Connection pool is full, discarding connection: 127.0.0.1. Connection pool size: 16
2026-10-07 12:00:57,570 WARNING urllib3.connectionpool: Connection pool is full, discarding connection: 127.0.0.1. Connection pool size: 16
2026-10-07 12:00:57,570 WARNING urllib3.connectionpool: Connection pool is full, discarding connection: 127.0.0.1. Connection pool size: 16
2026-10-07 12:00:57,573 WARNING urllib3.connectionpool: Connection pool is full, discarding connection: 127.0.0.1. Connection pool size: 16
2026-10-07 12:00:57,588 WARNING urllib3.connectionpool: Connection pool is full, discarding connection: 127.0.0.1. Connection pool size: 16
2026-10-07 12:00:57,599 WARNING urllib3.connectionpool: Connection pool is full, discarding connection: 127.0.0.1. Connection pool size: 16
2026-10-07 12:00:57,599 WARNING urllib3.connectionpool: Connection pool is full, discarding connection: 127.0.0.1. Connection pool size: 16
2026-10-07 12:00:57,602 WARNING urllib3.connectionpool: Connection pool is full, discarding connection: 127.0.0.1. Connection pool size: 16
2026-10-07 12:00:57,626 WARNING urllib3.connectionpool: Connection pool is full, discarding connection: 127.0.0.1. Connection pool size: 16
2026-10-07 12:00:57,635 WARNING urllib3.connectionpool: Connection pool is full, discarding connection: 127.0.0.1. Connection pool size: 16
2026-10-07 12:00:58,036 WARNING urllib3.connectionpool: Connection pool is full, discarding connection: 127.0.0.1. Connection pool size: 16
2026-10-07 12:00:58,051 WARNING urllib3.connectionpool: Connection pool is full, discarding connection: 127.0.0.1. Connection pool size: 16
2026-10-07 12:00:58,071 WARNING urllib3.connectionpool: Connection pool is full, discarding connection: 127.0.0.1. Connection pool size: 16
2026-10-07 12:00:58,072 WARNING urllib3.connectionpool: Connection pool is full, discarding connection: 127.0.0.1. Connection pool size: 16
2026-10-07 12:00:58,075 WARNING urllib3.connectionpool: Connection pool is full, discarding connection: 127.0.0.1. Connection pool size: 16
2026-10-07 12:00:58,075 WARNING urllib3.connectionpool: Connection pool is full, discarding connection: 127.0.0.1. Connection pool size: 16
2026-10-07 12:05:12,106 INFO server: PCB_Ins v2 后台服务启动: http://127.0.0.1:8022
2026-10-07 12:05:13,467 INFO app.core.task_queue: [taskq] 检测任务队列已启动（2 worker）
2026-10-07 12:06:14,849 WARNING urllib3.connectionpool: Connection pool is full, discarding connection: 127.0.0.1. Connection pool size: 16
2026-10-07 12:06:14,850 WARNING urllib3.connectionpool: Connection pool is full, discarding connection: 127.0.0.1. Connection pool size: 16
2026-10-07 12:06:14,863 WARNING urllib3.connectionpool: Connection pool is full, discarding connection: 127.0.0.1. Connection pool size: 16
2026-10-07 12:06:14,864 WARNING urllib3.connectionpool: Connection pool is full, discarding connection: 127.0.0.1. Connection pool size: 16
2026-10-07 12:06:14,875 WARNING urllib3.connectionpool: Connection pool is full, discarding connection: 127.0.0.1. Connection pool size: 16
2026-10-07 12:06:14,891 WARNING urllib3.connectionpool: Connection pool is full, discarding connection: 127.0.0.1. Connection pool size: 16
2026-10-07 12:06:14,891 WARNING urllib3.connectionpool: Connection pool is full, discarding connection: 127.0.0.1. Connection pool size: 16
2026-10-07 12:06:14,906 WARNING urllib3.connectionpool: Connection pool is full, discarding connection: 127.0.0.1. Connection pool size: 16
2026-10-07 12:06:14,924 WARNING urllib3.connectionpool: Connection pool is full, discarding connection: 127.0.0.1. Connection pool size: 16
2026-10-07 12:06:14,952 WARNING urllib3.connectionpool: Connection pool is full, discarding connection: 127.0.0.1. Connection pool size: 16
2026-10-07 12:06:14,953 WARNING urllib3.connectionpool: Connection pool is full, discarding connection: 127.0.0.1. Connection pool size: 16
2026-10-07 12:06:14,966 WARNING urllib3.connectionpool: Connection pool is full, discarding connection: 127.0.0.1. Connection pool size: 16
2026-10-07 12:06:14,997 WARNING urllib3.connectionpool: Connection pool is full, discarding connection: 127.0.0.1. Connection pool size: 16
2026-10-07 12:06:14,997 WARNING urllib3.connectionpool: Connection pool is full, discarding connection: 127.0.0.1. Connection pool size: 16
2026-10-07 12:06:14,998 WARNING urllib3.connectionpool: Connection pool is full, discarding connection: 127.0.0.1. Connection pool size: 16
2026-10-07 12:06:15,007 WARNING urllib3.connectionpool: Connection pool is full, discarding connection: 127.0.0.1. Connection pool size: 16
2026-10-07 12:06:15,016 WARNING urllib3.connectionpool: Connection pool is full, discarding connection: 127.0.0.1. Connection pool size: 16
2026-10-07 12:06:15,034 WARNING urllib3.connectionpool: Connection pool is full, discarding connection: 127.0.0.1. Connection pool size: 16
2026-10-07 12:06:15,054 WARNING urllib3.connectionpool: Connection pool is full, discarding connection: 127.0.0.1. Connection pool size: 16
2026-10-07 12:06:15,055 WARNING urllib3.connectionpool: Connection pool is full, discarding connection: 127.0.0.1. Connection pool size: 16
2026-10-07 12:06:15,062 WARNING urllib3.connectionpool: Connection pool is full, discarding connection: 127.0.0.1. Connection pool size: 16
2026-10-07 12:06:15,067 WARNING urllib3.connectionpool: Connection pool is full, discarding connection: 127.0.0.1. Connection pool size: 16
2026-10-07 12:06:15,068 WARNING urllib3.connectionpool: Connection pool is full, discarding connection: 127.0.0.1. Connection pool size: 16
2026-10-07 12:06:15,084 WARNING urllib3.connectionpool: Connection pool is full, discarding connection: 127.0.0.1. Connection pool size: 16
2026-10-07 12:06:15,095 WARNING urllib3.connectionpool: Connection pool is full, discarding connection: 127.0.0.1. Connection pool size: 16
2026-10-07 12:06:15,099 WARNING urllib3.connectionpool: Connection pool is full, discarding connection: 127.0.0.1. Connection pool size: 16
2026-10-07 12:06:15,100 WARNING urllib3.connectionpool: Connection pool is full, discarding connection: 127.0.0.1. Connection pool size: 16
2026-10-07 12:06:15,106 WARNING urllib3.connectionpool: Connection pool is full, discarding connection: 127.0.0.1. Connection pool size: 16
2026-10-07 12:06:15,106 WARNING urllib3.connectionpool: Connection pool is full, discarding connection: 127.0.0.1. Connection pool size: 16
2026-10-07 12:06:15,112 WARNING urllib3.connectionpool: Connection pool is full, discarding connection: 127.0.0.1. Connection pool size: 16
2026-10-07 12:06:15,126 WARNING urllib3.connectionpool: Connection pool is full, discarding connection: 127.0.0.1. Connection pool size: 16
2026-10-07 12:06:15,126 WARNING urllib3.connectionpool: Connection pool is full, discarding connection: 127.0.0.1. Connection pool size: 16
2026-10-07 12:06:15,127 WARNING urllib3.connectionpool: Connection pool is full, discarding connection: 127.0.0.1. Connection pool size: 16
2026-10-07 12:06:15,141 WARNING urllib3.connectionpool: Connection pool is full, discarding connection: 127.0.0.1. Connection pool size: 16
2026-10-07 12:06:15,160 WARNING urllib3.connectionpool: Connection pool is full, discarding connection: 127.0.0.1. Connection pool size: 16
2026-10-07 12:06:15,168 WARNING urllib3.connectionpool: Connection pool is full, discarding connection: 127.0.0.1. Connection pool size: 16
2026-10-07 12:06:15,177 WARNING urllib3.connectionpool: Connection pool is full, discarding connection: 127.0.0.1. Connection pool size: 16
2026-10-07 12:06:15,193 WARNING urllib3.connectionpool: Connection pool is full, discarding connection: 127.0.0.1. Connection pool size: 16
2026-10-07 12:06:15,225 WARNING urllib3.connectionpool: Connection pool is full, discarding connection: 127.0.0.1. Connection pool size: 16
2026-10-07 12:06:15,226 WARNING urllib3.connectionpool: Connection pool is full, discarding connection: 127.0.0.1. Connection pool size: 16
2026-10-07 12:06:15,226 WARNING urllib3.connectionpool: Connection pool is full, discarding connection: 127.0.0.1. Connection pool size: 16
2026-10-07 12:06:15,246 WARNING urllib3.connectionpool: Connection pool is full, discarding connection: 127.0.0.1. Connection pool size: 16
2026-10-07 12:06:15,248 WARNING urllib3.connectionpool: Connection pool is full, discarding connection: 127.0.0.1. Connection pool size: 16
2026-10-07 12:06:15,249 WARNING urllib3.connectionpool: Connection pool is full, discarding connection: 127.0.0.1. Connection pool size: 16
2026-10-07 12:06:15,257 WARNING urllib3.connectionpool: Connection pool is full, discarding connection: 127.0.0.1. Connection pool size: 16
2026-10-07 12:06:15,274 WARNING urllib3.connectionpool: Connection pool is full, discarding connection: 127.0.0.1. Connection pool size: 16
2026-10-07 12:06:15,275 WARNING urllib3.connectionpool: Connection pool is full, discarding connection: 127.0.0.1. Connection pool size: 16
2026-10-07 12:06:15,281 WARNING urllib3.connectionpool: Connection pool is full, discarding connection: 127.0.0.1. Connection pool size: 16
2026-10-07 12:06:15,282 WARNING urllib3.connectionpool: Connection pool is full, discarding connection: 127.0.0.1. Connection pool size: 16
2026-10-07 12:06:15,291 WARNING urllib3.connectionpool: Connection pool is full, discarding connection: 127.0.0.1. Connection pool size: 16
2026-10-07 12:06:15,293 WARNING urllib3.connectionpool: Connection pool is full, discarding connection: 127.0.0.1. Connection pool size: 16
2026-10-07 12:06:15,300 WARNING urllib3.connectionpool: Connection pool is full, discarding connection: 127.0.0.1. Connection pool size: 16
2026-10-07 12:06:15,306 WARNING urllib3.connectionpool: Connection pool is full, discarding connection: 127.0.0.1. Connection pool size: 16
2026-10-07 12:06:15,311 WARNING urllib3.connectionpool: Connection pool is full, discarding connection: 127.0.0.1. Connection pool size: 16
2026-10-07 12:06:15,324 WARNING urllib3.connectionpool: Connection pool is full, discarding connection: 127.0.0.1. Connection pool size: 16
2026-10-07 12:06:15,324 WARNING urllib3.connectionpool: Connection pool is full, discarding connection: 127.0.0.1. Connection pool size: 16
2026-10-07 12:06:15,325 WARNING urllib3.connectionpool: Connection pool is full, discarding connection: 127.0.0.1. Connection pool size: 16
2026-10-07 12:06:15,337 WARNING urllib3.connectionpool: Connection pool is full, discarding connection: 127.0.0.1. Connection pool size: 16
2026-10-07 12:06:15,347 WARNING urllib3.connectionpool: Connection pool is full, discarding connection: 127.0.0.1. Connection pool size: 16
2026-10-07 12:06:15,353 WARNING urllib3.connectionpool: Connection pool is full, discarding connection: 127.0.0.1. Connection pool size: 16
2026-10-07 12:06:15,354 WARNING urllib3.connectionpool: Connection pool is full, discarding connection: 127.0.0.1. Connection pool size: 16
2026-10-07 12:06:15,360 WARNING urllib3.connectionpool: Connection pool is full, discarding connection: 127.0.0.1. Connection pool size: 16
2026-10-07 12:06:15,381 WARNING urllib3.connectionpool: Connection pool is full, discarding connection: 127.0.0.1. Connection pool size: 16
2026-10-07 12:06:15,390 WARNING urllib3.connectionpool: Connection pool is full, discarding connection: 127.0.0.1. Connection pool size: 16
2026-10-07 12:06:15,396 WARNING urllib3.connectionpool: Connection pool is full, discarding connection: 127.0.0.1. Connection pool size: 16
2026-10-07 12:06:15,413 WARNING urllib3.connectionpool: Connection pool is full, discarding connection: 127.0.0.1. Connection pool size: 16
2026-10-07 12:06:15,421 WARNING urllib3.connectionpool: Connection pool is full, discarding connection: 127.0.0.1. Connection pool size: 16
2026-10-07 12:06:15,426 WARNING urllib3.connectionpool: Connection pool is full, discarding connection: 127.0.0.1. Connection pool size: 16
2026-10-07 12:06:15,434 WARNING urllib3.connectionpool: Connection pool is full, discarding connection: 127.0.0.1. Connection pool size: 16
2026-10-07 12:06:15,437 WARNING urllib3.connectionpool: Connection pool is full, discarding connection: 127.0.0.1. Connection pool size: 16
2026-10-07 12:06:15,437 WARNING urllib3.connectionpool: Connection pool is full, discarding connection: 127.0.0.1. Connection pool size: 16
2026-10-07 12:06:15,441 WARNING urllib3.connectionpool: Connection pool is full, discarding connection: 127.0.0.1. Connection pool size: 16
2026-10-07 12:06:15,447 WARNING urllib3.connectionpool: Connection pool is full, discarding connection: 127.0.0.1. Connection pool size: 16
2026-10-07 12:06:15,454 WARNING urllib3.connectionpool: Connection pool is full, discarding connection: 127.0.0.1. Connection pool size: 16
2026-10-07 12:06:15,463 WARNING urllib3.connectionpool: Connection pool is full, discarding connection: 127.0.0.1. Connection pool size: 16
2026-10-07 12:06:15,471 WARNING urllib3.connectionpool: Connection pool is full, discarding connection: 127.0.0.1. Connection pool size: 16
2026-10-07 12:06:15,472 WARNING urllib3.connectionpool: Connection pool is full, discarding connection: 127.0.0.1. Connection pool size: 16
2026-10-07 12:06:15,476 WARNING urllib3.connectionpool: Connection pool is full, discarding connection: 127.0.0.1. Connection pool size: 16
2026-10-07 12:06:15,485 WARNING urllib3.connectionpool: Connection pool is full, discarding connection: 127.0.0.1. Connection pool size: 16
2026-10-07 12:06:15,489 WARNING urllib3.connectionpool: Connection pool is full, discarding connection: 127.0.0.1. Connection pool size: 16
2026-10-07 12:06:15,489 WARNING urllib3.connectionpool: Connection pool is full, discarding connection: 127.0.0.1. Connection pool size: 16
2026-10-07 12:06:15,490 WARNING urllib3.connectionpool: Connection pool is full, discarding connection: 127.0.0.1. Connection pool size: 16
2026-10-07 12:06:15,492 WARNING urllib3.connectionpool: Connection pool is full, discarding connection: 127.0.0.1. Connection pool size: 16
2026-10-07 12:06:15,496 WARNING urllib3.connectionpool: Connection pool is full, discarding connection: 127.0.0.1. Connection pool size: 16
2026-10-07 12:06:15,517 WARNING urllib3.connectionpool: Connection pool is full, discarding connection: 127.0.0.1. Connection pool size: 16
2026-10-07 12:06:15,540 WARNING urllib3.connectionpool: Connection pool is full, discarding connection: 127.0.0.1. Connection pool size: 16
2026-10-07 12:06:15,721 WARNING urllib3.connectionpool: Connection pool is full, discarding connection: 127.0.0.1. Connection pool size: 16
2026-10-07 12:06:15,722 WARNING urllib3.connectionpool: Connection pool is full, discarding connection: 127.0.0.1. Connection pool size: 16
2026-10-07 12:06:15,968 WARNING urllib3.connectionpool: Connection pool is full, discarding connection: 127.0.0.1. Connection pool size: 16
2026-10-07 12:06:15,968 WARNING urllib3.connectionpool: Connection pool is full, discarding connection: 127.0.0.1. Connection pool size: 16
2026-10-07 12:06:15,975 WARNING urllib3.connectionpool: Connection pool is full, discarding connection: 127.0.0.1. Connection pool size: 16
2026-10-07 12:06:15,992 WARNING urllib3.connectionpool: Connection pool is full, discarding connection: 127.0.0.1. Connection pool size: 16
2026-10-07 16:04:45,047 INFO server: PCB_Ins v2 后台服务启动: http://127.0.0.1:8022
2026-10-07 16:04:47,239 INFO app.core.task_queue: [taskq] 检测任务队列已启动（2 worker）
2026-10-07 16:04:55,842 WARNING urllib3.connectionpool: Connection pool is full, discarding connection: 127.0.0.1. Connection pool size: 16
2026-10-07 16:04:55,842 WARNING urllib3.connectionpool: Connection pool is full, discarding connection: 127.0.0.1. Connection pool size: 16
2026-10-07 16:04:55,899 WARNING urllib3.connectionpool: Connection pool is full, discarding connection: 127.0.0.1. Connection pool size: 16
2026-10-07 16:04:55,915 WARNING urllib3.connectionpool: Connection pool is full, discarding connection: 127.0.0.1. Connection pool size: 16
2026-10-07 16:04:55,921 WARNING urllib3.connectionpool: Connection pool is full, discarding connection: 127.0.0.1. Connection pool size: 16
2026-10-07 16:04:55,921 WARNING urllib3.connectionpool: Connection pool is full, discarding connection: 127.0.0.1. Connection pool size: 16
2026-10-07 16:04:55,927 WARNING urllib3.connectionpool: Connection pool is full, discarding connection: 127.0.0.1. Connection pool size: 16
2026-10-07 16:04:55,937 WARNING urllib3.connectionpool: Connection pool is full, discarding connection: 127.0.0.1. Connection pool size: 16
2026-10-07 16:04:55,948 WARNING urllib3.connectionpool: Connection pool is full, discarding connection: 127.0.0.1. Connection pool size: 16
2026-10-07 16:04:56,006 WARNING urllib3.connectionpool: Connection pool is full, discarding connection: 127.0.0.1. Connection pool size: 16
2026-10-07 16:04:56,012 WARNING urllib3.connectionpool: Connection pool is full, discarding connection: 127.0.0.1. Connection pool size: 16
2026-10-07 16:04:56,027 WARNING urllib3.connectionpool: Connection pool is full, discarding connection: 127.0.0.1. Connection pool size: 16
2026-10-07 16:04:56,030 WARNING urllib3.connectionpool: Connection pool is full, discarding connection: 127.0.0.1. Connection pool size: 16
2026-10-07 16:04:56,043 WARNING urllib3.connectionpool: Connection pool is full, discarding connection: 127.0.0.1. Connection pool size: 16
2026-10-07 16:04:56,189 WARNING urllib3.connectionpool: Connection pool is full, discarding connection: 127.0.0.1. Connection pool size: 16
2026-10-07 16:04:56,272 WARNING urllib3.connectionpool: Connection pool is full, discarding connection: 127.0.0.1. Connection pool size: 16
2026-10-07 16:04:56,294 WARNING urllib3.connectionpool: Connection pool is full, discarding connection: 127.0.0.1. Connection pool size: 16
2026-10-07 16:04:56,294 WARNING urllib3.connectionpool: Connection pool is full, discarding connection: 127.0.0.1. Connection pool size: 16
2026-10-07 16:04:56,295 WARNING urllib3.connectionpool: Connection pool is full, discarding connection: 127.0.0.1. Connection pool size: 16
2026-10-07 16:04:56,298 WARNING urllib3.connectionpool: Connection pool is full, discarding connection: 127.0.0.1. Connection pool size: 16
2026-10-07 16:04:56,302 WARNING urllib3.connectionpool: Connection pool is full, discarding connection: 127.0.0.1. Connection pool size: 16
2026-10-07 16:04:56,456 WARNING urllib3.connectionpool: Connection pool is full, discarding connection: 127.0.0.1. Connection pool size: 16
2026-10-07 16:04:56,661 WARNING urllib3.connectionpool: Connection pool is full, discarding connection: 127.0.0.1. Connection pool size: 16
2026-10-07 16:04:56,664 WARNING urllib3.connectionpool: Connection pool is full, discarding connection: 127.0.0.1. Connection pool size: 16
2026-10-07 16:04:56,666 WARNING urllib3.connectionpool: Connection pool is full, discarding connection: 127.0.0.1. Connection pool size: 16
2026-10-07 16:04:56,666 WARNING urllib3.connectionpool: Connection pool is full, discarding connection: 127.0.0.1. Connection pool size: 16
2026-10-07 16:04:56,667 WARNING urllib3.connectionpool: Connection pool is full, discarding connection: 127.0.0.1. Connection pool size: 16
2026-10-07 16:04:56,679 WARNING urllib3.connectionpool: Connection pool is full, discarding connection: 127.0.0.1. Connection pool size: 16
2026-10-07 16:04:56,680 WARNING urllib3.connectionpool: Connection pool is full, discarding connection: 127.0.0.1. Connection pool size: 16
2026-10-07 16:04:56,680 WARNING urllib3.connectionpool: Connection pool is full, discarding connection: 127.0.0.1. Connection pool size: 16
2026-10-07 16:04:56,754 WARNING urllib3.connectionpool: Connection pool is full, discarding connection: 127.0.0.1. Connection pool size: 16
2026-10-07 16:04:56,761 WARNING urllib3.connectionpool: Connection pool is full, discarding connection: 127.0.0.1. Connection pool size: 16
2026-10-07 16:04:56,943 WARNING urllib3.connectionpool: Connection pool is full, discarding connection: 127.0.0.1. Connection pool size: 16
2026-10-07 16:04:56,964 WARNING urllib3.connectionpool: Connection pool is full, discarding connection: 127.0.0.1. Connection pool size: 16
2026-10-07 16:04:56,985 WARNING urllib3.connectionpool: Connection pool is full, discarding connection: 127.0.0.1. Connection pool size: 16
2026-10-07 16:04:56,996 WARNING urllib3.connectionpool: Connection pool is full, discarding connection: 127.0.0.1. Connection pool size: 16
2026-10-07 16:04:56,999 WARNING urllib3.connectionpool: Connection pool is full, discarding connection: 127.0.0.1. Connection pool size: 16
2026-10-07 16:04:57,000 WARNING urllib3.connectionpool: Connection pool is full, discarding connection: 127.0.0.1. Connection pool size: 16
2026-10-07 16:04:57,014 WARNING urllib3.connectionpool: Connection pool is full, discarding connection: 127.0.0.1. Connection pool size: 16
2026-10-07 16:04:57,096 WARNING urllib3.connectionpool: Connection pool is full, discarding connection: 127.0.0.1. Connection pool size: 16
2026-10-07 16:04:57,104 WARNING urllib3.connectionpool: Connection pool is full, discarding connection: 127.0.0.1. Connection pool size: 16
2026-10-07 16:04:57,239 WARNING urllib3.connectionpool: Connection pool is full, discarding connection: 127.0.0.1. Connection pool size: 16
2026-10-07 16:04:57,335 WARNING urllib3.connectionpool: Connection pool is full, discarding connection: 127.0.0.1. Connection pool size: 16
2026-10-07 16:04:57,386 WARNING urllib3.connectionpool: Connection pool is full, discarding connection: 127.0.0.1. Connection pool size: 16
2026-10-07 16:04:57,517 WARNING urllib3.connectionpool: Connection pool is full, discarding connection: 127.0.0.1. Connection pool size: 16
2026-10-07 16:04:57,666 WARNING urllib3.connectionpool: Connection pool is full, discarding connection: 127.0.0.1. Connection pool size: 16
2026-10-07 16:04:57,676 WARNING urllib3.connectionpool: Connection pool is full, discarding connection: 127.0.0.1. Connection pool size: 16
2026-10-07 16:04:57,681 WARNING urllib3.connectionpool: Connection pool is full, discarding connection: 127.0.0.1. Connection pool size: 16
2026-10-07 16:04:57,699 WARNING urllib3.connectionpool: Connection pool is full, discarding connection: 127.0.0.1. Connection pool size: 16
2026-10-07 16:04:57,705 WARNING urllib3.connectionpool: Connection pool is full, discarding connection: 127.0.0.1. Connection pool size: 16
2026-10-07 16:04:57,724 WARNING urllib3.connectionpool: Connection pool is full, discarding connection: 127.0.0.1. Connection pool size: 16
2026-10-07 16:04:57,726 WARNING urllib3.connectionpool: Connection pool is full, discarding connection: 127.0.0.1. Connection pool size: 16
2026-10-07 16:04:57,726 WARNING urllib3.connectionpool: Connection pool is full, discarding connection: 127.0.0.1. Connection pool size: 16
2026-10-07 16:04:57,733 WARNING urllib3.connectionpool: Connection pool is full, discarding connection: 127.0.0.1. Connection pool size: 16
2026-10-07 16:04:57,745 WARNING urllib3.connectionpool: Connection pool is full, discarding connection: 127.0.0.1. Connection pool size: 16
2026-10-07 16:04:57,756 WARNING urllib3.connectionpool: Connection pool is full, discarding connection: 127.0.0.1. Connection pool size: 16
2026-10-07 16:04:57,765 WARNING urllib3.connectionpool: Connection pool is full, discarding connection: 127.0.0.1. Connection pool size: 16
2026-10-07 16:04:57,775 WARNING urllib3.connectionpool: Connection pool is full, discarding connection: 127.0.0.1. Connection pool size: 16
2026-10-07 16:04:57,779 WARNING urllib3.connectionpool: Connection pool is full, discarding connection: 127.0.0.1. Connection pool size: 16
2026-10-07 16:04:57,803 WARNING urllib3.connectionpool: Connection pool is full, discarding connection: 127.0.0.1. Connection pool size: 16
2026-10-07 16:04:57,808 WARNING urllib3.connectionpool: Connection pool is full, discarding connection: 127.0.0.1. Connection pool size: 16
2026-10-07 16:04:57,809 WARNING urllib3.connectionpool: Connection pool is full, discarding connection: 127.0.0.1. Connection pool size: 16
2026-10-07 16:04:57,821 WARNING urllib3.connectionpool: Connection pool is full, discarding connection: 127.0.0.1. Connection pool size: 16
2026-10-07 16:04:57,824 WARNING urllib3.connectionpool: Connection pool is full, discarding connection: 127.0.0.1. Connection pool size: 16
2026-10-07 16:04:57,833 WARNING urllib3.connectionpool: Connection pool is full, discarding connection: 127.0.0.1. Connection pool size: 16
2026-10-07 16:04:57,843 WARNING urllib3.connectionpool: Connection pool is full, discarding connection: 127.0.0.1. Connection pool size: 16
2026-10-07 16:04:57,844 WARNING urllib3.connectionpool: Connection pool is full, discarding connection: 127.0.0.1. Connection pool size: 16
2026-10-07 16:04:57,863 WARNING urllib3.connectionpool: Connection pool is full, discarding connection: 127.0.0.1. Connection pool size: 16
2026-10-07 16:04:57,888 WARNING urllib3.connectionpool: Connection pool is full, discarding connection: 127.0.0.1. Connection pool size: 16
2026-10-07 16:04:57,915 WARNING urllib3.connectionpool: Connection pool is full, discarding connection: 127.0.0.1. Connection pool size: 16
2026-10-07 16:04:57,916 WARNING urllib3.connectionpool: Connection pool is full, discarding connection: 127.0.0.1. Connection pool size: 16
2026-10-07 16:04:57,918 WARNING urllib3.connectionpool: Connection pool is full, discarding connection: 127.0.0.1. Connection pool size: 16
2026-10-07 16:04:57,932 WARNING urllib3.connectionpool: Connection pool is full, discarding connection: 127.0.0.1. Connection pool size: 16
2026-10-07 16:04:57,937 WARNING urllib3.connectionpool: Connection pool is full, discarding connection: 127.0.0.1. Connection pool size: 16
2026-10-07 16:04:57,941 WARNING urllib3.connectionpool: Connection pool is full, discarding connection: 127.0.0.1. Connection pool size: 16
2026-10-07 16:04:57,941 WARNING urllib3.connectionpool: Connection pool is full, discarding connection: 127.0.0.1. Connection pool size: 16
2026-10-07 16:04:57,949 WARNING urllib3.connectionpool: Connection pool is full, discarding connection: 127.0.0.1. Connection pool size: 16
2026-10-07 16:04:57,989 WARNING urllib3.connectionpool: Connection pool is full, discarding connection: 127.0.0.1. Connection pool size: 16
2026-10-07 16:04:57,993 WARNING urllib3.connectionpool: Connection pool is full, discarding connection: 127.0.0.1. Connection pool size: 16
2026-10-07 16:04:57,999 WARNING urllib3.connectionpool: Connection pool is full, discarding connection: 127.0.0.1. Connection pool size: 16
2026-10-07 16:04:58,010 WARNING urllib3.connectionpool: Connection pool is full, discarding connection: 127.0.0.1. Connection pool size: 16
2026-10-07 16:04:58,025 WARNING urllib3.connectionpool: Connection pool is full, discarding connection: 127.0.0.1. Connection pool size: 16
2026-10-07 16:04:58,060 WARNING urllib3.connectionpool: Connection pool is full, discarding connection: 127.0.0.1. Connection pool size: 16
2026-10-07 16:04:58,491 WARNING urllib3.connectionpool: Connection pool is full, discarding connection: 127.0.0.1. Connection pool size: 16
2026-10-07 16:04:58,544 WARNING urllib3.connectionpool: Connection pool is full, discarding connection: 127.0.0.1. Connection pool size: 16
2026-10-07 16:04:58,996 WARNING urllib3.connectionpool: Connection pool is full, discarding connection: 127.0.0.1. Connection pool size: 16
2026-10-07 16:05:01,292 WARNING urllib3.connectionpool: Connection pool is full, discarding connection: 127.0.0.1. Connection pool size: 16
2026-10-07 16:05:01,301 WARNING urllib3.connectionpool: Connection pool is full, discarding connection: 127.0.0.1. Connection pool size: 16
2026-10-07 16:05:01,327 WARNING urllib3.connectionpool: Connection pool is full, discarding connection: 127.0.0.1. Connection pool size: 16
2026-10-07 16:05:01,346 WARNING urllib3.connectionpool: Connection pool is full, discarding connection: 127.0.0.1. Connection pool size: 16
2026-10-07 16:05:01,356 WARNING urllib3.connectionpool: Connection pool is full, discarding connection: 127.0.0.1. Connection pool size: 16
2026-10-07 16:05:01,365 WARNING urllib3.connectionpool: Connection pool is full, discarding connection: 127.0.0.1. Connection pool size: 16
2026-10-07 16:07:42,994 INFO server: PCB_Ins v2 后台服务启动: http://127.0.0.1:8022
2026-10-07 16:07:44,731 INFO app.core.task_queue: [taskq] 检测任务队列已启动（2 worker）
2026-10-07 16:07:51,820 WARNING urllib3.connectionpool: Connection pool is full, discarding connection: 127.0.0.1. Connection pool size: 16
2026-10-07 16:07:51,844 WARNING urllib3.connectionpool: Connection pool is full, discarding connection: 127.0.0.1. Connection pool size: 16
2026-10-07 16:07:51,848 WARNING urllib3.connectionpool: Connection pool is full, discarding connection: 127.0.0.1. Connection pool size: 16
2026-10-07 16:07:51,867 WARNING urllib3.connectionpool: Connection pool is full, discarding connection: 127.0.0.1. Connection pool size: 16
2026-10-07 16:07:51,868 WARNING urllib3.connectionpool: Connection pool is full, discarding connection: 127.0.0.1. Connection pool size: 16
2026-10-07 16:07:51,880 WARNING urllib3.connectionpool: Connection pool is full, discarding connection: 127.0.0.1. Connection pool size: 16
2026-10-07 16:07:51,914 WARNING urllib3.connectionpool: Connection pool is full, discarding connection: 127.0.0.1. Connection pool size: 16
2026-10-07 16:07:51,923 WARNING urllib3.connectionpool: Connection pool is full, discarding connection: 127.0.0.1. Connection pool size: 16
2026-10-07 16:07:51,933 WARNING urllib3.connectionpool: Connection pool is full, discarding connection: 127.0.0.1. Connection pool size: 16
2026-10-07 16:07:51,950 WARNING urllib3.connectionpool: Connection pool is full, discarding connection: 127.0.0.1. Connection pool size: 16
2026-10-07 16:07:51,963 WARNING urllib3.connectionpool: Connection pool is full, discarding connection: 127.0.0.1. Connection pool size: 16
2026-10-07 16:07:51,966 WARNING urllib3.connectionpool: Connection pool is full, discarding connection: 127.0.0.1. Connection pool size: 16
2026-10-07 16:07:51,966 WARNING urllib3.connectionpool: Connection pool is full, discarding connection: 127.0.0.1. Connection pool size: 16
2026-10-07 16:07:51,974 WARNING urllib3.connectionpool: Connection pool is full, discarding connection: 127.0.0.1. Connection pool size: 16
2026-10-07 16:07:51,984 WARNING urllib3.connectionpool: Connection pool is full, discarding connection: 127.0.0.1. Connection pool size: 16
2026-10-07 16:07:51,986 WARNING urllib3.connectionpool: Connection pool is full, discarding connection: 127.0.0.1. Connection pool size: 16
2026-10-07 16:07:52,015 WARNING urllib3.connectionpool: Connection pool is full, discarding connection: 127.0.0.1. Connection pool size: 16
2026-10-07 16:07:52,030 WARNING urllib3.connectionpool: Connection pool is full, discarding connection: 127.0.0.1. Connection pool size: 16
2026-10-07 16:07:52,031 WARNING urllib3.connectionpool: Connection pool is full, discarding connection: 127.0.0.1. Connection pool size: 16
2026-10-07 16:07:52,040 WARNING urllib3.connectionpool: Connection pool is full, discarding connection: 127.0.0.1. Connection pool size: 16
2026-10-07 16:07:52,060 WARNING urllib3.connectionpool: Connection pool is full, discarding connection: 127.0.0.1. Connection pool size: 16
2026-10-07 16:07:52,060 WARNING urllib3.connectionpool: Connection pool is full, discarding connection: 127.0.0.1. Connection pool size: 16
2026-10-07 16:07:52,060 WARNING urllib3.connectionpool: Connection pool is full, discarding connection: 127.0.0.1. Connection pool size: 16
2026-10-07 16:07:52,090 WARNING urllib3.connectionpool: Connection pool is full, discarding connection: 127.0.0.1. Connection pool size: 16
2026-10-07 16:07:52,090 WARNING urllib3.connectionpool: Connection pool is full, discarding connection: 127.0.0.1. Connection pool size: 16
2026-10-07 16:07:52,108 WARNING urllib3.connectionpool: Connection pool is full, discarding connection: 127.0.0.1. Connection pool size: 16
2026-10-07 16:07:52,112 WARNING urllib3.connectionpool: Connection pool is full, discarding connection: 127.0.0.1. Connection pool size: 16
2026-10-07 16:07:52,132 WARNING urllib3.connectionpool: Connection pool is full, discarding connection: 127.0.0.1. Connection pool size: 16
2026-10-07 16:07:52,166 WARNING urllib3.connectionpool: Connection pool is full, discarding connection: 127.0.0.1. Connection pool size: 16
2026-10-07 16:07:52,176 WARNING urllib3.connectionpool: Connection pool is full, discarding connection: 127.0.0.1. Connection pool size: 16
2026-10-07 16:07:52,176 WARNING urllib3.connectionpool: Connection pool is full, discarding connection: 127.0.0.1. Connection pool size: 16
2026-10-07 16:07:52,181 WARNING urllib3.connectionpool: Connection pool is full, discarding connection: 127.0.0.1. Connection pool size: 16
2026-10-07 16:07:52,191 WARNING urllib3.connectionpool: Connection pool is full, discarding connection: 127.0.0.1. Connection pool size: 16
2026-10-07 16:07:52,203 WARNING urllib3.connectionpool: Connection pool is full, discarding connection: 127.0.0.1. Connection pool size: 16
2026-10-07 16:07:52,203 WARNING urllib3.connectionpool: Connection pool is full, discarding connection: 127.0.0.1. Connection pool size: 16
2026-10-07 16:07:52,212 WARNING urllib3.connectionpool: Connection pool is full, discarding connection: 127.0.0.1. Connection pool size: 16
2026-10-07 16:07:52,212 WARNING urllib3.connectionpool: Connection pool is full, discarding connection: 127.0.0.1. Connection pool size: 16
2026-10-07 16:07:52,216 WARNING urllib3.connectionpool: Connection pool is full, discarding connection: 127.0.0.1. Connection pool size: 16
2026-10-07 16:07:52,217 WARNING urllib3.connectionpool: Connection pool is full, discarding connection: 127.0.0.1. Connection pool size: 16
2026-10-07 16:07:52,254 WARNING urllib3.connectionpool: Connection pool is full, discarding connection: 127.0.0.1. Connection pool size: 16
2026-10-07 16:07:52,261 WARNING urllib3.connectionpool: Connection pool is full, discarding connection: 127.0.0.1. Connection pool size: 16
2026-10-07 16:07:52,263 WARNING urllib3.connectionpool: Connection pool is full, discarding connection: 127.0.0.1. Connection pool size: 16
2026-10-07 16:07:52,282 WARNING urllib3.connectionpool: Connection pool is full, discarding connection: 127.0.0.1. Connection pool size: 16
2026-10-07 16:07:52,302 WARNING urllib3.connectionpool: Connection pool is full, discarding connection: 127.0.0.1. Connection pool size: 16
2026-10-07 16:07:52,303 WARNING urllib3.connectionpool: Connection pool is full, discarding connection: 127.0.0.1. Connection pool size: 16
2026-10-07 16:07:52,326 WARNING urllib3.connectionpool: Connection pool is full, discarding connection: 127.0.0.1. Connection pool size: 16
2026-10-07 16:07:52,326 WARNING urllib3.connectionpool: Connection pool is full, discarding connection: 127.0.0.1. Connection pool size: 16
2026-10-07 16:07:52,332 WARNING urllib3.connectionpool: Connection pool is full, discarding connection: 127.0.0.1. Connection pool size: 16
2026-10-07 16:07:52,349 WARNING urllib3.connectionpool: Connection pool is full, discarding connection: 127.0.0.1. Connection pool size: 16
2026-10-07 16:07:52,349 WARNING urllib3.connectionpool: Connection pool is full, discarding connection: 127.0.0.1. Connection pool size: 16
2026-10-07 16:07:52,350 WARNING urllib3.connectionpool: Connection pool is full, discarding connection: 127.0.0.1. Connection pool size: 16
2026-10-07 16:07:52,365 WARNING urllib3.connectionpool: Connection pool is full, discarding connection: 127.0.0.1. Connection pool size: 16
2026-10-07 16:07:52,382 WARNING urllib3.connectionpool: Connection pool is full, discarding connection: 127.0.0.1. Connection pool size: 16
2026-10-07 16:07:52,390 WARNING urllib3.connectionpool: Connection pool is full, discarding connection: 127.0.0.1. Connection pool size: 16
2026-10-07 16:07:52,391 WARNING urllib3.connectionpool: Connection pool is full, discarding connection: 127.0.0.1. Connection pool size: 16
2026-10-07 16:07:52,396 WARNING urllib3.connectionpool: Connection pool is full, discarding connection: 127.0.0.1. Connection pool size: 16
2026-10-07 16:07:52,401 WARNING urllib3.connectionpool: Connection pool is full, discarding connection: 127.0.0.1. Connection pool size: 16
2026-10-07 16:07:52,415 WARNING urllib3.connectionpool: Connection pool is full, discarding connection: 127.0.0.1. Connection pool size: 16
2026-10-07 16:07:52,416 WARNING urllib3.connectionpool: Connection pool is full, discarding connection: 127.0.0.1. Connection pool size: 16
2026-10-07 16:07:52,427 WARNING urllib3.connectionpool: Connection pool is full, discarding connection: 127.0.0.1. Connection pool size: 16
2026-10-07 16:07:52,428 WARNING urllib3.connectionpool: Connection pool is full, discarding connection: 127.0.0.1. Connection pool size: 16
2026-10-07 16:07:52,433 WARNING urllib3.connectionpool: Connection pool is full, discarding connection: 127.0.0.1. Connection pool size: 16
2026-10-07 16:07:52,433 WARNING urllib3.connectionpool: Connection pool is full, discarding connection: 127.0.0.1. Connection pool size: 16
2026-10-07 16:07:52,443 WARNING urllib3.connectionpool: Connection pool is full, discarding connection: 127.0.0.1. Connection pool size: 16
2026-10-07 16:07:52,443 WARNING urllib3.connectionpool: Connection pool is full, discarding connection: 127.0.0.1. Connection pool size: 16
2026-10-07 16:07:52,466 WARNING urllib3.connectionpool: Connection pool is full, discarding connection: 127.0.0.1. Connection pool size: 16
2026-10-07 16:07:52,480 WARNING urllib3.connectionpool: Connection pool is full, discarding connection: 127.0.0.1. Connection pool size: 16
2026-10-07 16:07:52,496 WARNING urllib3.connectionpool: Connection pool is full, discarding connection: 127.0.0.1. Connection pool size: 16
2026-10-07 16:07:52,506 WARNING urllib3.connectionpool: Connection pool is full, discarding connection: 127.0.0.1. Connection pool size: 16
2026-10-07 16:07:52,523 WARNING urllib3.connectionpool: Connection pool is full, discarding connection: 127.0.0.1. Connection pool size: 16
2026-10-07 16:07:52,524 WARNING urllib3.connectionpool: Connection pool is full, discarding connection: 127.0.0.1. Connection pool size: 16
2026-10-07 16:07:52,530 WARNING urllib3.connectionpool: Connection pool is full, discarding connection: 127.0.0.1. Connection pool size: 16
2026-10-07 16:07:52,531 WARNING urllib3.connectionpool: Connection pool is full, discarding connection: 127.0.0.1. Connection pool size: 16
2026-10-07 16:07:52,534 WARNING urllib3.connectionpool: Connection pool is full, discarding connection: 127.0.0.1. Connection pool size: 16
2026-10-07 16:07:52,534 WARNING urllib3.connectionpool: Connection pool is full, discarding connection: 127.0.0.1. Connection pool size: 16
2026-10-07 16:07:52,534 WARNING urllib3.connectionpool: Connection pool is full, discarding connection: 127.0.0.1. Connection pool size: 16
2026-10-07 16:07:52,543 WARNING urllib3.connectionpool: Connection pool is full, discarding connection: 127.0.0.1. Connection pool size: 16
2026-10-07 16:07:52,553 WARNING urllib3.connectionpool: Connection pool is full, discarding connection: 127.0.0.1. Connection pool size: 16
2026-10-07 16:07:52,553 WARNING urllib3.connectionpool: Connection pool is full, discarding connection: 127.0.0.1. Connection pool size: 16
2026-10-07 16:07:52,553 WARNING urllib3.connectionpool: Connection pool is full, discarding connection: 127.0.0.1. Connection pool size: 16
2026-10-07 16:07:52,557 WARNING urllib3.connectionpool: Connection pool is full, discarding connection: 127.0.0.1. Connection pool size: 16
2026-10-07 16:07:52,564 WARNING urllib3.connectionpool: Connection pool is full, discarding connection: 127.0.0.1. Connection pool size: 16
2026-10-07 16:07:52,566 WARNING urllib3.connectionpool: Connection pool is full, discarding connection: 127.0.0.1. Connection pool size: 16
2026-10-07 16:07:52,566 WARNING urllib3.connectionpool: Connection pool is full, discarding connection: 127.0.0.1. Connection pool size: 16
2026-10-07 16:07:52,569 WARNING urllib3.connectionpool: Connection pool is full, discarding connection: 127.0.0.1. Connection pool size: 16
2026-10-07 16:07:52,694 WARNING urllib3.connectionpool: Connection pool is full, discarding connection: 127.0.0.1. Connection pool size: 16
2026-10-07 16:07:52,696 WARNING urllib3.connectionpool: Connection pool is full, discarding connection: 127.0.0.1. Connection pool size: 16
2026-10-07 16:07:52,706 WARNING urllib3.connectionpool: Connection pool is full, discarding connection: 127.0.0.1. Connection pool size: 16
2026-10-07 16:07:52,715 WARNING urllib3.connectionpool: Connection pool is full, discarding connection: 127.0.0.1. Connection pool size: 16
2026-10-07 16:07:52,719 WARNING urllib3.connectionpool: Connection pool is full, discarding connection: 127.0.0.1. Connection pool size: 16
2026-10-07 16:07:52,725 WARNING urllib3.connectionpool: Connection pool is full, discarding connection: 127.0.0.1. Connection pool size: 16
2026-10-07 16:07:52,736 WARNING urllib3.connectionpool: Connection pool is full, discarding connection: 127.0.0.1. Connection pool size: 16
2026-10-07 16:14:38,240 INFO server: PCB_Ins v2 后台服务启动: http://127.0.0.1:8022
2026-10-07 16:14:40,043 INFO app.core.task_queue: [taskq] 检测任务队列已启动（2 worker）
2026-10-07 16:14:47,164 WARNING urllib3.connectionpool: Connection pool is full, discarding connection: 127.0.0.1. Connection pool size: 16
2026-10-07 16:14:47,181 WARNING urllib3.connectionpool: Connection pool is full, discarding connection: 127.0.0.1. Connection pool size: 16
2026-10-07 16:14:47,223 WARNING urllib3.connectionpool: Connection pool is full, discarding connection: 127.0.0.1. Connection pool size: 16
2026-10-07 16:14:47,225 WARNING urllib3.connectionpool: Connection pool is full, discarding connection: 127.0.0.1. Connection pool size: 16
2026-10-07 16:14:47,257 WARNING urllib3.connectionpool: Connection pool is full, discarding connection: 127.0.0.1. Connection pool size: 16
2026-10-07 16:14:47,260 WARNING urllib3.connectionpool: Connection pool is full, discarding connection: 127.0.0.1. Connection pool size: 16
2026-10-07 16:14:47,266 WARNING urllib3.connectionpool: Connection pool is full, discarding connection: 127.0.0.1. Connection pool size: 16
2026-10-07 16:14:47,295 WARNING urllib3.connectionpool: Connection pool is full, discarding connection: 127.0.0.1. Connection pool size: 16
2026-10-07 16:14:47,297 WARNING urllib3.connectionpool: Connection pool is full, discarding connection: 127.0.0.1. Connection pool size: 16
2026-10-07 16:14:47,322 WARNING urllib3.connectionpool: Connection pool is full, discarding connection: 127.0.0.1. Connection pool size: 16
2026-10-07 16:14:47,334 WARNING urllib3.connectionpool: Connection pool is full, discarding connection: 127.0.0.1. Connection pool size: 16
2026-10-07 16:14:47,334 WARNING urllib3.connectionpool: Connection pool is full, discarding connection: 127.0.0.1. Connection pool size: 16
2026-10-07 16:14:47,335 WARNING urllib3.connectionpool: Connection pool is full, discarding connection: 127.0.0.1. Connection pool size: 16
2026-10-07 16:14:47,355 WARNING urllib3.connectionpool: Connection pool is full, discarding connection: 127.0.0.1. Connection pool size: 16
2026-10-07 16:14:47,364 WARNING urllib3.connectionpool: Connection pool is full, discarding connection: 127.0.0.1. Connection pool size: 16
2026-10-07 16:14:47,365 WARNING urllib3.connectionpool: Connection pool is full, discarding connection: 127.0.0.1. Connection pool size: 16
2026-10-07 16:14:47,380 WARNING urllib3.connectionpool: Connection pool is full, discarding connection: 127.0.0.1. Connection pool size: 16
2026-10-07 16:14:47,409 WARNING urllib3.connectionpool: Connection pool is full, discarding connection: 127.0.0.1. Connection pool size: 16
2026-10-07 16:14:47,412 WARNING urllib3.connectionpool: Connection pool is full, discarding connection: 127.0.0.1. Connection pool size: 16
2026-10-07 16:14:47,425 WARNING urllib3.connectionpool: Connection pool is full, discarding connection: 127.0.0.1. Connection pool size: 16
2026-10-07 16:14:47,431 WARNING urllib3.connectionpool: Connection pool is full, discarding connection: 127.0.0.1. Connection pool size: 16
2026-10-07 16:14:47,459 WARNING urllib3.connectionpool: Connection pool is full, discarding connection: 127.0.0.1. Connection pool size: 16
2026-10-07 16:14:47,469 WARNING urllib3.connectionpool: Connection pool is full, discarding connection: 127.0.0.1. Connection pool size: 16
2026-10-07 16:14:47,476 WARNING urllib3.connectionpool: Connection pool is full, discarding connection: 127.0.0.1. Connection pool size: 16
2026-10-07 16:14:47,476 WARNING urllib3.connectionpool: Connection pool is full, discarding connection: 127.0.0.1. Connection pool size: 16
2026-10-07 16:14:47,497 WARNING urllib3.connectionpool: Connection pool is full, discarding connection: 127.0.0.1. Connection pool size: 16
2026-10-07 16:14:47,515 WARNING urllib3.connectionpool: Connection pool is full, discarding connection: 127.0.0.1. Connection pool size: 16
2026-10-07 16:14:47,519 WARNING urllib3.connectionpool: Connection pool is full, discarding connection: 127.0.0.1. Connection pool size: 16
2026-10-07 16:14:47,522 WARNING urllib3.connectionpool: Connection pool is full, discarding connection: 127.0.0.1. Connection pool size: 16
2026-10-07 16:14:47,531 WARNING urllib3.connectionpool: Connection pool is full, discarding connection: 127.0.0.1. Connection pool size: 16
2026-10-07 16:14:47,533 WARNING urllib3.connectionpool: Connection pool is full, discarding connection: 127.0.0.1. Connection pool size: 16
2026-10-07 16:14:47,571 WARNING urllib3.connectionpool: Connection pool is full, discarding connection: 127.0.0.1. Connection pool size: 16
2026-10-07 16:14:47,572 WARNING urllib3.connectionpool: Connection pool is full, discarding connection: 127.0.0.1. Connection pool size: 16
2026-10-07 16:14:47,581 WARNING urllib3.connectionpool: Connection pool is full, discarding connection: 127.0.0.1. Connection pool size: 16
2026-10-07 16:14:47,582 WARNING urllib3.connectionpool: Connection pool is full, discarding connection: 127.0.0.1. Connection pool size: 16
2026-10-07 16:14:47,588 WARNING urllib3.connectionpool: Connection pool is full, discarding connection: 127.0.0.1. Connection pool size: 16
2026-10-07 16:14:47,608 WARNING urllib3.connectionpool: Connection pool is full, discarding connection: 127.0.0.1. Connection pool size: 16
2026-10-07 16:14:47,629 WARNING urllib3.connectionpool: Connection pool is full, discarding connection: 127.0.0.1. Connection pool size: 16
2026-10-07 16:14:47,637 WARNING urllib3.connectionpool: Connection pool is full, discarding connection: 127.0.0.1. Connection pool size: 16
2026-10-07 16:14:47,637 WARNING urllib3.connectionpool: Connection pool is full, discarding connection: 127.0.0.1. Connection pool size: 16
2026-10-07 16:14:47,645 WARNING urllib3.connectionpool: Connection pool is full, discarding connection: 127.0.0.1. Connection pool size: 16
2026-10-07 16:14:47,647 WARNING urllib3.connectionpool: Connection pool is full, discarding connection: 127.0.0.1. Connection pool size: 16
2026-10-07 16:14:47,648 WARNING urllib3.connectionpool: Connection pool is full, discarding connection: 127.0.0.1. Connection pool size: 16
2026-10-07 16:14:47,674 WARNING urllib3.connectionpool: Connection pool is full, discarding connection: 127.0.0.1. Connection pool size: 16
2026-10-07 16:14:47,675 WARNING urllib3.connectionpool: Connection pool is full, discarding connection: 127.0.0.1. Connection pool size: 16
2026-10-07 16:14:47,675 WARNING urllib3.connectionpool: Connection pool is full, discarding connection: 127.0.0.1. Connection pool size: 16
2026-10-07 16:14:47,690 WARNING urllib3.connectionpool: Connection pool is full, discarding connection: 127.0.0.1. Connection pool size: 16
2026-10-07 16:14:47,698 WARNING urllib3.connectionpool: Connection pool is full, discarding connection: 127.0.0.1. Connection pool size: 16
2026-10-07 16:14:47,699 WARNING urllib3.connectionpool: Connection pool is full, discarding connection: 127.0.0.1. Connection pool size: 16
2026-10-07 16:14:47,706 WARNING urllib3.connectionpool: Connection pool is full, discarding connection: 127.0.0.1. Connection pool size: 16
2026-10-07 16:14:47,706 WARNING urllib3.connectionpool: Connection pool is full, discarding connection: 127.0.0.1. Connection pool size: 16
2026-10-07 16:14:47,714 WARNING urllib3.connectionpool: Connection pool is full, discarding connection: 127.0.0.1. Connection pool size: 16
2026-10-07 16:14:47,732 WARNING urllib3.connectionpool: Connection pool is full, discarding connection: 127.0.0.1. Connection pool size: 16
2026-10-07 16:14:47,742 WARNING urllib3.connectionpool: Connection pool is full, discarding connection: 127.0.0.1. Connection pool size: 16
2026-10-07 16:14:47,743 WARNING urllib3.connectionpool: Connection pool is full, discarding connection: 127.0.0.1. Connection pool size: 16
2026-10-07 16:14:47,749 WARNING urllib3.connectionpool: Connection pool is full, discarding connection: 127.0.0.1. Connection pool size: 16
2026-10-07 16:14:47,757 WARNING urllib3.connectionpool: Connection pool is full, discarding connection: 127.0.0.1. Connection pool size: 16
2026-10-07 16:14:47,778 WARNING urllib3.connectionpool: Connection pool is full, discarding connection: 127.0.0.1. Connection pool size: 16
2026-10-07 16:14:47,783 WARNING urllib3.connectionpool: Connection pool is full, discarding connection: 127.0.0.1. Connection pool size: 16
2026-10-07 16:14:47,794 WARNING urllib3.connectionpool: Connection pool is full, discarding connection: 127.0.0.1. Connection pool size: 16
2026-10-07 16:14:47,799 WARNING urllib3.connectionpool: Connection pool is full, discarding connection: 127.0.0.1. Connection pool size: 16
2026-10-07 16:14:47,800 WARNING urllib3.connectionpool: Connection pool is full, discarding connection: 127.0.0.1. Connection pool size: 16
2026-10-07 16:14:47,821 WARNING urllib3.connectionpool: Connection pool is full, discarding connection: 127.0.0.1. Connection pool size: 16
2026-10-07 16:14:47,828 WARNING urllib3.connectionpool: Connection pool is full, discarding connection: 127.0.0.1. Connection pool size: 16
2026-10-07 16:14:47,828 WARNING urllib3.connectionpool: Connection pool is full, discarding connection: 127.0.0.1. Connection pool size: 16
2026-10-07 16:14:47,838 WARNING urllib3.connectionpool: Connection pool is full, discarding connection: 127.0.0.1. Connection pool size: 16
2026-10-07 16:14:47,838 WARNING urllib3.connectionpool: Connection pool is full, discarding connection: 127.0.0.1. Connection pool size: 16
2026-10-07 16:14:47,846 WARNING urllib3.connectionpool: Connection pool is full, discarding connection: 127.0.0.1. Connection pool size: 16
2026-10-07 16:14:47,847 WARNING urllib3.connectionpool: Connection pool is full, discarding connection: 127.0.0.1. Connection pool size: 16
2026-10-07 16:14:47,863 WARNING urllib3.connectionpool: Connection pool is full, discarding connection: 127.0.0.1. Connection pool size: 16
2026-10-07 16:14:47,865 WARNING urllib3.connectionpool: Connection pool is full, discarding connection: 127.0.0.1. Connection pool size: 16
2026-10-07 16:14:47,869 WARNING urllib3.connectionpool: Connection pool is full, discarding connection: 127.0.0.1. Connection pool size: 16
2026-10-07 16:14:47,870 WARNING urllib3.connectionpool: Connection pool is full, discarding connection: 127.0.0.1. Connection pool size: 16
2026-10-07 16:14:47,874 WARNING urllib3.connectionpool: Connection pool is full, discarding connection: 127.0.0.1. Connection pool size: 16
2026-10-07 16:14:47,884 WARNING urllib3.connectionpool: Connection pool is full, discarding connection: 127.0.0.1. Connection pool size: 16
2026-10-07 16:14:47,889 WARNING urllib3.connectionpool: Connection pool is full, discarding connection: 127.0.0.1. Connection pool size: 16
2026-10-07 16:14:47,890 WARNING urllib3.connectionpool: Connection pool is full, discarding connection: 127.0.0.1. Connection pool size: 16
2026-10-07 16:14:47,899 WARNING urllib3.connectionpool: Connection pool is full, discarding connection: 127.0.0.1. Connection pool size: 16
2026-10-07 16:14:47,900 WARNING urllib3.connectionpool: Connection pool is full, discarding connection: 127.0.0.1. Connection pool size: 16
2026-10-07 16:14:47,909 WARNING urllib3.connectionpool: Connection pool is full, discarding connection: 127.0.0.1. Connection pool size: 16
2026-10-07 16:14:47,912 WARNING urllib3.connectionpool: Connection pool is full, discarding connection: 127.0.0.1. Connection pool size: 16
2026-10-07 16:14:47,922 WARNING urllib3.connectionpool: Connection pool is full, discarding connection: 127.0.0.1. Connection pool size: 16
2026-10-07 16:14:47,926 WARNING urllib3.connectionpool: Connection pool is full, discarding connection: 127.0.0.1. Connection pool size: 16
2026-10-07 16:14:47,941 WARNING urllib3.connectionpool: Connection pool is full, discarding connection: 127.0.0.1. Connection pool size: 16
2026-10-07 16:14:47,962 WARNING urllib3.connectionpool: Connection pool is full, discarding connection: 127.0.0.1. Connection pool size: 16
2026-10-07 16:14:48,086 WARNING urllib3.connectionpool: Connection pool is full, discarding connection: 127.0.0.1. Connection pool size: 15
2026-10-07 16:14:48,265 WARNING urllib3.connectionpool: Connection pool is full, discarding connection: 127.0.0.1. Connection pool size: 16
2026-10-07 16:14:48,438 WARNING urllib3.connectionpool: Connection pool is full, discarding connection: 127.0.0.1. Connection pool size: 16
2026-10-07 16:14:48,438 WARNING urllib3.connectionpool: Connection pool is full, discarding connection: 127.0.0.1. Connection pool size: 16
2026-10-07 16:14:48,447 WARNING urllib3.connectionpool: Connection pool is full, discarding connection: 127.0.0.1. Connection pool size: 16
2026-10-07 16:14:48,458 WARNING urllib3.connectionpool: Connection pool is full, discarding connection: 127.0.0.1. Connection pool size: 16
2026-10-07 16:14:48,461 WARNING urllib3.connectionpool: Connection pool is full, discarding connection: 127.0.0.1. Connection pool size: 16
2026-10-07 17:20:32,472 INFO server: PCB_Ins v2 后台服务启动: http://127.0.0.1:8022
2026-10-07 17:20:33,889 INFO app.core.task_queue: [taskq] 检测任务队列已启动（2 worker）
2026-10-07 17:20:34,451 INFO app.core.aoi_core_launcher: 已拉起 AOI_Core 子进程 pid=14588
2026-10-07 17:20:49,179 WARNING urllib3.connectionpool: Connection pool is full, discarding connection: 127.0.0.1. Connection pool size: 16
2026-10-07 17:20:49,179 WARNING urllib3.connectionpool: Connection pool is full, discarding connection: 127.0.0.1. Connection pool size: 16
2026-10-07 17:20:49,179 WARNING urllib3.connectionpool: Connection pool is full, discarding connection: 127.0.0.1. Connection pool size: 16
2026-10-07 17:20:49,232 WARNING urllib3.connectionpool: Connection pool is full, discarding connection: 127.0.0.1. Connection pool size: 16
2026-10-07 17:20:49,233 WARNING urllib3.connectionpool: Connection pool is full, discarding connection: 127.0.0.1. Connection pool size: 16
2026-10-07 17:20:49,233 WARNING urllib3.connectionpool: Connection pool is full, discarding connection: 127.0.0.1. Connection pool size: 16
2026-10-07 17:20:49,234 WARNING urllib3.connectionpool: Connection pool is full, discarding connection: 127.0.0.1. Connection pool size: 16
2026-10-07 17:20:49,234 WARNING urllib3.connectionpool: Connection pool is full, discarding connection: 127.0.0.1. Connection pool size: 16
2026-10-07 17:20:49,242 WARNING urllib3.connectionpool: Connection pool is full, discarding connection: 127.0.0.1. Connection pool size: 16
2026-10-07 17:20:49,242 WARNING urllib3.connectionpool: Connection pool is full, discarding connection: 127.0.0.1. Connection pool size: 16
2026-10-07 17:20:49,249 WARNING urllib3.connectionpool: Connection pool is full, discarding connection: 127.0.0.1. Connection pool size: 16
2026-10-07 17:20:49,299 WARNING urllib3.connectionpool: Connection pool is full, discarding connection: 127.0.0.1. Connection pool size: 16
2026-10-07 17:20:49,299 WARNING urllib3.connectionpool: Connection pool is full, discarding connection: 127.0.0.1. Connection pool size: 16
2026-10-07 17:20:49,299 WARNING urllib3.connectionpool: Connection pool is full, discarding connection: 127.0.0.1. Connection pool size: 16
2026-10-07 17:20:49,299 WARNING urllib3.connectionpool: Connection pool is full, discarding connection: 127.0.0.1. Connection pool size: 16
2026-10-07 17:20:49,299 WARNING urllib3.connectionpool: Connection pool is full, discarding connection: 127.0.0.1. Connection pool size: 16
2026-10-07 17:20:49,308 WARNING urllib3.connectionpool: Connection pool is full, discarding connection: 127.0.0.1. Connection pool size: 16
2026-10-07 17:20:49,308 WARNING urllib3.connectionpool: Connection pool is full, discarding connection: 127.0.0.1. Connection pool size: 16
2026-10-07 17:20:49,309 WARNING urllib3.connectionpool: Connection pool is full, discarding connection: 127.0.0.1. Connection pool size: 16
2026-10-07 17:20:49,312 WARNING urllib3.connectionpool: Connection pool is full, discarding connection: 127.0.0.1. Connection pool size: 16
2026-10-07 17:20:49,323 WARNING urllib3.connectionpool: Connection pool is full, discarding connection: 127.0.0.1. Connection pool size: 16
2026-10-07 17:20:49,337 WARNING urllib3.connectionpool: Connection pool is full, discarding connection: 127.0.0.1. Connection pool size: 16
2026-10-07 17:20:49,339 WARNING urllib3.connectionpool: Connection pool is full, discarding connection: 127.0.0.1. Connection pool size: 16
2026-10-07 17:20:49,340 WARNING urllib3.connectionpool: Connection pool is full, discarding connection: 127.0.0.1. Connection pool size: 16
2026-10-07 17:20:49,340 WARNING urllib3.connectionpool: Connection pool is full, discarding connection: 127.0.0.1. Connection pool size: 16
2026-10-07 17:20:49,375 WARNING urllib3.connectionpool: Connection pool is full, discarding connection: 127.0.0.1. Connection pool size: 16
2026-10-07 17:20:49,376 WARNING urllib3.connectionpool: Connection pool is full, discarding connection: 127.0.0.1. Connection pool size: 16
2026-10-07 17:20:49,435 WARNING urllib3.connectionpool: Connection pool is full, discarding connection: 127.0.0.1. Connection pool size: 16
2026-10-07 17:20:49,444 WARNING urllib3.connectionpool: Connection pool is full, discarding connection: 127.0.0.1. Connection pool size: 16
2026-10-07 17:20:49,465 WARNING urllib3.connectionpool: Connection pool is full, discarding connection: 127.0.0.1. Connection pool size: 16
2026-10-07 17:20:49,494 WARNING urllib3.connectionpool: Connection pool is full, discarding connection: 127.0.0.1. Connection pool size: 16
2026-10-07 17:20:49,546 WARNING urllib3.connectionpool: Connection pool is full, discarding connection: 127.0.0.1. Connection pool size: 16
2026-10-07 17:20:49,546 WARNING urllib3.connectionpool: Connection pool is full, discarding connection: 127.0.0.1. Connection pool size: 16
2026-10-07 17:20:49,546 WARNING urllib3.connectionpool: Connection pool is full, discarding connection: 127.0.0.1. Connection pool size: 16
2026-10-07 17:20:49,546 WARNING urllib3.connectionpool: Connection pool is full, discarding connection: 127.0.0.1. Connection pool size: 16
2026-10-07 17:20:49,547 WARNING urllib3.connectionpool: Connection pool is full, discarding connection: 127.0.0.1. Connection pool size: 16
2026-10-07 17:20:49,547 WARNING urllib3.connectionpool: Connection pool is full, discarding connection: 127.0.0.1. Connection pool size: 16
2026-10-07 17:20:49,596 WARNING urllib3.connectionpool: Connection pool is full, discarding connection: 127.0.0.1. Connection pool size: 16
2026-10-07 17:20:49,598 WARNING urllib3.connectionpool: Connection pool is full, discarding connection: 127.0.0.1. Connection pool size: 16
2026-10-07 17:20:49,604 WARNING urllib3.connectionpool: Connection pool is full, discarding connection: 127.0.0.1. Connection pool size: 16
2026-10-07 17:20:49,604 WARNING urllib3.connectionpool: Connection pool is full, discarding connection: 127.0.0.1. Connection pool size: 16
2026-10-07 17:20:49,607 WARNING urllib3.connectionpool: Connection pool is full, discarding connection: 127.0.0.1. Connection pool size: 16
2026-10-07 17:20:49,607 WARNING urllib3.connectionpool: Connection pool is full, discarding connection: 127.0.0.1. Connection pool size: 16
2026-10-07 17:20:49,617 WARNING urllib3.connectionpool: Connection pool is full, discarding connection: 127.0.0.1. Connection pool size: 16
2026-10-07 17:20:49,624 WARNING urllib3.connectionpool: Connection pool is full, discarding connection: 127.0.0.1. Connection pool size: 16
2026-10-07 17:20:49,624 WARNING urllib3.connectionpool: Connection pool is full, discarding connection: 127.0.0.1. Connection pool size: 16
2026-10-07 17:20:49,624 WARNING urllib3.connectionpool: Connection pool is full, discarding connection: 127.0.0.1. Connection pool size: 16
2026-10-07 17:20:49,625 WARNING urllib3.connectionpool: Connection pool is full, discarding connection: 127.0.0.1. Connection pool size: 16
2026-10-07 17:20:49,682 WARNING urllib3.connectionpool: Connection pool is full, discarding connection: 127.0.0.1. Connection pool size: 16
2026-10-07 17:20:49,683 WARNING urllib3.connectionpool: Connection pool is full, discarding connection: 127.0.0.1. Connection pool size: 16
2026-10-07 17:20:49,684 WARNING urllib3.connectionpool: Connection pool is full, discarding connection: 127.0.0.1. Connection pool size: 16
2026-10-07 17:20:49,684 WARNING urllib3.connectionpool: Connection pool is full, discarding connection: 127.0.0.1. Connection pool size: 16
2026-10-07 17:20:49,685 WARNING urllib3.connectionpool: Connection pool is full, discarding connection: 127.0.0.1. Connection pool size: 16
2026-10-07 17:20:49,685 WARNING urllib3.connectionpool: Connection pool is full, discarding connection: 127.0.0.1. Connection pool size: 16
2026-10-07 17:20:49,685 WARNING urllib3.connectionpool: Connection pool is full, discarding connection: 127.0.0.1. Connection pool size: 16
2026-10-07 17:20:49,721 WARNING urllib3.connectionpool: Connection pool is full, discarding connection: 127.0.0.1. Connection pool size: 16
2026-10-07 17:20:49,736 WARNING urllib3.connectionpool: Connection pool is full, discarding connection: 127.0.0.1. Connection pool size: 16
2026-10-07 17:20:49,743 WARNING urllib3.connectionpool: Connection pool is full, discarding connection: 127.0.0.1. Connection pool size: 16
2026-10-07 17:20:49,764 WARNING urllib3.connectionpool: Connection pool is full, discarding connection: 127.0.0.1. Connection pool size: 16
2026-10-07 17:20:49,766 WARNING urllib3.connectionpool: Connection pool is full, discarding connection: 127.0.0.1. Connection pool size: 16
2026-10-07 17:20:49,797 WARNING urllib3.connectionpool: Connection pool is full, discarding connection: 127.0.0.1. Connection pool size: 16
2026-10-07 17:20:49,798 WARNING urllib3.connectionpool: Connection pool is full, discarding connection: 127.0.0.1. Connection pool size: 16
2026-10-07 17:20:49,810 WARNING urllib3.connectionpool: Connection pool is full, discarding connection: 127.0.0.1. Connection pool size: 16
2026-10-07 17:20:49,821 WARNING urllib3.connectionpool: Connection pool is full, discarding connection: 127.0.0.1. Connection pool size: 16
2026-10-07 17:20:49,825 WARNING urllib3.connectionpool: Connection pool is full, discarding connection: 127.0.0.1. Connection pool size: 16
2026-10-07 17:20:49,828 WARNING urllib3.connectionpool: Connection pool is full, discarding connection: 127.0.0.1. Connection pool size: 16
2026-10-07 17:20:49,838 WARNING urllib3.connectionpool: Connection pool is full, discarding connection: 127.0.0.1. Connection pool size: 16
2026-10-07 17:20:49,841 WARNING urllib3.connectionpool: Connection pool is full, discarding connection: 127.0.0.1. Connection pool size: 16
2026-10-07 17:20:49,842 WARNING urllib3.connectionpool: Connection pool is full, discarding connection: 127.0.0.1. Connection pool size: 16
2026-10-07 17:20:49,842 WARNING urllib3.connectionpool: Connection pool is full, discarding connection: 127.0.0.1. Connection pool size: 16
2026-10-07 17:20:49,844 WARNING urllib3.connectionpool: Connection pool is full, discarding connection: 127.0.0.1. Connection pool size: 16
2026-10-07 17:20:49,845 WARNING urllib3.connectionpool: Connection pool is full, discarding connection: 127.0.0.1. Connection pool size: 16
2026-10-07 17:20:49,847 WARNING urllib3.connectionpool: Connection pool is full, discarding connection: 127.0.0.1. Connection pool size: 16
2026-10-07 17:20:49,850 WARNING urllib3.connectionpool: Connection pool is full, discarding connection: 127.0.0.1. Connection pool size: 16
2026-10-07 17:20:49,860 WARNING urllib3.connectionpool: Connection pool is full, discarding connection: 127.0.0.1. Connection pool size: 16
2026-10-07 17:20:49,865 WARNING urllib3.connectionpool: Connection pool is full, discarding connection: 127.0.0.1. Connection pool size: 16
2026-10-07 17:20:49,866 WARNING urllib3.connectionpool: Connection pool is full, discarding connection: 127.0.0.1. Connection pool size: 16
2026-10-07 17:20:49,869 WARNING urllib3.connectionpool: Connection pool is full, discarding connection: 127.0.0.1. Connection pool size: 16
2026-10-07 17:20:49,878 WARNING urllib3.connectionpool: Connection pool is full, discarding connection: 127.0.0.1. Connection pool size: 16
2026-10-07 17:20:49,881 WARNING urllib3.connectionpool: Connection pool is full, discarding connection: 127.0.0.1. Connection pool size: 16
2026-10-07 17:20:49,894 WARNING urllib3.connectionpool: Connection pool is full, discarding connection: 127.0.0.1. Connection pool size: 16
2026-10-07 17:20:49,928 WARNING urllib3.connectionpool: Connection pool is full, discarding connection: 127.0.0.1. Connection pool size: 16
2026-10-07 17:20:49,929 WARNING urllib3.connectionpool: Connection pool is full, discarding connection: 127.0.0.1. Connection pool size: 16
2026-10-07 17:20:50,067 WARNING urllib3.connectionpool: Connection pool is full, discarding connection: 127.0.0.1. Connection pool size: 16
2026-10-07 17:20:50,067 WARNING urllib3.connectionpool: Connection pool is full, discarding connection: 127.0.0.1. Connection pool size: 16
2026-10-07 17:20:50,067 WARNING urllib3.connectionpool: Connection pool is full, discarding connection: 127.0.0.1. Connection pool size: 16
2026-10-07 17:20:50,068 WARNING urllib3.connectionpool: Connection pool is full, discarding connection: 127.0.0.1. Connection pool size: 16
2026-10-07 17:20:50,322 WARNING urllib3.connectionpool: Connection pool is full, discarding connection: 127.0.0.1. Connection pool size: 16
2026-10-07 17:20:50,361 WARNING urllib3.connectionpool: Connection pool is full, discarding connection: 127.0.0.1. Connection pool size: 16
2026-10-07 17:26:00,169 INFO server: PCB_Ins v2 后台服务启动: http://127.0.0.1:8022
2026-10-07 17:26:01,867 INFO app.core.task_queue: [taskq] 检测任务队列已启动（2 worker）
2026-10-07 17:26:10,492 WARNING urllib3.connectionpool: Connection pool is full, discarding connection: 127.0.0.1. Connection pool size: 16
2026-10-07 17:26:10,532 WARNING urllib3.connectionpool: Connection pool is full, discarding connection: 127.0.0.1. Connection pool size: 16
2026-10-07 17:26:10,536 WARNING urllib3.connectionpool: Connection pool is full, discarding connection: 127.0.0.1. Connection pool size: 16
2026-10-07 17:26:10,537 WARNING urllib3.connectionpool: Connection pool is full, discarding connection: 127.0.0.1. Connection pool size: 16
2026-10-07 17:26:10,553 WARNING urllib3.connectionpool: Connection pool is full, discarding connection: 127.0.0.1. Connection pool size: 16
2026-10-07 17:26:10,617 WARNING urllib3.connectionpool: Connection pool is full, discarding connection: 127.0.0.1. Connection pool size: 16
2026-10-07 17:26:10,617 WARNING urllib3.connectionpool: Connection pool is full, discarding connection: 127.0.0.1. Connection pool size: 16
2026-10-07 17:26:10,618 WARNING urllib3.connectionpool: Connection pool is full, discarding connection: 127.0.0.1. Connection pool size: 16
2026-10-07 17:26:10,618 WARNING urllib3.connectionpool: Connection pool is full, discarding connection: 127.0.0.1. Connection pool size: 16
2026-10-07 17:26:10,618 WARNING urllib3.connectionpool: Connection pool is full, discarding connection: 127.0.0.1. Connection pool size: 16
2026-10-07 17:26:10,634 WARNING urllib3.connectionpool: Connection pool is full, discarding connection: 127.0.0.1. Connection pool size: 16
2026-10-07 17:26:10,652 WARNING urllib3.connectionpool: Connection pool is full, discarding connection: 127.0.0.1. Connection pool size: 16
2026-10-07 17:26:10,652 WARNING urllib3.connectionpool: Connection pool is full, discarding connection: 127.0.0.1. Connection pool size: 16
2026-10-07 17:26:10,670 WARNING urllib3.connectionpool: Connection pool is full, discarding connection: 127.0.0.1. Connection pool size: 16
2026-10-07 17:26:10,687 WARNING urllib3.connectionpool: Connection pool is full, discarding connection: 127.0.0.1. Connection pool size: 16
2026-10-07 17:26:10,687 WARNING urllib3.connectionpool: Connection pool is full, discarding connection: 127.0.0.1. Connection pool size: 16
2026-10-07 17:26:10,734 WARNING urllib3.connectionpool: Connection pool is full, discarding connection: 127.0.0.1. Connection pool size: 16
2026-10-07 17:26:10,734 WARNING urllib3.connectionpool: Connection pool is full, discarding connection: 127.0.0.1. Connection pool size: 16
2026-10-07 17:26:10,735 WARNING urllib3.connectionpool: Connection pool is full, discarding connection: 127.0.0.1. Connection pool size: 16
2026-10-07 17:26:10,735 WARNING urllib3.connectionpool: Connection pool is full, discarding connection: 127.0.0.1. Connection pool size: 16
2026-10-07 17:26:10,743 WARNING urllib3.connectionpool: Connection pool is full, discarding connection: 127.0.0.1. Connection pool size: 16
2026-10-07 17:26:10,773 WARNING urllib3.connectionpool: Connection pool is full, discarding connection: 127.0.0.1. Connection pool size: 16
2026-10-07 17:26:10,798 WARNING urllib3.connectionpool: Connection pool is full, discarding connection: 127.0.0.1. Connection pool size: 16
2026-10-07 17:26:10,798 WARNING urllib3.connectionpool: Connection pool is full, discarding connection: 127.0.0.1. Connection pool size: 16
2026-10-07 17:26:10,866 WARNING urllib3.connectionpool: Connection pool is full, discarding connection: 127.0.0.1. Connection pool size: 16
2026-10-07 17:26:10,867 WARNING urllib3.connectionpool: Connection pool is full, discarding connection: 127.0.0.1. Connection pool size: 16
2026-10-07 17:26:10,868 WARNING urllib3.connectionpool: Connection pool is full, discarding connection: 127.0.0.1. Connection pool size: 16
2026-10-07 17:26:10,869 WARNING urllib3.connectionpool: Connection pool is full, discarding connection: 127.0.0.1. Connection pool size: 16
2026-10-07 17:26:10,883 WARNING urllib3.connectionpool: Connection pool is full, discarding connection: 127.0.0.1. Connection pool size: 16
2026-10-07 17:26:10,883 WARNING urllib3.connectionpool: Connection pool is full, discarding connection: 127.0.0.1. Connection pool size: 16
2026-10-07 17:26:10,890 WARNING urllib3.connectionpool: Connection pool is full, discarding connection: 127.0.0.1. Connection pool size: 16
2026-10-07 17:26:10,890 WARNING urllib3.connectionpool: Connection pool is full, discarding connection: 127.0.0.1. Connection pool size: 16
2026-10-07 17:26:10,896 WARNING urllib3.connectionpool: Connection pool is full, discarding connection: 127.0.0.1. Connection pool size: 16
2026-10-07 17:26:10,897 WARNING urllib3.connectionpool: Connection pool is full, discarding connection: 127.0.0.1. Connection pool size: 16
2026-10-07 17:26:10,897 WARNING urllib3.connectionpool: Connection pool is full, discarding connection: 127.0.0.1. Connection pool size: 16
2026-10-07 17:26:10,897 WARNING urllib3.connectionpool: Connection pool is full, discarding connection: 127.0.0.1. Connection pool size: 16
2026-10-07 17:26:10,898 WARNING urllib3.connectionpool: Connection pool is full, discarding connection: 127.0.0.1. Connection pool size: 16
2026-10-07 17:26:10,898 WARNING urllib3.connectionpool: Connection pool is full, discarding connection: 127.0.0.1. Connection pool size: 16
2026-10-07 17:26:10,903 WARNING urllib3.connectionpool: Connection pool is full, discarding connection: 127.0.0.1. Connection pool size: 16
2026-10-07 17:26:10,922 WARNING urllib3.connectionpool: Connection pool is full, discarding connection: 127.0.0.1. Connection pool size: 16
2026-10-07 17:26:10,948 WARNING urllib3.connectionpool: Connection pool is full, discarding connection: 127.0.0.1. Connection pool size: 16
2026-10-07 17:26:10,980 WARNING urllib3.connectionpool: Connection pool is full, discarding connection: 127.0.0.1. Connection pool size: 16
2026-10-07 17:26:10,981 WARNING urllib3.connectionpool: Connection pool is full, discarding connection: 127.0.0.1. Connection pool size: 16
2026-10-07 17:26:10,981 WARNING urllib3.connectionpool: Connection pool is full, discarding connection: 127.0.0.1. Connection pool size: 16
2026-10-07 17:26:11,000 WARNING urllib3.connectionpool: Connection pool is full, discarding connection: 127.0.0.1. Connection pool size: 16
2026-10-07 17:26:11,002 WARNING urllib3.connectionpool: Connection pool is full, discarding connection: 127.0.0.1. Connection pool size: 16
2026-10-07 17:26:11,010 WARNING urllib3.connectionpool: Connection pool is full, discarding connection: 127.0.0.1. Connection pool size: 16
2026-10-07 17:26:11,014 WARNING urllib3.connectionpool: Connection pool is full, discarding connection: 127.0.0.1. Connection pool size: 16
2026-10-07 17:26:11,042 WARNING urllib3.connectionpool: Connection pool is full, discarding connection: 127.0.0.1. Connection pool size: 16
2026-10-07 17:26:11,050 WARNING urllib3.connectionpool: Connection pool is full, discarding connection: 127.0.0.1. Connection pool size: 16
2026-10-07 17:26:11,053 WARNING urllib3.connectionpool: Connection pool is full, discarding connection: 127.0.0.1. Connection pool size: 16
2026-10-07 17:26:11,074 WARNING urllib3.connectionpool: Connection pool is full, discarding connection: 127.0.0.1. Connection pool size: 16
2026-10-07 17:26:11,114 WARNING urllib3.connectionpool: Connection pool is full, discarding connection: 127.0.0.1. Connection pool size: 16
2026-10-07 17:26:11,130 WARNING urllib3.connectionpool: Connection pool is full, discarding connection: 127.0.0.1. Connection pool size: 16
2026-10-07 17:26:11,143 WARNING urllib3.connectionpool: Connection pool is full, discarding connection: 127.0.0.1. Connection pool size: 16
2026-10-07 17:26:11,151 WARNING urllib3.connectionpool: Connection pool is full, discarding connection: 127.0.0.1. Connection pool size: 16
2026-10-07 17:26:11,157 WARNING urllib3.connectionpool: Connection pool is full, discarding connection: 127.0.0.1. Connection pool size: 16
2026-10-07 17:26:11,157 WARNING urllib3.connectionpool: Connection pool is full, discarding connection: 127.0.0.1. Connection pool size: 16
2026-10-07 17:26:11,158 WARNING urllib3.connectionpool: Connection pool is full, discarding connection: 127.0.0.1. Connection pool size: 16
2026-10-07 17:26:11,158 WARNING urllib3.connectionpool: Connection pool is full, discarding connection: 127.0.0.1. Connection pool size: 16
2026-10-07 17:26:11,167 WARNING urllib3.connectionpool: Connection pool is full, discarding connection: 127.0.0.1. Connection pool size: 16
2026-10-07 17:26:11,167 WARNING urllib3.connectionpool: Connection pool is full, discarding connection: 127.0.0.1. Connection pool size: 16
2026-10-07 17:26:11,177 WARNING urllib3.connectionpool: Connection pool is full, discarding connection: 127.0.0.1. Connection pool size: 16
2026-10-07 17:26:11,179 WARNING urllib3.connectionpool: Connection pool is full, discarding connection: 127.0.0.1. Connection pool size: 16
2026-10-07 17:26:11,188 WARNING urllib3.connectionpool: Connection pool is full, discarding connection: 127.0.0.1. Connection pool size: 16
2026-10-07 17:26:11,188 WARNING urllib3.connectionpool: Connection pool is full, discarding connection: 127.0.0.1. Connection pool size: 16
2026-10-07 17:26:11,192 WARNING urllib3.connectionpool: Connection pool is full, discarding connection: 127.0.0.1. Connection pool size: 16
2026-10-07 17:26:11,192 WARNING urllib3.connectionpool: Connection pool is full, discarding connection: 127.0.0.1. Connection pool size: 16
2026-10-07 17:26:11,248 WARNING urllib3.connectionpool: Connection pool is full, discarding connection: 127.0.0.1. Connection pool size: 16
2026-10-07 17:26:11,248 WARNING urllib3.connectionpool: Connection pool is full, discarding connection: 127.0.0.1. Connection pool size: 16
2026-10-07 17:26:11,248 WARNING urllib3.connectionpool: Connection pool is full, discarding connection: 127.0.0.1. Connection pool size: 16
2026-10-07 17:26:11,248 WARNING urllib3.connectionpool: Connection pool is full, discarding connection: 127.0.0.1. Connection pool size: 16
2026-10-07 17:26:11,250 WARNING urllib3.connectionpool: Connection pool is full, discarding connection: 127.0.0.1. Connection pool size: 16
2026-10-07 17:26:11,250 WARNING urllib3.connectionpool: Connection pool is full, discarding connection: 127.0.0.1. Connection pool size: 16
2026-10-07 17:26:11,250 WARNING urllib3.connectionpool: Connection pool is full, discarding connection: 127.0.0.1. Connection pool size: 16
2026-10-07 17:26:11,251 WARNING urllib3.connectionpool: Connection pool is full, discarding connection: 127.0.0.1. Connection pool size: 16
2026-10-07 17:26:11,251 WARNING urllib3.connectionpool: Connection pool is full, discarding connection: 127.0.0.1. Connection pool size: 16
2026-10-07 17:26:11,251 WARNING urllib3.connectionpool: Connection pool is full, discarding connection: 127.0.0.1. Connection pool size: 16
2026-10-07 17:26:11,264 WARNING urllib3.connectionpool: Connection pool is full, discarding connection: 127.0.0.1. Connection pool size: 16
2026-10-07 17:26:11,287 WARNING urllib3.connectionpool: Connection pool is full, discarding connection: 127.0.0.1. Connection pool size: 16
2026-10-07 17:26:11,294 WARNING urllib3.connectionpool: Connection pool is full, discarding connection: 127.0.0.1. Connection pool size: 16
2026-10-07 17:26:11,303 WARNING urllib3.connectionpool: Connection pool is full, discarding connection: 127.0.0.1. Connection pool size: 16
2026-10-07 17:26:11,304 WARNING urllib3.connectionpool: Connection pool is full, discarding connection: 127.0.0.1. Connection pool size: 16
2026-10-07 17:26:11,327 WARNING urllib3.connectionpool: Connection pool is full, discarding connection: 127.0.0.1. Connection pool size: 16
2026-10-07 17:26:11,367 WARNING urllib3.connectionpool: Connection pool is full, discarding connection: 127.0.0.1. Connection pool size: 16
2026-10-07 17:26:11,368 WARNING urllib3.connectionpool: Connection pool is full, discarding connection: 127.0.0.1. Connection pool size: 16
2026-10-07 17:26:11,368 WARNING urllib3.connectionpool: Connection pool is full, discarding connection: 127.0.0.1. Connection pool size: 16
2026-10-07 17:26:11,368 WARNING urllib3.connectionpool: Connection pool is full, discarding connection: 127.0.0.1. Connection pool size: 16
2026-10-07 17:26:11,369 WARNING urllib3.connectionpool: Connection pool is full, discarding connection: 127.0.0.1. Connection pool size: 16
2026-10-07 17:26:11,498 WARNING urllib3.connectionpool: Connection pool is full, discarding connection: 127.0.0.1. Connection pool size: 16
2026-10-07 17:26:11,499 WARNING urllib3.connectionpool: Connection pool is full, discarding connection: 127.0.0.1. Connection pool size: 16
2026-10-07 17:26:11,505 WARNING urllib3.connectionpool: Connection pool is full, discarding connection: 127.0.0.1. Connection pool size: 14
2026-10-07 17:31:28,270 INFO server: PCB_Ins v2 后台服务启动: http://127.0.0.1:8022
2026-10-07 17:31:29,993 INFO app.core.task_queue: [taskq] 检测任务队列已启动（2 worker）
2026-10-07 17:31:38,528 WARNING urllib3.connectionpool: Connection pool is full, discarding connection: 127.0.0.1. Connection pool size: 16
2026-10-07 17:31:38,528 WARNING urllib3.connectionpool: Connection pool is full, discarding connection: 127.0.0.1. Connection pool size: 16
2026-10-07 17:31:38,529 WARNING urllib3.connectionpool: Connection pool is full, discarding connection: 127.0.0.1. Connection pool size: 16
2026-10-07 17:31:38,538 WARNING urllib3.connectionpool: Connection pool is full, discarding connection: 127.0.0.1. Connection pool size: 16
2026-10-07 17:31:38,538 WARNING urllib3.connectionpool: Connection pool is full, discarding connection: 127.0.0.1. Connection pool size: 16
2026-10-07 17:31:38,566 WARNING urllib3.connectionpool: Connection pool is full, discarding connection: 127.0.0.1. Connection pool size: 16
2026-10-07 17:31:38,566 WARNING urllib3.connectionpool: Connection pool is full, discarding connection: 127.0.0.1. Connection pool size: 16
2026-10-07 17:31:38,582 WARNING urllib3.connectionpool: Connection pool is full, discarding connection: 127.0.0.1. Connection pool size: 16
2026-10-07 17:31:38,582 WARNING urllib3.connectionpool: Connection pool is full, discarding connection: 127.0.0.1. Connection pool size: 16
2026-10-07 17:31:38,603 WARNING urllib3.connectionpool: Connection pool is full, discarding connection: 127.0.0.1. Connection pool size: 16
2026-10-07 17:31:38,608 WARNING urllib3.connectionpool: Connection pool is full, discarding connection: 127.0.0.1. Connection pool size: 16
2026-10-07 17:31:38,612 WARNING urllib3.connectionpool: Connection pool is full, discarding connection: 127.0.0.1. Connection pool size: 16
2026-10-07 17:31:38,649 WARNING urllib3.connectionpool: Connection pool is full, discarding connection: 127.0.0.1. Connection pool size: 16
2026-10-07 17:31:38,650 WARNING urllib3.connectionpool: Connection pool is full, discarding connection: 127.0.0.1. Connection pool size: 16
2026-10-07 17:31:38,650 WARNING urllib3.connectionpool: Connection pool is full, discarding connection: 127.0.0.1. Connection pool size: 16
2026-10-07 17:31:38,650 WARNING urllib3.connectionpool: Connection pool is full, discarding connection: 127.0.0.1. Connection pool size: 16
2026-10-07 17:31:38,651 WARNING urllib3.connectionpool: Connection pool is full, discarding connection: 127.0.0.1. Connection pool size: 16
2026-10-07 17:31:38,652 WARNING urllib3.connectionpool: Connection pool is full, discarding connection: 127.0.0.1. Connection pool size: 16
2026-10-07 17:31:38,684 WARNING urllib3.connectionpool: Connection pool is full, discarding connection: 127.0.0.1. Connection pool size: 16
2026-10-07 17:31:38,694 WARNING urllib3.connectionpool: Connection pool is full, discarding connection: 127.0.0.1. Connection pool size: 16
2026-10-07 17:31:38,694 WARNING urllib3.connectionpool: Connection pool is full, discarding connection: 127.0.0.1. Connection pool size: 16
2026-10-07 17:31:38,698 WARNING urllib3.connectionpool: Connection pool is full, discarding connection: 127.0.0.1. Connection pool size: 16
2026-10-07 17:31:38,709 WARNING urllib3.connectionpool: Connection pool is full, discarding connection: 127.0.0.1. Connection pool size: 16
2026-10-07 17:31:38,716 WARNING urllib3.connectionpool: Connection pool is full, discarding connection: 127.0.0.1. Connection pool size: 16
2026-10-07 17:31:38,729 WARNING urllib3.connectionpool: Connection pool is full, discarding connection: 127.0.0.1. Connection pool size: 16
2026-10-07 17:31:38,797 WARNING urllib3.connectionpool: Connection pool is full, discarding connection: 127.0.0.1. Connection pool size: 16
2026-10-07 17:31:38,798 WARNING urllib3.connectionpool: Connection pool is full, discarding connection: 127.0.0.1. Connection pool size: 16
2026-10-07 17:31:38,798 WARNING urllib3.connectionpool: Connection pool is full, discarding connection: 127.0.0.1. Connection pool size: 16
2026-10-07 17:31:38,798 WARNING urllib3.connectionpool: Connection pool is full, discarding connection: 127.0.0.1. Connection pool size: 16
2026-10-07 17:31:38,848 WARNING urllib3.connectionpool: Connection pool is full, discarding connection: 127.0.0.1. Connection pool size: 16
2026-10-07 17:31:38,848 WARNING urllib3.connectionpool: Connection pool is full, discarding connection: 127.0.0.1. Connection pool size: 16
2026-10-07 17:31:38,861 WARNING urllib3.connectionpool: Connection pool is full, discarding connection: 127.0.0.1. Connection pool size: 16
2026-10-07 17:31:38,861 WARNING urllib3.connectionpool: Connection pool is full, discarding connection: 127.0.0.1. Connection pool size: 16
2026-10-07 17:31:38,862 WARNING urllib3.connectionpool: Connection pool is full, discarding connection: 127.0.0.1. Connection pool size: 16
2026-10-07 17:31:38,862 WARNING urllib3.connectionpool: Connection pool is full, discarding connection: 127.0.0.1. Connection pool size: 16
2026-10-07 17:31:38,862 WARNING urllib3.connectionpool: Connection pool is full, discarding connection: 127.0.0.1. Connection pool size: 16
2026-10-07 17:31:38,862 WARNING urllib3.connectionpool: Connection pool is full, discarding connection: 127.0.0.1. Connection pool size: 16
2026-10-07 17:31:38,862 WARNING urllib3.connectionpool: Connection pool is full, discarding connection: 127.0.0.1. Connection pool size: 16
2026-10-07 17:31:38,863 WARNING urllib3.connectionpool: Connection pool is full, discarding connection: 127.0.0.1. Connection pool size: 16
2026-10-07 17:31:38,863 WARNING urllib3.connectionpool: Connection pool is full, discarding connection: 127.0.0.1. Connection pool size: 16
2026-10-07 17:31:39,046 WARNING urllib3.connectionpool: Connection pool is full, discarding connection: 127.0.0.1. Connection pool size: 16
2026-10-07 17:31:39,046 WARNING urllib3.connectionpool: Connection pool is full, discarding connection: 127.0.0.1. Connection pool size: 16
2026-10-07 17:31:39,046 WARNING urllib3.connectionpool: Connection pool is full, discarding connection: 127.0.0.1. Connection pool size: 16
2026-10-07 17:31:39,046 WARNING urllib3.connectionpool: Connection pool is full, discarding connection: 127.0.0.1. Connection pool size: 16
2026-10-07 17:31:39,047 WARNING urllib3.connectionpool: Connection pool is full, discarding connection: 127.0.0.1. Connection pool size: 16
2026-10-07 17:31:39,047 WARNING urllib3.connectionpool: Connection pool is full, discarding connection: 127.0.0.1. Connection pool size: 16
2026-10-07 17:31:39,048 WARNING urllib3.connectionpool: Connection pool is full, discarding connection: 127.0.0.1. Connection pool size: 16
2026-10-07 17:31:39,048 WARNING urllib3.connectionpool: Connection pool is full, discarding connection: 127.0.0.1. Connection pool size: 16
2026-10-07 17:31:39,071 WARNING urllib3.connectionpool: Connection pool is full, discarding connection: 127.0.0.1. Connection pool size: 16
2026-10-07 17:31:39,082 WARNING urllib3.connectionpool: Connection pool is full, discarding connection: 127.0.0.1. Connection pool size: 16
2026-10-07 17:31:39,086 WARNING urllib3.connectionpool: Connection pool is full, discarding connection: 127.0.0.1. Connection pool size: 16
2026-10-07 17:31:39,088 WARNING urllib3.connectionpool: Connection pool is full, discarding connection: 127.0.0.1. Connection pool size: 16
2026-10-07 17:31:39,089 WARNING urllib3.connectionpool: Connection pool is full, discarding connection: 127.0.0.1. Connection pool size: 16
2026-10-07 17:31:39,089 WARNING urllib3.connectionpool: Connection pool is full, discarding connection: 127.0.0.1. Connection pool size: 16
2026-10-07 17:31:39,096 WARNING urllib3.connectionpool: Connection pool is full, discarding connection: 127.0.0.1. Connection pool size: 16
2026-10-07 17:31:39,097 WARNING urllib3.connectionpool: Connection pool is full, discarding connection: 127.0.0.1. Connection pool size: 16
2026-10-07 17:31:39,100 WARNING urllib3.connectionpool: Connection pool is full, discarding connection: 127.0.0.1. Connection pool size: 16
2026-10-07 17:31:39,101 WARNING urllib3.connectionpool: Connection pool is full, discarding connection: 127.0.0.1. Connection pool size: 16
2026-10-07 17:31:39,106 WARNING urllib3.connectionpool: Connection pool is full, discarding connection: 127.0.0.1. Connection pool size: 16
2026-10-07 17:31:39,129 WARNING urllib3.connectionpool: Connection pool is full, discarding connection: 127.0.0.1. Connection pool size: 16
2026-10-07 17:31:39,129 WARNING urllib3.connectionpool: Connection pool is full, discarding connection: 127.0.0.1. Connection pool size: 16
2026-10-07 17:31:39,164 WARNING urllib3.connectionpool: Connection pool is full, discarding connection: 127.0.0.1. Connection pool size: 16
2026-10-07 17:31:39,164 WARNING urllib3.connectionpool: Connection pool is full, discarding connection: 127.0.0.1. Connection pool size: 16
2026-10-07 17:31:39,165 WARNING urllib3.connectionpool: Connection pool is full, discarding connection: 127.0.0.1. Connection pool size: 16
2026-10-07 17:31:39,165 WARNING urllib3.connectionpool: Connection pool is full, discarding connection: 127.0.0.1. Connection pool size: 16
2026-10-07 17:31:39,165 WARNING urllib3.connectionpool: Connection pool is full, discarding connection: 127.0.0.1. Connection pool size: 16
2026-10-07 17:31:39,165 WARNING urllib3.connectionpool: Connection pool is full, discarding connection: 127.0.0.1. Connection pool size: 16
2026-10-07 17:31:39,166 WARNING urllib3.connectionpool: Connection pool is full, discarding connection: 127.0.0.1. Connection pool size: 16
2026-10-07 17:31:39,190 WARNING urllib3.connectionpool: Connection pool is full, discarding connection: 127.0.0.1. Connection pool size: 16
2026-10-07 17:31:39,198 WARNING urllib3.connectionpool: Connection pool is full, discarding connection: 127.0.0.1. Connection pool size: 16
2026-10-07 17:31:39,204 WARNING urllib3.connectionpool: Connection pool is full, discarding connection: 127.0.0.1. Connection pool size: 16
2026-10-07 17:31:39,223 WARNING urllib3.connectionpool: Connection pool is full, discarding connection: 127.0.0.1. Connection pool size: 16
2026-10-07 17:31:39,229 WARNING urllib3.connectionpool: Connection pool is full, discarding connection: 127.0.0.1. Connection pool size: 16
2026-10-07 17:31:39,232 WARNING urllib3.connectionpool: Connection pool is full, discarding connection: 127.0.0.1. Connection pool size: 16
2026-10-07 17:31:39,239 WARNING urllib3.connectionpool: Connection pool is full, discarding connection: 127.0.0.1. Connection pool size: 16
2026-10-07 17:31:39,245 WARNING urllib3.connectionpool: Connection pool is full, discarding connection: 127.0.0.1. Connection pool size: 16
2026-10-07 17:31:39,254 WARNING urllib3.connectionpool: Connection pool is full, discarding connection: 127.0.0.1. Connection pool size: 16
2026-10-07 17:31:39,259 WARNING urllib3.connectionpool: Connection pool is full, discarding connection: 127.0.0.1. Connection pool size: 16
2026-10-07 17:31:39,296 WARNING urllib3.connectionpool: Connection pool is full, discarding connection: 127.0.0.1. Connection pool size: 16
2026-10-07 17:31:39,296 WARNING urllib3.connectionpool: Connection pool is full, discarding connection: 127.0.0.1. Connection pool size: 16
2026-10-07 17:31:39,296 WARNING urllib3.connectionpool: Connection pool is full, discarding connection: 127.0.0.1. Connection pool size: 15
2026-10-07 17:31:39,296 WARNING urllib3.connectionpool: Connection pool is full, discarding connection: 127.0.0.1. Connection pool size: 16
2026-10-07 17:31:39,297 WARNING urllib3.connectionpool: Connection pool is full, discarding connection: 127.0.0.1. Connection pool size: 16
2026-10-07 17:31:39,416 WARNING urllib3.connectionpool: Connection pool is full, discarding connection: 127.0.0.1. Connection pool size: 16
2026-10-07 17:31:39,417 WARNING urllib3.connectionpool: Connection pool is full, discarding connection: 127.0.0.1. Connection pool size: 16
2026-10-07 17:31:39,546 WARNING urllib3.connectionpool: Connection pool is full, discarding connection: 127.0.0.1. Connection pool size: 16
2026-10-07 17:31:39,546 WARNING urllib3.connectionpool: Connection pool is full, discarding connection: 127.0.0.1. Connection pool size: 16
2026-10-07 17:31:39,755 WARNING urllib3.connectionpool: Connection pool is full, discarding connection: 127.0.0.1. Connection pool size: 16
2026-10-07 17:31:39,758 WARNING urllib3.connectionpool: Connection pool is full, discarding connection: 127.0.0.1. Connection pool size: 16
2026-10-09 10:03:53,858 INFO server: PCB_Ins v2 后台服务启动: http://127.0.0.1:8022
2026-10-09 10:03:55,811 INFO app.core.task_queue: [taskq] 检测任务队列已启动（2 worker）
2026-10-09 10:03:55,996 INFO app.core.aoi_core_launcher: 已拉起 AOI_Core 子进程 pid=19348
2026-10-09 10:04:12,895 WARNING urllib3.connectionpool: Connection pool is full, discarding connection: 127.0.0.1. Connection pool size: 16
2026-10-09 10:04:12,905 WARNING urllib3.connectionpool: Connection pool is full, discarding connection: 127.0.0.1. Connection pool size: 16
2026-10-09 10:04:12,910 WARNING urllib3.connectionpool: Connection pool is full, discarding connection: 127.0.0.1. Connection pool size: 16
2026-10-09 10:04:12,911 WARNING urllib3.connectionpool: Connection pool is full, discarding connection: 127.0.0.1. Connection pool size: 16
2026-10-09 10:04:12,918 WARNING urllib3.connectionpool: Connection pool is full, discarding connection: 127.0.0.1. Connection pool size: 16
2026-10-09 10:04:12,920 WARNING urllib3.connectionpool: Connection pool is full, discarding connection: 127.0.0.1. Connection pool size: 16
2026-10-09 10:04:12,933 WARNING urllib3.connectionpool: Connection pool is full, discarding connection: 127.0.0.1. Connection pool size: 16
2026-10-09 10:04:12,935 WARNING urllib3.connectionpool: Connection pool is full, discarding connection: 127.0.0.1. Connection pool size: 16
2026-10-09 10:04:12,939 WARNING urllib3.connectionpool: Connection pool is full, discarding connection: 127.0.0.1. Connection pool size: 16
2026-10-09 10:04:12,940 WARNING urllib3.connectionpool: Connection pool is full, discarding connection: 127.0.0.1. Connection pool size: 16
2026-10-09 10:04:12,964 WARNING urllib3.connectionpool: Connection pool is full, discarding connection: 127.0.0.1. Connection pool size: 16
2026-10-09 10:04:12,968 WARNING urllib3.connectionpool: Connection pool is full, discarding connection: 127.0.0.1. Connection pool size: 16
2026-10-09 10:04:12,976 WARNING urllib3.connectionpool: Connection pool is full, discarding connection: 127.0.0.1. Connection pool size: 16
2026-10-09 10:04:12,976 WARNING urllib3.connectionpool: Connection pool is full, discarding connection: 127.0.0.1. Connection pool size: 16
2026-10-09 10:04:13,176 WARNING urllib3.connectionpool: Connection pool is full, discarding connection: 127.0.0.1. Connection pool size: 16
2026-10-09 10:04:13,365 WARNING urllib3.connectionpool: Connection pool is full, discarding connection: 127.0.0.1. Connection pool size: 16
2026-10-09 10:04:13,374 WARNING urllib3.connectionpool: Connection pool is full, discarding connection: 127.0.0.1. Connection pool size: 16
2026-10-09 10:04:13,384 WARNING urllib3.connectionpool: Connection pool is full, discarding connection: 127.0.0.1. Connection pool size: 16
2026-10-09 10:04:13,388 WARNING urllib3.connectionpool: Connection pool is full, discarding connection: 127.0.0.1. Connection pool size: 16
2026-10-09 10:04:13,393 WARNING urllib3.connectionpool: Connection pool is full, discarding connection: 127.0.0.1. Connection pool size: 16
2026-10-09 10:04:13,400 WARNING urllib3.connectionpool: Connection pool is full, discarding connection: 127.0.0.1. Connection pool size: 16
